post,file,classification,destination_category,confidence,action
2021-12-28_CYAu_IoJ66w,daikuinterior_CYAu_IoJ66w_0.jpg,furnitur-detail,furnitur-detail,0.4794,moved
2021-12-28_CYAvAQrJLAC,daikuinterior_CYAvAQrJLAC_0.jpg,furnitur-detail,furnitur-detail,0.9157,moved
2021-12-28_CYBj3X8p4XA,daikuinterior_CYBj3X8p4XA_0.jpg,furnitur-detail,furnitur-detail,0.8618,moved
2021-12-28_CYBO-4up-hX,daikuinterior_CYBO-4up-hX_0.jpg,furnitur-detail,furnitur-detail,0.951,moved
2021-12-28_CYBPDyvpniJ,daikuinterior_CYBPDyvpniJ_0.jpg,furnitur-detail,furnitur-detail,0.5088,moved
2021-12-29_CYDZbwTp1oj,daikuinterior_CYDZbwTp1oj_0.jpg,ruang-usaha,ruang-usaha,0.9641,moved
2021-12-29_CYDZbwTp1oj,daikuinterior_CYDZbwTp1oj_1.jpg,ruang-usaha,ruang-usaha,0.6686,moved
2021-12-30_CYGNl_0p_4T,daikuinterior_CYGNl_0p_4T_0.jpg,furnitur-detail,furnitur-detail,0.9362,moved
2021-12-30_CYGPEahp4lM,daikuinterior_CYGPEahp4lM_0.jpg,foto-orang,foto-orang,0.6992,moved
2021-12-30_CYGPEahp4lM,daikuinterior_CYGPEahp4lM_1.jpg,perlu-ditinjau,perlu-ditinjau,0.3,moved
2021-12-30_CYGPEahp4lM,daikuinterior_CYGPEahp4lM_2.jpg,ruang-usaha,ruang-usaha,0.6371,moved
2021-12-30_CYGPEahp4lM,daikuinterior_CYGPEahp4lM_3.jpg,foto-orang,foto-orang,0.3568,moved
2021-12-30_CYGPEahp4lM,daikuinterior_CYGPEahp4lM_4.jpg,foto-orang,foto-orang,0.5153,moved
2021-12-30_CYGPEahp4lM,daikuinterior_CYGPEahp4lM_5.jpg,foto-orang,foto-orang,0.3847,moved
2022-01-03_CYQe67OpfDY,daikuinterior_CYQe67OpfDY_0.jpg,furnitur-detail,furnitur-detail,0.5823,moved
2022-01-03_CYQevLUp9pI,daikuinterior_CYQevLUp9pI_0.jpg,kamar-mandi,kamar-mandi,0.5278,moved
2022-01-03_CYQLkJXpfTR,daikuinterior_CYQLkJXpfTR_0.jpg,furnitur-detail,furnitur-detail,0.9482,moved
2022-01-03_CYQxP-vJyBN,daikuinterior_CYQxP-vJyBN_0.jpg,furnitur-detail,furnitur-detail,0.7778,moved
2022-01-03_CYQxTt7Jgol,daikuinterior_CYQxTt7Jgol_0.jpg,furnitur-detail,furnitur-detail,0.5514,moved
2022-01-04_CYSjk5VpOL5,daikuinterior_CYSjk5VpOL5_0.jpg,furnitur-detail,furnitur-detail,0.6412,moved
2022-01-04_CYSjP7kpcb8,daikuinterior_CYSjP7kpcb8_0.jpg,furnitur-detail,furnitur-detail,0.612,moved
2022-01-04_CYSn99DJVhx,daikuinterior_CYSn99DJVhx_0.jpg,dapur,dapur,0.9834,moved
2022-01-04_CYTCmFAJsT_,daikuinterior_CYTCmFAJsT__0.jpg,ruang-keluarga,ruang-keluarga,0.7521,moved
2022-01-04_CYTCoHLpx4C,daikuinterior_CYTCoHLpx4C_0.jpg,furnitur-detail,furnitur-detail,0.8754,moved
2022-01-04_CYTCp7lJPwq,daikuinterior_CYTCp7lJPwq_0.jpg,furnitur-detail,furnitur-detail,0.834,moved
2022-01-04_CYTLRZVJrjP,daikuinterior_CYTLRZVJrjP_0.jpg,furnitur-detail,furnitur-detail,0.5163,moved
2022-01-05_CYVLoATJk-n,daikuinterior_CYVLoATJk-n_0.jpg,furnitur-detail,furnitur-detail,0.9494,moved
2022-01-05_CYVLtd-ps00,daikuinterior_CYVLtd-ps00_0.jpg,ruang-usaha,ruang-usaha,0.9963,moved
2022-01-06_CYYxSMbpBC4,daikuinterior_CYYxSMbpBC4_0.jpg,furnitur-detail,furnitur-detail,0.9129,moved
2022-01-07_CYahTiDp8FX,daikuinterior_CYahTiDp8FX_0.jpg,kamar-tidur,kamar-tidur,0.847,moved
2022-01-07_CYataBJpfkC,daikuinterior_CYataBJpfkC_0.jpg,kamar-mandi,kamar-mandi,0.4695,moved
2022-01-07_CYaXe34JCPe,daikuinterior_CYaXe34JCPe_0.jpg,kamar-mandi,kamar-mandi,0.7189,moved
2022-01-07_CYaXzLxpWeD,daikuinterior_CYaXzLxpWeD_0.jpg,kamar-tidur,kamar-tidur,0.9141,moved
2022-01-10_CYh-iO7pcIZ,daikuinterior_CYh-iO7pcIZ_0.jpg,furnitur-detail,furnitur-detail,0.8158,moved
2022-01-10_CYh-quhJtwl,daikuinterior_CYh-quhJtwl_0.jpg,furnitur-detail,furnitur-detail,0.6635,moved
2022-01-10_CYh_Sn0pX5p,daikuinterior_CYh_Sn0pX5p_0.jpg,furnitur-detail,furnitur-detail,0.9138,moved
2022-01-10_CYievz8pIDv,daikuinterior_CYievz8pIDv_0.jpg,furnitur-detail,furnitur-detail,0.8844,moved
2022-01-10_CYiJ3MgJUAA,daikuinterior_CYiJ3MgJUAA_0.jpg,furnitur-detail,furnitur-detail,0.7009,moved
2022-01-10_CYiJ3MgJUAA,daikuinterior_CYiJ3MgJUAA_1.jpg,furnitur-detail,furnitur-detail,0.7512,moved
2022-01-10_CYiKGXFJfZh,daikuinterior_CYiKGXFJfZh_0.jpg,kamar-tidur,kamar-tidur,0.6159,moved
2022-01-10_CYiKGXFJfZh,daikuinterior_CYiKGXFJfZh_1.jpg,furnitur-detail,kamar-tidur,0.6889,moved
2022-01-10_CYiKGXFJfZh,daikuinterior_CYiKGXFJfZh_2.jpg,furnitur-detail,kamar-tidur,0.4012,moved
2022-01-10_CYiKGXFJfZh,daikuinterior_CYiKGXFJfZh_3.jpg,kamar-tidur,kamar-tidur,0.6503,moved
2022-01-10_CYjSzGYpkdf,daikuinterior_CYjSzGYpkdf_0.jpg,furnitur-detail,furnitur-detail,0.8886,moved
2022-01-10_CYjTAAqpVSi,daikuinterior_CYjTAAqpVSi_0.jpg,dapur,dapur,0.8002,moved
2022-01-11_CYk8_MfJ1qH,daikuinterior_CYk8_MfJ1qH_0.jpg,furnitur-detail,furnitur-detail,0.8768,moved
2022-01-11_CYlVfuSJJMp,daikuinterior_CYlVfuSJJMp_0.jpg,kamar-tidur,kamar-tidur,0.618,moved
2022-01-11_CYlVQRrJ2bj,daikuinterior_CYlVQRrJ2bj_0.jpg,furnitur-detail,furnitur-detail,0.605,moved
2022-01-14_CYsXnntJHwJ,daikuinterior_CYsXnntJHwJ_0.jpg,foto-orang,foto-orang,0.7681,moved
2022-01-15_CYvewYiJJVg,daikuinterior_CYvewYiJJVg_0.jpg,perlu-ditinjau,perlu-ditinjau,0.3282,moved
2022-01-15_CYvewYiJJVg,daikuinterior_CYvewYiJJVg_1.jpg,ruang-usaha,ruang-usaha,0.7097,moved
2022-01-15_CYvewYiJJVg,daikuinterior_CYvewYiJJVg_2.jpg,foto-orang,foto-orang,0.4279,moved
2022-01-15_CYvewYiJJVg,daikuinterior_CYvewYiJJVg_3.jpg,perlu-ditinjau,perlu-ditinjau,0.2789,moved
2022-01-15_CYvLpusp7EA,daikuinterior_CYvLpusp7EA_0.jpg,foto-orang,foto-orang,0.5171,moved
2022-01-15_CYvLpusp7EA,daikuinterior_CYvLpusp7EA_1.jpg,kamar-mandi,kamar-mandi,0.8278,moved
2022-01-15_CYvLpusp7EA,daikuinterior_CYvLpusp7EA_2.jpg,foto-orang,foto-orang,0.3651,moved
2022-01-15_CYvLpusp7EA,daikuinterior_CYvLpusp7EA_3.jpg,foto-orang,foto-orang,0.4291,moved
2022-01-15_CYvLpusp7EA,daikuinterior_CYvLpusp7EA_4.jpg,perlu-ditinjau,perlu-ditinjau,0.3438,moved
2022-01-15_CYvLpusp7EA,daikuinterior_CYvLpusp7EA_5.jpg,perlu-ditinjau,perlu-ditinjau,0.6068,moved
2022-01-15_CYvLpusp7EA,daikuinterior_CYvLpusp7EA_6.jpg,perlu-ditinjau,perlu-ditinjau,0.3165,moved
2022-01-15_CYvLpusp7EA,daikuinterior_CYvLpusp7EA_7.jpg,foto-orang,foto-orang,0.5039,moved
2022-01-15_CYvLpusp7EA,daikuinterior_CYvLpusp7EA_8.jpg,foto-orang,foto-orang,0.5422,moved
2022-01-15_CYvLpusp7EA,daikuinterior_CYvLpusp7EA_9.jpg,foto-orang,foto-orang,0.7475,moved
2022-01-17_CY0XHm6p2vI,daikuinterior_CY0XHm6p2vI_0.jpg,furnitur-detail,furnitur-detail,0.7484,moved
2022-01-17_CY1QbXHJLfO,daikuinterior_CY1QbXHJLfO_0.jpg,furnitur-detail,furnitur-detail,0.7088,moved
2022-01-17_CY1QmOwJf9F,daikuinterior_CY1QmOwJf9F_0.jpg,kamar-mandi,kamar-mandi,0.5549,moved
2022-01-18_CY26XnYJXVl,daikuinterior_CY26XnYJXVl_0.jpg,ruang-makan,ruang-makan,0.767,moved
2022-01-18_CY2tM8SpYMd,daikuinterior_CY2tM8SpYMd_0.jpg,furnitur-detail,furnitur-detail,0.9281,moved
2022-01-19_CY5KbdhP1kQ,daikuinterior_CY5KbdhP1kQ_0.jpg,furnitur-detail,furnitur-detail,0.9494,moved
2022-01-19_CY5wppIrI3O,daikuinterior_CY5wppIrI3O_0.jpg,furnitur-detail,furnitur-detail,0.9447,moved
2022-01-19_CY5X1cQraJt,daikuinterior_CY5X1cQraJt_0.jpg,furnitur-detail,furnitur-detail,0.4717,moved
2022-01-19_CY5YBIWLEsy,daikuinterior_CY5YBIWLEsy_0.jpg,furnitur-detail,furnitur-detail,0.8723,moved
2022-01-20_CY76E3jpTuR,daikuinterior_CY76E3jpTuR_0.jpg,furnitur-detail,furnitur-detail,0.9181,moved
2022-01-20_CY84ZwmJzHw,daikuinterior_CY84ZwmJzHw_0.jpg,furnitur-detail,furnitur-detail,0.8339,moved
2022-01-20_CY8aik_px98,daikuinterior_CY8aik_px98_0.jpg,furnitur-detail,furnitur-detail,0.7365,moved
2022-01-20_CY8DnUmpB0C,daikuinterior_CY8DnUmpB0C_0.jpg,furnitur-detail,furnitur-detail,0.7571,moved
2022-01-20_CY8Qn1GJxF1,daikuinterior_CY8Qn1GJxF1_0.jpg,ruang-keluarga,ruang-keluarga,0.466,moved
2022-01-21_CY-6na-J-Ma,daikuinterior_CY-6na-J-Ma_0.jpg,ruang-usaha,ruang-usaha,0.6918,moved
2022-01-21_CY-XyqwJl29,daikuinterior_CY-XyqwJl29_0.jpg,ruang-makan,ruang-makan,0.4886,moved
2022-01-21_CY-YIhgJHsi,daikuinterior_CY-YIhgJHsi_0.jpg,furnitur-detail,furnitur-detail,0.9275,moved
2022-01-22_CZA8v0UJzKd,daikuinterior_CZA8v0UJzKd_0.jpg,furnitur-detail,furnitur-detail,0.9581,moved
2022-01-26_CZLMya8JQK_,daikuinterior_CZLMya8JQK__0.jpg,furnitur-detail,furnitur-detail,0.5166,moved
2022-01-26_CZLNFLMJkGC,daikuinterior_CZLNFLMJkGC_0.jpg,furnitur-detail,furnitur-detail,0.5018,moved
2022-01-26_CZLNFLMJkGC,daikuinterior_CZLNFLMJkGC_1.jpg,furnitur-detail,furnitur-detail,0.7805,moved
2022-01-26_CZLNFLMJkGC,daikuinterior_CZLNFLMJkGC_2.jpg,furnitur-detail,furnitur-detail,0.5662,moved
2022-01-26_CZLNRUppJWP,daikuinterior_CZLNRUppJWP_0.jpg,furnitur-detail,furnitur-detail,0.9688,moved
2022-01-27_CZN4cQIp2MW,daikuinterior_CZN4cQIp2MW_0.jpg,furnitur-detail,furnitur-detail,0.9712,moved
2022-01-27_CZN4mCeJ_vn,daikuinterior_CZN4mCeJ_vn_0.jpg,furnitur-detail,furnitur-detail,0.9413,moved
2022-01-27_CZNwfMJPQPF,daikuinterior_CZNwfMJPQPF_0.jpg,furnitur-detail,furnitur-detail,0.8415,moved
2022-01-27_CZNwoHNv7N_,daikuinterior_CZNwoHNv7N__0.jpg,furnitur-detail,furnitur-detail,0.3745,moved
2022-01-28_CZQ6DiUpJ_7,daikuinterior_CZQ6DiUpJ_7_0.jpg,dapur,dapur,0.9031,moved
2022-01-31_CZYddN4Jj4N,daikuinterior_CZYddN4Jj4N_0.jpg,ruang-usaha,ruang-usaha,0.6165,moved
2022-01-31_CZYddN4Jj4N,daikuinterior_CZYddN4Jj4N_1.jpg,ruang-usaha,ruang-usaha,0.6569,moved
2022-01-31_CZZHeBkpkio,daikuinterior_CZZHeBkpkio_0.jpg,furnitur-detail,furnitur-detail,0.9695,moved
2022-02-01_CZaleHjvngX,daikuinterior_CZaleHjvngX_0.jpg,promosi,promosi,0.9446,moved
2022-02-01_CZaluMDPICl,daikuinterior_CZaluMDPICl_0.jpg,furnitur-detail,furnitur-detail,0.7668,moved
2022-02-01_CZalv33vNSX,daikuinterior_CZalv33vNSX_0.jpg,furnitur-detail,furnitur-detail,0.9379,moved
2022-02-01_CZbQ5glJwes,daikuinterior_CZbQ5glJwes_0.jpg,ruang-usaha,ruang-usaha,0.908,moved
2022-02-01_CZbQ5glJwes,daikuinterior_CZbQ5glJwes_1.jpg,ruang-usaha,ruang-usaha,0.5998,moved
2022-02-01_CZbQ5glJwes,daikuinterior_CZbQ5glJwes_2.jpg,ruang-usaha,ruang-usaha,0.8028,moved
2022-02-01_CZbQ5glJwes,daikuinterior_CZbQ5glJwes_3.jpg,ruang-usaha,ruang-usaha,0.8178,moved
2022-02-01_CZbQ5glJwes,daikuinterior_CZbQ5glJwes_4.jpg,ruang-usaha,ruang-usaha,0.9307,moved
2022-02-01_CZbQ5glJwes,daikuinterior_CZbQ5glJwes_5.jpg,ruang-kerja,ruang-usaha,0.396,moved
2022-02-01_CZbQ5glJwes,daikuinterior_CZbQ5glJwes_6.jpg,ruang-usaha,ruang-usaha,0.4364,moved
2022-02-01_CZbQ5glJwes,daikuinterior_CZbQ5glJwes_7.jpg,ruang-usaha,ruang-usaha,0.5511,moved
2022-02-02_CZd7_yhpJb6,daikuinterior_CZd7_yhpJb6_0.jpg,furnitur-detail,furnitur-detail,0.8733,moved
2022-02-02_CZdwHokpq_Y,daikuinterior_CZdwHokpq_Y_0.jpg,furnitur-detail,furnitur-detail,0.9641,moved
2022-02-02_CZdwJompRqD,daikuinterior_CZdwJompRqD_0.jpg,furnitur-detail,furnitur-detail,0.6023,moved
2022-02-02_CZdwNLiJh6S,daikuinterior_CZdwNLiJh6S_0.jpg,furnitur-detail,furnitur-detail,0.514,moved
2022-02-02_CZdZKe9p_mw,daikuinterior_CZdZKe9p_mw_0.jpg,furnitur-detail,furnitur-detail,0.4754,moved
2022-02-02_CZdZN4sJNon,daikuinterior_CZdZN4sJNon_0.jpg,ruang-usaha,ruang-usaha,0.6112,moved
2022-02-05_CZlLnHmpfrR,daikuinterior_CZlLnHmpfrR_0.jpg,furnitur-detail,furnitur-detail,0.4154,moved
2022-02-05_CZlLnHmpfrR,daikuinterior_CZlLnHmpfrR_1.jpg,furnitur-detail,furnitur-detail,0.3524,moved
2022-02-05_CZlLnHmpfrR,daikuinterior_CZlLnHmpfrR_2.jpg,kamar-tidur,furnitur-detail,0.5454,moved
2022-02-07_CZqFGnrpYUN,daikuinterior_CZqFGnrpYUN_0.jpg,furnitur-detail,furnitur-detail,0.9275,moved
2022-02-07_CZqFHwSJFhX,daikuinterior_CZqFHwSJFhX_0.jpg,furnitur-detail,furnitur-detail,0.6658,moved
2022-02-08_CZs74Nap7VO,daikuinterior_CZs74Nap7VO_0.jpg,ruang-usaha,ruang-usaha,0.6878,moved
2022-02-08_CZs74Nap7VO,daikuinterior_CZs74Nap7VO_1.jpg,ruang-usaha,ruang-usaha,0.556,moved
2022-02-08_CZs74Nap7VO,daikuinterior_CZs74Nap7VO_2.jpg,ruang-usaha,ruang-usaha,0.4945,moved
2022-02-08_CZs74Nap7VO,daikuinterior_CZs74Nap7VO_3.jpg,ruang-usaha,ruang-usaha,0.5328,moved
2022-02-08_CZtBBTSpZ3L,daikuinterior_CZtBBTSpZ3L_0.jpg,furnitur-detail,furnitur-detail,0.9442,moved
2022-02-08_CZtQLwIJNhW,daikuinterior_CZtQLwIJNhW_0.jpg,furnitur-detail,furnitur-detail,0.8498,moved
2022-02-10_CZx2AYCpoLL,daikuinterior_CZx2AYCpoLL_0.jpg,furnitur-detail,furnitur-detail,0.9721,moved
2022-02-10_CZx9D2jpd6k,daikuinterior_CZx9D2jpd6k_0.jpg,ruang-usaha,ruang-usaha,0.5261,moved
2022-02-10_CZx9D2jpd6k,daikuinterior_CZx9D2jpd6k_1.jpg,ruang-usaha,ruang-usaha,0.67,moved
2022-02-10_CZx9D2jpd6k,daikuinterior_CZx9D2jpd6k_2.jpg,furnitur-detail,ruang-usaha,0.6035,moved
2022-02-10_CZx9D2jpd6k,daikuinterior_CZx9D2jpd6k_3.jpg,furnitur-detail,ruang-usaha,0.8508,moved
2022-02-10_CZx9D2jpd6k,daikuinterior_CZx9D2jpd6k_4.jpg,ruang-usaha,ruang-usaha,0.8479,moved
2022-02-15_CZ_Zp2opU9r,daikuinterior_CZ_Zp2opU9r_0.jpg,dapur,dapur,0.5974,moved
2022-02-15_CZ_Zp2opU9r,daikuinterior_CZ_Zp2opU9r_1.jpg,dapur,dapur,0.4955,moved
2022-02-15_CZ_Zp2opU9r,daikuinterior_CZ_Zp2opU9r_2.jpg,kamar-mandi,dapur,0.7762,moved
2022-02-15_CZ_Zp2opU9r,daikuinterior_CZ_Zp2opU9r_3.jpg,furnitur-detail,dapur,0.5534,moved
2022-02-16_CaBcgcDJ1D_,daikuinterior_CaBcgcDJ1D__0.jpg,foto-orang,foto-orang,0.6292,moved
2022-02-16_CaBcgcDJ1D_,daikuinterior_CaBcgcDJ1D__1.jpg,promosi,promosi,0.6216,moved
2022-02-16_CaBcgcDJ1D_,daikuinterior_CaBcgcDJ1D__2.jpg,foto-orang,foto-orang,0.5323,moved
2022-02-16_CaBcgcDJ1D_,daikuinterior_CaBcgcDJ1D__3.jpg,promosi,promosi,0.4554,moved
2022-02-16_CaCG2stpDIP,daikuinterior_CaCG2stpDIP_0.jpg,furnitur-detail,furnitur-detail,0.57,moved
2022-02-17_CaD7BPjpnEo,daikuinterior_CaD7BPjpnEo_0.jpg,furnitur-detail,furnitur-detail,0.8176,moved
2022-02-17_CaD7D_upe48,daikuinterior_CaD7D_upe48_0.jpg,dapur,dapur,0.9127,moved
2022-02-17_CaD7PZ4pbJ8,daikuinterior_CaD7PZ4pbJ8_0.jpg,ruang-usaha,ruang-usaha,0.9034,moved
2022-02-17_CaD7PZ4pbJ8,daikuinterior_CaD7PZ4pbJ8_1.jpg,ruang-usaha,ruang-usaha,0.9816,moved
2022-02-17_CaD7PZ4pbJ8,daikuinterior_CaD7PZ4pbJ8_2.jpg,ruang-usaha,ruang-usaha,0.9823,moved
2022-02-17_CaD7PZ4pbJ8,daikuinterior_CaD7PZ4pbJ8_3.jpg,kamar-mandi,ruang-usaha,0.9565,moved
2022-02-17_CaD7PZ4pbJ8,daikuinterior_CaD7PZ4pbJ8_4.jpg,ruang-usaha,ruang-usaha,0.9705,moved
2022-02-17_CaD7PZ4pbJ8,daikuinterior_CaD7PZ4pbJ8_5.jpg,kamar-mandi,ruang-usaha,0.9635,moved
2022-02-17_CaD7PZ4pbJ8,daikuinterior_CaD7PZ4pbJ8_6.jpg,ruang-usaha,ruang-usaha,0.8868,moved
2022-02-17_CaD7PZ4pbJ8,daikuinterior_CaD7PZ4pbJ8_7.jpg,ruang-usaha,ruang-usaha,0.9825,moved
2022-02-18_CaGf8CZpR3k,daikuinterior_CaGf8CZpR3k_0.jpg,kamar-mandi,kamar-mandi,0.5659,moved
2022-02-18_CaGf8CZpR3k,daikuinterior_CaGf8CZpR3k_1.jpg,kamar-mandi,kamar-mandi,0.6198,moved
2022-02-18_CaGf8CZpR3k,daikuinterior_CaGf8CZpR3k_2.jpg,ruang-usaha,kamar-mandi,0.8099,moved
2022-02-18_CaGfaINJNLt,daikuinterior_CaGfaINJNLt_0.jpg,foto-orang,foto-orang,0.928,moved
2022-02-18_CaGhO4iJLmP,daikuinterior_CaGhO4iJLmP_0.jpg,furnitur-detail,furnitur-detail,0.8496,moved
2022-02-18_CaGhO4iJLmP,daikuinterior_CaGhO4iJLmP_1.jpg,furnitur-detail,furnitur-detail,0.6099,moved
2022-02-18_CaGhO4iJLmP,daikuinterior_CaGhO4iJLmP_2.jpg,furnitur-detail,furnitur-detail,0.6953,moved
2022-02-18_CaGhO4iJLmP,daikuinterior_CaGhO4iJLmP_3.jpg,furnitur-detail,furnitur-detail,0.6377,moved
2022-02-18_CaGhO4iJLmP,daikuinterior_CaGhO4iJLmP_4.jpg,furnitur-detail,furnitur-detail,0.4747,moved
2022-02-18_CaGhO4iJLmP,daikuinterior_CaGhO4iJLmP_5.jpg,furnitur-detail,furnitur-detail,0.3574,moved
2022-02-18_CaGhO4iJLmP,daikuinterior_CaGhO4iJLmP_6.jpg,kamar-tidur,furnitur-detail,0.6425,moved
2022-02-18_CaGhO4iJLmP,daikuinterior_CaGhO4iJLmP_7.jpg,furnitur-detail,furnitur-detail,0.6684,moved
2022-02-18_CaGhO4iJLmP,daikuinterior_CaGhO4iJLmP_8.jpg,furnitur-detail,furnitur-detail,0.4483,moved
2022-02-18_CaGp0FwpRQ5,daikuinterior_CaGp0FwpRQ5_0.jpg,furnitur-detail,furnitur-detail,0.5133,moved
2022-02-18_CaGp0FwpRQ5,daikuinterior_CaGp0FwpRQ5_1.jpg,perlu-ditinjau,perlu-ditinjau,0.3144,moved
2022-02-18_CaGpe8BpE6y,daikuinterior_CaGpe8BpE6y_0.jpg,furnitur-detail,furnitur-detail,0.7542,moved
2022-02-18_CaHH5x_p6Al,daikuinterior_CaHH5x_p6Al_0.jpg,furnitur-detail,furnitur-detail,0.7938,moved
2022-02-18_CaHImkEpbUG,daikuinterior_CaHImkEpbUG_0.jpg,ruang-usaha,ruang-usaha,0.9748,moved
2022-02-18_CaHImkEpbUG,daikuinterior_CaHImkEpbUG_1.jpg,ruang-usaha,ruang-usaha,0.8236,moved
2022-02-18_CaHIs1Vpw2V,daikuinterior_CaHIs1Vpw2V_0.jpg,kamar-tidur,kamar-tidur,0.7666,moved
2022-02-18_CaHIs1Vpw2V,daikuinterior_CaHIs1Vpw2V_1.jpg,furnitur-detail,kamar-tidur,0.8841,moved
2022-02-18_CaHIs1Vpw2V,daikuinterior_CaHIs1Vpw2V_2.jpg,kamar-tidur,kamar-tidur,0.5942,moved
2022-02-18_CaHIs1Vpw2V,daikuinterior_CaHIs1Vpw2V_3.jpg,kamar-tidur,kamar-tidur,0.7832,moved
2022-02-18_CaHp2g9Jy-J,daikuinterior_CaHp2g9Jy-J_0.jpg,furnitur-detail,furnitur-detail,0.9555,moved
2022-02-19_CaI_SXvJ34L,daikuinterior_CaI_SXvJ34L_0.jpg,furnitur-detail,furnitur-detail,0.9835,moved
2022-02-19_CaI_UGOpLT7,daikuinterior_CaI_UGOpLT7_0.jpg,furnitur-detail,furnitur-detail,0.6925,moved
2022-02-19_CaJABsOpCeJ,daikuinterior_CaJABsOpCeJ_0.jpg,dapur,dapur,0.7155,moved
2022-02-19_CaJABsOpCeJ,daikuinterior_CaJABsOpCeJ_1.jpg,ruang-usaha,dapur,0.7182,moved
2022-02-19_CaJABsOpCeJ,daikuinterior_CaJABsOpCeJ_2.jpg,dapur,dapur,0.6052,moved
2022-02-19_CaJABsOpCeJ,daikuinterior_CaJABsOpCeJ_3.jpg,ruang-usaha,dapur,0.6045,moved
2022-02-19_CaJABsOpCeJ,daikuinterior_CaJABsOpCeJ_4.jpg,dapur,dapur,0.8263,moved
2022-02-19_CaJABsOpCeJ,daikuinterior_CaJABsOpCeJ_5.jpg,dapur,dapur,0.9175,moved
2022-02-19_CaJABsOpCeJ,daikuinterior_CaJABsOpCeJ_6.jpg,dapur,dapur,0.7829,moved
2022-02-19_CaKIbF3JjMB,daikuinterior_CaKIbF3JjMB_0.jpg,furnitur-detail,furnitur-detail,0.8426,moved
2022-02-19_CaKIbF3JjMB,daikuinterior_CaKIbF3JjMB_1.jpg,furnitur-detail,furnitur-detail,0.4633,moved
2022-02-19_CaKIbF3JjMB,daikuinterior_CaKIbF3JjMB_2.jpg,furnitur-detail,furnitur-detail,0.7982,moved
2022-02-21_CaO430WpbXW,daikuinterior_CaO430WpbXW_0.jpg,furnitur-detail,furnitur-detail,0.8616,moved
2022-02-21_CaO430WpbXW,daikuinterior_CaO430WpbXW_1.jpg,perlu-ditinjau,perlu-ditinjau,0.2437,moved
2022-02-21_CaOKIW3pnaV,daikuinterior_CaOKIW3pnaV_0.jpg,furnitur-detail,furnitur-detail,0.9071,moved
2022-02-21_CaOKM1HphW0,daikuinterior_CaOKM1HphW0_0.jpg,kamar-tidur,kamar-tidur,0.9223,moved
2022-02-22_CaQteUYpEY9,daikuinterior_CaQteUYpEY9_0.jpg,furnitur-detail,furnitur-detail,0.9425,moved
2022-02-22_CaQzQYjJJfF,daikuinterior_CaQzQYjJJfF_0.jpg,perlu-ditinjau,perlu-ditinjau,0.3616,moved
2022-02-24_CaWEtl1JxpS,daikuinterior_CaWEtl1JxpS_0.jpg,furnitur-detail,furnitur-detail,0.7035,moved
2022-02-24_CaWExq9pKTu,daikuinterior_CaWExq9pKTu_0.jpg,furnitur-detail,furnitur-detail,0.838,moved
2022-02-24_CaWEzYipCkV,daikuinterior_CaWEzYipCkV_0.jpg,furnitur-detail,furnitur-detail,0.5154,moved
2022-02-24_CaWxCmaJ1Jz,daikuinterior_CaWxCmaJ1Jz_0.jpg,kamar-tidur,kamar-tidur,0.5957,moved
2022-02-25_CaYkDNYpb4u,daikuinterior_CaYkDNYpb4u_0.jpg,kamar-tidur,kamar-tidur,0.9207,moved
2022-02-25_CaYkEgLp8EJ,daikuinterior_CaYkEgLp8EJ_0.jpg,furnitur-detail,furnitur-detail,0.6898,moved
2022-02-27_Cadt99pJl3G,daikuinterior_Cadt99pJl3G_0.jpg,furnitur-detail,furnitur-detail,0.5175,moved
2022-02-27_Cadt_nMJ1Nw,daikuinterior_Cadt_nMJ1Nw_0.jpg,kamar-tidur,kamar-tidur,0.8234,moved
2022-02-28_CagH1vbJxBj,daikuinterior_CagH1vbJxBj_0.jpg,promosi,promosi,0.9949,moved
2022-03-01_Cai8PsWJm2m,daikuinterior_Cai8PsWJm2m_0.jpg,furnitur-detail,furnitur-detail,0.9461,moved
2022-03-02_CalUu9QJndO,daikuinterior_CalUu9QJndO_0.jpg,ruang-usaha,ruang-usaha,0.5385,moved
2022-03-02_CalUu9QJndO,daikuinterior_CalUu9QJndO_1.jpg,ruang-usaha,ruang-usaha,0.9347,moved
2022-03-03_Can7DpppmZZ,daikuinterior_Can7DpppmZZ_0.jpg,promosi,promosi,0.9933,moved
2022-03-03_Caof70-pyqy,daikuinterior_Caof70-pyqy_0.jpg,furnitur-detail,furnitur-detail,0.5033,moved
2022-03-03_Caof70-pyqy,daikuinterior_Caof70-pyqy_1.jpg,ruang-usaha,furnitur-detail,0.8421,moved
2022-03-03_Caof70-pyqy,daikuinterior_Caof70-pyqy_2.jpg,ruang-usaha,furnitur-detail,0.8636,moved
2022-03-03_Caof70-pyqy,daikuinterior_Caof70-pyqy_3.jpg,furnitur-detail,furnitur-detail,0.6969,moved
2022-03-03_CaoMFKjpyyT,daikuinterior_CaoMFKjpyyT_0.jpg,ruang-usaha,ruang-usaha,0.8913,moved
2022-03-03_CaoMFKjpyyT,daikuinterior_CaoMFKjpyyT_1.jpg,ruang-usaha,ruang-usaha,0.7591,moved
2022-03-05_CauRUmKJ3aj,daikuinterior_CauRUmKJ3aj_0.jpg,furnitur-detail,furnitur-detail,0.6206,moved
2022-03-07_CayK04fpiRO,daikuinterior_CayK04fpiRO_0.jpg,kamar-tidur,kamar-tidur,0.8063,moved
2022-03-07_CaylNGepOCf,daikuinterior_CaylNGepOCf_0.jpg,kamar-tidur,kamar-tidur,0.9316,moved
2022-03-07_CaylNGepOCf,daikuinterior_CaylNGepOCf_1.jpg,kamar-mandi,kamar-tidur,0.8821,moved
2022-03-07_CaylNGepOCf,daikuinterior_CaylNGepOCf_2.jpg,kamar-tidur,kamar-tidur,0.5468,moved
2022-03-10_Ca6y-yuJ6Az,daikuinterior_Ca6y-yuJ6Az_0.jpg,furnitur-detail,furnitur-detail,0.5784,moved
2022-03-14_CbFb3tLpTit,daikuinterior_CbFb3tLpTit_0.jpg,dapur,dapur,0.9371,moved
2022-03-14_CbFb5mMpUg-,daikuinterior_CbFb5mMpUg-_0.jpg,ruang-makan,ruang-makan,0.624,moved
2022-03-17_CbL6LSLJ8pe,daikuinterior_CbL6LSLJ8pe_0.jpg,dapur,dapur,0.919,moved
2022-03-17_CbMSUiyJmhs,daikuinterior_CbMSUiyJmhs_0.jpg,ruang-usaha,ruang-usaha,0.5606,moved
2022-03-17_CbMSUiyJmhs,daikuinterior_CbMSUiyJmhs_1.jpg,ruang-usaha,ruang-usaha,0.4187,moved
2022-03-17_CbMSUiyJmhs,daikuinterior_CbMSUiyJmhs_2.jpg,ruang-usaha,ruang-usaha,0.6345,moved
2022-03-17_CbMSUiyJmhs,daikuinterior_CbMSUiyJmhs_3.jpg,ruang-usaha,ruang-usaha,0.558,moved
2022-03-18_CbOuiAAJKkA,daikuinterior_CbOuiAAJKkA_0.jpg,furnitur-detail,furnitur-detail,0.918,moved
2022-03-18_CbPBlsoJMdx,daikuinterior_CbPBlsoJMdx_0.jpg,kamar-tidur,kamar-tidur,0.9446,moved
2022-03-18_CbPBlsoJMdx,daikuinterior_CbPBlsoJMdx_1.jpg,kamar-mandi,kamar-tidur,0.7154,moved
2022-03-18_CbPBlsoJMdx,daikuinterior_CbPBlsoJMdx_2.jpg,furnitur-detail,kamar-tidur,0.4175,moved
2022-03-18_CbPBlsoJMdx,daikuinterior_CbPBlsoJMdx_3.jpg,kamar-tidur,kamar-tidur,0.9422,moved
2022-03-19_CbRKtTZJkr-,daikuinterior_CbRKtTZJkr-_0.jpg,furnitur-detail,furnitur-detail,0.6503,moved
2022-03-21_CbW4edsprIs,daikuinterior_CbW4edsprIs_0.jpg,furnitur-detail,ruang-usaha,0.4996,moved
2022-03-21_CbW4edsprIs,daikuinterior_CbW4edsprIs_1.jpg,ruang-usaha,ruang-usaha,0.827,moved
2022-03-21_CbW4edsprIs,daikuinterior_CbW4edsprIs_2.jpg,ruang-usaha,ruang-usaha,0.5276,moved
2022-03-21_CbW4edsprIs,daikuinterior_CbW4edsprIs_3.jpg,furnitur-detail,ruang-usaha,0.7592,moved
2022-03-21_CbW4edsprIs,daikuinterior_CbW4edsprIs_4.jpg,ruang-usaha,ruang-usaha,0.9046,moved
2022-03-21_CbW4edsprIs,daikuinterior_CbW4edsprIs_5.jpg,ruang-usaha,ruang-usaha,0.814,moved
2022-03-24_CbeT_iXJlXq,daikuinterior_CbeT_iXJlXq_0.jpg,furnitur-detail,furnitur-detail,0.5674,moved
2022-03-24_CbeT_iXJlXq,daikuinterior_CbeT_iXJlXq_1.jpg,furnitur-detail,furnitur-detail,0.3604,moved
2022-03-24_CbeT_iXJlXq,daikuinterior_CbeT_iXJlXq_2.jpg,furnitur-detail,furnitur-detail,0.4955,moved
2022-03-24_CbeT_iXJlXq,daikuinterior_CbeT_iXJlXq_3.jpg,furnitur-detail,furnitur-detail,0.5073,moved
2022-03-24_CbeT_iXJlXq,daikuinterior_CbeT_iXJlXq_4.jpg,ruang-usaha,furnitur-detail,0.8724,moved
2022-03-25_CbggdWFpYie,daikuinterior_CbggdWFpYie_0.jpg,furnitur-detail,furnitur-detail,0.3693,moved
2022-03-25_CbggdWFpYie,daikuinterior_CbggdWFpYie_1.jpg,ruang-usaha,furnitur-detail,0.7974,moved
2022-03-26_CbjH4XRpv-i,daikuinterior_CbjH4XRpv-i_0.jpg,furnitur-detail,furnitur-detail,0.583,moved
2022-03-26_CbjH4XRpv-i,daikuinterior_CbjH4XRpv-i_1.jpg,ruang-usaha,furnitur-detail,0.6427,moved
2022-03-26_CbjH4XRpv-i,daikuinterior_CbjH4XRpv-i_2.jpg,furnitur-detail,furnitur-detail,0.524,moved
2022-03-26_CbjH4XRpv-i,daikuinterior_CbjH4XRpv-i_3.jpg,furnitur-detail,furnitur-detail,0.5143,moved
2022-03-26_CbjHxyup0Dp,daikuinterior_CbjHxyup0Dp_0.jpg,furnitur-detail,furnitur-detail,0.3855,moved
2022-03-26_CbjHxyup0Dp,daikuinterior_CbjHxyup0Dp_1.jpg,furnitur-detail,furnitur-detail,0.5575,moved
2022-03-26_CbjkdBsprH3,daikuinterior_CbjkdBsprH3_0.jpg,furnitur-detail,furnitur-detail,0.7095,moved
2022-03-29_Cbq95CcJePu,daikuinterior_Cbq95CcJePu_0.jpg,dapur,dapur,0.979,moved
2022-04-01_CbzvMtjpPw5,daikuinterior_CbzvMtjpPw5_0.jpg,ruang-usaha,ruang-usaha,0.846,moved
2022-04-01_CbzvMtjpPw5,daikuinterior_CbzvMtjpPw5_1.jpg,ruang-usaha,ruang-usaha,0.8448,moved
2022-04-04_Cb6eyX-Be6O,daikuinterior_Cb6eyX-Be6O_0.jpg,promosi,promosi,0.9977,moved
2022-04-04_Cb6jL07hW7G,daikuinterior_Cb6jL07hW7G_0.jpg,ruang-usaha,ruang-usaha,0.6143,moved
2022-04-04_Cb6jL07hW7G,daikuinterior_Cb6jL07hW7G_1.jpg,ruang-usaha,ruang-usaha,0.7363,moved
2022-04-04_Cb6jL07hW7G,daikuinterior_Cb6jL07hW7G_2.jpg,ruang-usaha,ruang-usaha,0.7359,moved
2022-04-04_Cb6jL07hW7G,daikuinterior_Cb6jL07hW7G_3.jpg,ruang-usaha,ruang-usaha,0.7342,moved
2022-04-04_Cb6jL07hW7G,daikuinterior_Cb6jL07hW7G_4.jpg,ruang-usaha,ruang-usaha,0.7782,moved
2022-04-04_Cb6jL07hW7G,daikuinterior_Cb6jL07hW7G_5.jpg,ruang-usaha,ruang-usaha,0.6754,moved
2022-04-04_Cb6jL07hW7G,daikuinterior_Cb6jL07hW7G_6.jpg,ruang-usaha,ruang-usaha,0.5728,moved
2022-04-04_Cb6jL07hW7G,daikuinterior_Cb6jL07hW7G_7.jpg,ruang-usaha,ruang-usaha,0.3798,moved
2022-04-04_Cb6jL07hW7G,daikuinterior_Cb6jL07hW7G_8.jpg,ruang-usaha,ruang-usaha,0.7545,moved
2022-04-04_Cb6jL07hW7G,daikuinterior_Cb6jL07hW7G_9.jpg,ruang-usaha,ruang-usaha,0.8928,moved
2022-04-04_Cb6kQCOBRIf,daikuinterior_Cb6kQCOBRIf_0.jpg,furnitur-detail,furnitur-detail,0.6793,moved
2022-04-04_Cb6kQCOBRIf,daikuinterior_Cb6kQCOBRIf_1.jpg,furnitur-detail,furnitur-detail,0.4301,moved
2022-04-04_Cb6kRxTh3D1,daikuinterior_Cb6kRxTh3D1_0.jpg,furnitur-detail,furnitur-detail,0.4925,moved
2022-04-04_Cb6kWZCBUST,daikuinterior_Cb6kWZCBUST_0.jpg,ruang-keluarga,ruang-keluarga,0.3443,moved
2022-04-04_Cb6kWZCBUST,daikuinterior_Cb6kWZCBUST_1.jpg,kamar-tidur,ruang-keluarga,0.8525,moved
2022-04-04_Cb6kWZCBUST,daikuinterior_Cb6kWZCBUST_2.jpg,ruang-keluarga,ruang-keluarga,0.5211,moved
2022-04-04_Cb6kWZCBUST,daikuinterior_Cb6kWZCBUST_3.jpg,kamar-tidur,ruang-keluarga,0.6772,moved
2022-04-04_Cb6kWZCBUST,daikuinterior_Cb6kWZCBUST_4.jpg,perlu-ditinjau,perlu-ditinjau,0.306,moved
2022-04-04_Cb6l2zfB75K,daikuinterior_Cb6l2zfB75K_0.jpg,ruang-usaha,furnitur-detail,0.3486,moved
2022-04-04_Cb6l2zfB75K,daikuinterior_Cb6l2zfB75K_1.jpg,furnitur-detail,furnitur-detail,0.5686,moved
2022-04-04_Cb6l2zfB75K,daikuinterior_Cb6l2zfB75K_2.jpg,furnitur-detail,furnitur-detail,0.3812,moved
2022-04-04_Cb6l2zfB75K,daikuinterior_Cb6l2zfB75K_3.jpg,ruang-usaha,furnitur-detail,0.7219,moved
2022-04-04_Cb6l2zfB75K,daikuinterior_Cb6l2zfB75K_4.jpg,perlu-ditinjau,perlu-ditinjau,0.3334,moved
2022-04-04_Cb6l2zfB75K,daikuinterior_Cb6l2zfB75K_5.jpg,furnitur-detail,furnitur-detail,0.4131,moved
2022-04-04_Cb6l2zfB75K,daikuinterior_Cb6l2zfB75K_6.jpg,furnitur-detail,furnitur-detail,0.4598,moved
2022-04-04_Cb6l2zfB75K,daikuinterior_Cb6l2zfB75K_7.jpg,perlu-ditinjau,perlu-ditinjau,0.305,moved
2022-04-04_Cb6lNgVhOiw,daikuinterior_Cb6lNgVhOiw_0.jpg,perlu-ditinjau,perlu-ditinjau,0.3729,moved
2022-04-04_Cb6lPm2h2pW,daikuinterior_Cb6lPm2h2pW_0.jpg,ruang-usaha,furnitur-detail,0.6321,moved
2022-04-04_Cb6lPm2h2pW,daikuinterior_Cb6lPm2h2pW_1.jpg,furnitur-detail,furnitur-detail,0.5343,moved
2022-04-04_Cb6lPm2h2pW,daikuinterior_Cb6lPm2h2pW_2.jpg,foto-orang,foto-orang,0.9127,moved
2022-04-04_Cb6lPm2h2pW,daikuinterior_Cb6lPm2h2pW_3.jpg,furnitur-detail,furnitur-detail,0.4472,moved
2022-04-04_Cb6lPm2h2pW,daikuinterior_Cb6lPm2h2pW_4.jpg,perlu-ditinjau,perlu-ditinjau,0.3118,moved
2022-04-04_Cb6lR9ihL7H,daikuinterior_Cb6lR9ihL7H_0.jpg,ruang-usaha,ruang-usaha,0.6234,moved
2022-04-04_Cb6lR9ihL7H,daikuinterior_Cb6lR9ihL7H_1.jpg,ruang-usaha,ruang-usaha,0.6336,moved
2022-04-04_Cb6lR9ihL7H,daikuinterior_Cb6lR9ihL7H_2.jpg,ruang-usaha,ruang-usaha,0.5113,moved
2022-04-04_Cb6lR9ihL7H,daikuinterior_Cb6lR9ihL7H_3.jpg,furnitur-detail,ruang-usaha,0.6981,moved
2022-04-04_Cb6pf89BP48,daikuinterior_Cb6pf89BP48_0.jpg,kamar-mandi,kamar-mandi,0.5915,moved
2022-04-04_Cb6pf89BP48,daikuinterior_Cb6pf89BP48_1.jpg,kamar-mandi,kamar-mandi,0.8835,moved
2022-04-04_Cb6pf89BP48,daikuinterior_Cb6pf89BP48_2.jpg,kamar-mandi,kamar-mandi,0.8221,moved
2022-04-04_Cb6pf89BP48,daikuinterior_Cb6pf89BP48_3.jpg,furnitur-detail,kamar-mandi,0.4906,moved
2022-04-04_Cb6pf89BP48,daikuinterior_Cb6pf89BP48_4.jpg,kamar-tidur,kamar-mandi,0.4083,moved
2022-04-05_Cb86oOBp-Tn,daikuinterior_Cb86oOBp-Tn_0.jpg,ruang-usaha,ruang-usaha,0.781,moved
2022-04-05_Cb86oOBp-Tn,daikuinterior_Cb86oOBp-Tn_1.jpg,ruang-usaha,ruang-usaha,0.6642,moved
2022-04-05_Cb86oOBp-Tn,daikuinterior_Cb86oOBp-Tn_2.jpg,ruang-usaha,ruang-usaha,0.7529,moved
2022-04-05_Cb86oOBp-Tn,daikuinterior_Cb86oOBp-Tn_3.jpg,furnitur-detail,ruang-usaha,0.4836,moved
2022-04-05_Cb86oOBp-Tn,daikuinterior_Cb86oOBp-Tn_4.jpg,ruang-usaha,ruang-usaha,0.5674,moved
2022-04-05_Cb86oOBp-Tn,daikuinterior_Cb86oOBp-Tn_5.jpg,ruang-usaha,ruang-usaha,0.9055,moved
2022-04-05_Cb86oOBp-Tn,daikuinterior_Cb86oOBp-Tn_6.jpg,ruang-usaha,ruang-usaha,0.8425,moved
2022-04-05_Cb86oOBp-Tn,daikuinterior_Cb86oOBp-Tn_7.jpg,ruang-usaha,ruang-usaha,0.954,moved
2022-04-05_Cb86oOBp-Tn,daikuinterior_Cb86oOBp-Tn_8.jpg,ruang-usaha,ruang-usaha,0.9568,moved
2022-04-06_Cb_gdBBpQhF,daikuinterior_Cb_gdBBpQhF_0.jpg,furnitur-detail,furnitur-detail,0.4266,moved
2022-04-12_CcPEA8GpXYl,daikuinterior_CcPEA8GpXYl_0.jpg,eksterior,furnitur-detail,0.622,moved
2022-04-12_CcPEA8GpXYl,daikuinterior_CcPEA8GpXYl_1.jpg,furnitur-detail,furnitur-detail,0.6851,moved
2022-04-12_CcPEA8GpXYl,daikuinterior_CcPEA8GpXYl_2.jpg,ruang-keluarga,furnitur-detail,0.4991,moved
2022-04-12_CcPEA8GpXYl,daikuinterior_CcPEA8GpXYl_3.jpg,perlu-ditinjau,perlu-ditinjau,0.2288,moved
2022-04-12_CcPEA8GpXYl,daikuinterior_CcPEA8GpXYl_4.jpg,perlu-ditinjau,perlu-ditinjau,0.3266,moved
2022-04-12_CcPEA8GpXYl,daikuinterior_CcPEA8GpXYl_5.jpg,perlu-ditinjau,perlu-ditinjau,0.3125,moved
2022-04-12_CcPEA8GpXYl,daikuinterior_CcPEA8GpXYl_6.jpg,kamar-mandi,furnitur-detail,0.6207,moved
2022-04-12_CcPEA8GpXYl,daikuinterior_CcPEA8GpXYl_7.jpg,furnitur-detail,furnitur-detail,0.462,moved
2022-04-12_CcPEA8GpXYl,daikuinterior_CcPEA8GpXYl_8.jpg,ruang-keluarga,furnitur-detail,0.3797,moved
2022-04-13_CcRnA5kp-Qv,daikuinterior_CcRnA5kp-Qv_0.jpg,promosi,promosi,0.5617,moved
2022-04-14_CcVP8HkJEQi,daikuinterior_CcVP8HkJEQi_0.jpg,ruang-keluarga,ruang-keluarga,0.5998,moved
2022-04-14_CcVP8HkJEQi,daikuinterior_CcVP8HkJEQi_1.jpg,ruang-keluarga,ruang-keluarga,0.5767,moved
2022-04-14_CcVP8HkJEQi,daikuinterior_CcVP8HkJEQi_2.jpg,ruang-usaha,ruang-keluarga,0.4846,moved
2022-04-14_CcVP8HkJEQi,daikuinterior_CcVP8HkJEQi_3.jpg,perlu-ditinjau,perlu-ditinjau,0.3236,moved
2022-04-14_CcVP8HkJEQi,daikuinterior_CcVP8HkJEQi_4.jpg,ruang-usaha,ruang-keluarga,0.4009,moved
2022-04-14_CcVQLBFpYFo,daikuinterior_CcVQLBFpYFo_0.jpg,eksterior,eksterior,0.7881,moved
2022-04-14_CcVQLBFpYFo,daikuinterior_CcVQLBFpYFo_1.jpg,perlu-ditinjau,perlu-ditinjau,0.3374,moved
2022-04-14_CcVQLBFpYFo,daikuinterior_CcVQLBFpYFo_2.jpg,perlu-ditinjau,perlu-ditinjau,0.2254,moved
2022-04-14_CcVQLBFpYFo,daikuinterior_CcVQLBFpYFo_3.jpg,ruang-usaha,eksterior,0.4114,moved
2022-04-14_CcVQLBFpYFo,daikuinterior_CcVQLBFpYFo_4.jpg,perlu-ditinjau,perlu-ditinjau,0.2014,moved
2022-04-16_CcZNYDWp_JM,daikuinterior_CcZNYDWp_JM_0.jpg,furnitur-detail,furnitur-detail,0.9947,moved
2022-04-16_CcZNYDWp_JM,daikuinterior_CcZNYDWp_JM_1.jpg,furnitur-detail,furnitur-detail,0.9928,moved
2022-04-20_Ccj3rIRJooE,daikuinterior_Ccj3rIRJooE_0.jpg,dapur,dapur,0.8645,moved
2022-04-20_Cck9PQoJkTy,daikuinterior_Cck9PQoJkTy_0.jpg,furnitur-detail,furnitur-detail,0.6537,moved
2022-04-21_CcmCt2lp3AF,daikuinterior_CcmCt2lp3AF_0.jpg,promosi,promosi,0.4167,moved
2022-04-21_CcmCt2lp3AF,daikuinterior_CcmCt2lp3AF_1.jpg,furnitur-detail,furnitur-detail,0.7389,moved
2022-04-21_CcmCt2lp3AF,daikuinterior_CcmCt2lp3AF_2.jpg,furnitur-detail,furnitur-detail,0.4245,moved
2022-04-21_CcmCt2lp3AF,daikuinterior_CcmCt2lp3AF_3.jpg,furnitur-detail,furnitur-detail,0.6468,moved
2022-04-21_CcmCt2lp3AF,daikuinterior_CcmCt2lp3AF_4.jpg,foto-orang,foto-orang,0.3652,moved
2022-04-21_CcmE9g1pG8Q,daikuinterior_CcmE9g1pG8Q_0.jpg,promosi,promosi,0.8881,moved
2022-04-26_Ccy81i_Jw9F,daikuinterior_Ccy81i_Jw9F_0.jpg,furnitur-detail,furnitur-detail,0.8152,moved
2022-05-01_CdCNUERvg20,daikuinterior_CdCNUERvg20_0.jpg,promosi,promosi,0.9844,moved
2022-05-09_CdU4VfNJdov,daikuinterior_CdU4VfNJdov_0.jpg,dapur,dapur,0.7737,moved
2022-05-09_CdU4VfNJdov,daikuinterior_CdU4VfNJdov_1.jpg,dapur,dapur,0.8056,moved
2022-05-09_CdU4VfNJdov,daikuinterior_CdU4VfNJdov_2.jpg,dapur,dapur,0.8011,moved
2022-05-09_CdU4VfNJdov,daikuinterior_CdU4VfNJdov_3.jpg,dapur,dapur,0.7761,moved
2022-05-11_CdZ1UgLJgtK,daikuinterior_CdZ1UgLJgtK_0.jpg,furnitur-detail,furnitur-detail,0.6649,moved
2022-05-11_CdZ1UgLJgtK,daikuinterior_CdZ1UgLJgtK_1.jpg,furnitur-detail,furnitur-detail,0.6764,moved
2022-05-11_CdZ1UgLJgtK,daikuinterior_CdZ1UgLJgtK_2.jpg,furnitur-detail,furnitur-detail,0.4896,moved
2022-05-11_CdZ1UgLJgtK,daikuinterior_CdZ1UgLJgtK_3.jpg,kamar-mandi,furnitur-detail,0.7295,moved
2022-05-11_CdZ1UgLJgtK,daikuinterior_CdZ1UgLJgtK_4.jpg,furnitur-detail,furnitur-detail,0.7407,moved
2022-05-11_CdZ1UgLJgtK,daikuinterior_CdZ1UgLJgtK_5.jpg,furnitur-detail,furnitur-detail,0.7294,moved
2022-05-11_CdZ1UgLJgtK,daikuinterior_CdZ1UgLJgtK_6.jpg,furnitur-detail,furnitur-detail,0.6676,moved
2022-05-11_CdZ1UgLJgtK,daikuinterior_CdZ1UgLJgtK_7.jpg,furnitur-detail,furnitur-detail,0.7912,moved
2022-05-11_CdZ1UgLJgtK,daikuinterior_CdZ1UgLJgtK_8.jpg,furnitur-detail,furnitur-detail,0.754,moved
2022-05-11_CdZ1UgLJgtK,daikuinterior_CdZ1UgLJgtK_9.jpg,furnitur-detail,furnitur-detail,0.7588,moved
2022-05-18_CdsqmzUJPCF,daikuinterior_CdsqmzUJPCF_0.jpg,kamar-tidur,kamar-tidur,0.5723,moved
2022-05-19_CduQhBlpnE1,daikuinterior_CduQhBlpnE1_0.jpg,kamar-tidur,kamar-tidur,0.4906,moved
2022-05-19_CduQmRVJAaS,daikuinterior_CduQmRVJAaS_0.jpg,dapur,dapur,0.8719,moved
2022-05-19_CduQno6pjCT,daikuinterior_CduQno6pjCT_0.jpg,furnitur-detail,furnitur-detail,0.5478,moved
2022-05-23_Cd5JU-Gp11Q,daikuinterior_Cd5JU-Gp11Q_0.jpg,furnitur-detail,furnitur-detail,0.5183,moved
2022-05-24_Cd7j1vCpUMn,daikuinterior_Cd7j1vCpUMn_0.jpg,kamar-tidur,kamar-tidur,0.544,moved
2022-05-25_Cd95f3Rp66p,daikuinterior_Cd95f3Rp66p_0.jpg,dapur,dapur,0.529,moved
2022-05-25_Cd95f3Rp66p,daikuinterior_Cd95f3Rp66p_1.jpg,furnitur-detail,dapur,0.3598,moved
2022-05-25_Cd9oOm3J-v0,daikuinterior_Cd9oOm3J-v0_0.jpg,furnitur-detail,kamar-tidur,0.4745,moved
2022-05-25_Cd9oOm3J-v0,daikuinterior_Cd9oOm3J-v0_1.jpg,kamar-tidur,kamar-tidur,0.6783,moved
2022-05-25_Cd9oOm3J-v0,daikuinterior_Cd9oOm3J-v0_2.jpg,kamar-tidur,kamar-tidur,0.6305,moved
2022-05-25_Cd9pj4ypvTl,daikuinterior_Cd9pj4ypvTl_0.jpg,foto-orang,foto-orang,0.8722,moved
2022-05-25_Cd9pj4ypvTl,daikuinterior_Cd9pj4ypvTl_1.jpg,perlu-ditinjau,perlu-ditinjau,0.2622,moved
2022-05-25_Cd9pj4ypvTl,daikuinterior_Cd9pj4ypvTl_2.jpg,perlu-ditinjau,perlu-ditinjau,0.5216,moved
2022-05-25_Cd9pj4ypvTl,daikuinterior_Cd9pj4ypvTl_3.jpg,eksterior,eksterior,0.7346,moved
2022-05-25_Cd9pj4ypvTl,daikuinterior_Cd9pj4ypvTl_4.jpg,perlu-ditinjau,perlu-ditinjau,0.4044,moved
2022-05-25_Cd9pj4ypvTl,daikuinterior_Cd9pj4ypvTl_5.jpg,perlu-ditinjau,perlu-ditinjau,0.5829,moved
2022-05-25_Cd9pj4ypvTl,daikuinterior_Cd9pj4ypvTl_6.jpg,foto-orang,foto-orang,0.6267,moved
2022-05-25_Cd9pj4ypvTl,daikuinterior_Cd9pj4ypvTl_7.jpg,perlu-ditinjau,perlu-ditinjau,0.2927,moved
2022-05-25_Cd9pj4ypvTl,daikuinterior_Cd9pj4ypvTl_8.jpg,foto-orang,foto-orang,0.3595,moved
2022-05-25_Cd9pj4ypvTl,daikuinterior_Cd9pj4ypvTl_9.jpg,eksterior,eksterior,0.6613,moved
2022-05-27_CeD5lrjJHTe,daikuinterior_CeD5lrjJHTe_0.jpg,kamar-mandi,kamar-mandi,0.433,moved
2022-05-27_CeD5lrjJHTe,daikuinterior_CeD5lrjJHTe_1.jpg,furnitur-detail,kamar-mandi,0.5612,moved
2022-05-27_CeDMxgvJtJX,daikuinterior_CeDMxgvJtJX_0.jpg,perlu-ditinjau,perlu-ditinjau,0.2868,moved
2022-05-27_CeDMxgvJtJX,daikuinterior_CeDMxgvJtJX_1.jpg,furnitur-detail,furnitur-detail,0.3715,moved
2022-05-27_CeDMxgvJtJX,daikuinterior_CeDMxgvJtJX_2.jpg,furnitur-detail,furnitur-detail,0.3783,moved
2022-05-27_CeDMxgvJtJX,daikuinterior_CeDMxgvJtJX_3.jpg,furnitur-detail,furnitur-detail,0.4455,moved
2022-05-27_CeDNB1AJruU,daikuinterior_CeDNB1AJruU_3.jpg,furnitur-detail,furnitur-detail,0.702,moved
2022-05-27_CeDNB1AJruU,daikuinterior_CeDNB1AJruU_4.jpg,furnitur-detail,furnitur-detail,0.407,moved
2022-05-28_CeFTFQjJ88k,daikuinterior_CeFTFQjJ88k_0.jpg,eksterior,eksterior,0.4907,moved
2022-05-28_CeFTFQjJ88k,daikuinterior_CeFTFQjJ88k_1.jpg,eksterior,eksterior,0.6293,moved
2022-05-28_CeFTFQjJ88k,daikuinterior_CeFTFQjJ88k_2.jpg,eksterior,eksterior,0.8502,moved
2022-05-28_CeFTFQjJ88k,daikuinterior_CeFTFQjJ88k_3.jpg,eksterior,eksterior,0.8901,moved
2022-05-28_CeFTFQjJ88k,daikuinterior_CeFTFQjJ88k_4.jpg,eksterior,eksterior,0.9715,moved
2022-05-28_CeFTFQjJ88k,daikuinterior_CeFTFQjJ88k_5.jpg,eksterior,eksterior,0.9576,moved
2022-05-28_CeGT_wBpplg,daikuinterior_CeGT_wBpplg_0.jpg,kamar-tidur,kamar-tidur,0.4442,moved
2022-05-28_CeGT_wBpplg,daikuinterior_CeGT_wBpplg_1.jpg,furnitur-detail,kamar-tidur,0.4094,moved
2022-05-28_CeGT_wBpplg,daikuinterior_CeGT_wBpplg_2.jpg,kamar-tidur,kamar-tidur,0.6707,moved
2022-05-28_CeGT_wBpplg,daikuinterior_CeGT_wBpplg_3.jpg,kamar-tidur,kamar-tidur,0.6551,moved
2022-05-28_CeGT_wBpplg,daikuinterior_CeGT_wBpplg_4.jpg,furnitur-detail,kamar-tidur,0.4278,moved
2022-05-28_CeGT_wBpplg,daikuinterior_CeGT_wBpplg_5.jpg,kamar-tidur,kamar-tidur,0.6687,moved
2022-05-28_CeGT_wBpplg,daikuinterior_CeGT_wBpplg_6.jpg,kamar-tidur,kamar-tidur,0.415,moved
2022-05-28_CeGT_wBpplg,daikuinterior_CeGT_wBpplg_7.jpg,kamar-tidur,kamar-tidur,0.6364,moved
2022-05-28_CeGVM5TJcog,daikuinterior_CeGVM5TJcog_0.jpg,eksterior,eksterior,0.7567,moved
2022-05-28_CeGVM5TJcog,daikuinterior_CeGVM5TJcog_1.jpg,eksterior,eksterior,0.8731,moved
2022-05-28_CeGVM5TJcog,daikuinterior_CeGVM5TJcog_2.jpg,eksterior,eksterior,0.7976,moved
2022-05-28_CeGVM5TJcog,daikuinterior_CeGVM5TJcog_3.jpg,eksterior,eksterior,0.9957,moved
2022-05-30_CeKfbb9JD4q,daikuinterior_CeKfbb9JD4q_0.jpg,furnitur-detail,furnitur-detail,0.4167,moved
2022-05-30_CeKfbb9JD4q,daikuinterior_CeKfbb9JD4q_1.jpg,furnitur-detail,furnitur-detail,0.6582,moved
2022-05-31_CeNXbX_Jogt,daikuinterior_CeNXbX_Jogt_0.jpg,dapur,dapur,0.9488,moved
2022-06-01_CeRIpD9pHlV,daikuinterior_CeRIpD9pHlV_0.jpg,dapur,dapur,0.8789,moved
2022-06-01_CeRIpD9pHlV,daikuinterior_CeRIpD9pHlV_1.jpg,dapur,dapur,0.6679,moved
2022-06-06_Cech9NWpxQ9,daikuinterior_Cech9NWpxQ9_0.jpg,ruang-keluarga,ruang-keluarga,0.5455,moved
2022-06-06_Cech9NWpxQ9,daikuinterior_Cech9NWpxQ9_1.jpg,perlu-ditinjau,perlu-ditinjau,0.2178,moved
2022-06-06_Cech9NWpxQ9,daikuinterior_Cech9NWpxQ9_2.jpg,perlu-ditinjau,perlu-ditinjau,0.3014,moved
2022-06-06_Cech9NWpxQ9,daikuinterior_Cech9NWpxQ9_3.jpg,kamar-mandi,ruang-keluarga,0.6694,moved
2022-06-06_Cech9NWpxQ9,daikuinterior_Cech9NWpxQ9_4.jpg,ruang-usaha,ruang-keluarga,0.6272,moved
2022-06-06_Cech9NWpxQ9,daikuinterior_Cech9NWpxQ9_5.jpg,kamar-mandi,ruang-keluarga,0.8078,moved
2022-06-06_Cech9NWpxQ9,daikuinterior_Cech9NWpxQ9_6.jpg,ruang-keluarga,ruang-keluarga,0.4041,moved
2022-06-06_CeciHU6JIqa,daikuinterior_CeciHU6JIqa_0.jpg,eksterior,eksterior,0.5513,moved
2022-06-06_CecxwxyparX,daikuinterior_CecxwxyparX_0.jpg,ruang-keluarga,ruang-keluarga,0.4587,moved
2022-06-06_CecxwxyparX,daikuinterior_CecxwxyparX_1.jpg,ruang-keluarga,ruang-keluarga,0.5827,moved
2022-06-06_CecxwxyparX,daikuinterior_CecxwxyparX_2.jpg,kamar-mandi,ruang-keluarga,0.5288,moved
2022-06-06_CecxwxyparX,daikuinterior_CecxwxyparX_3.jpg,ruang-keluarga,ruang-keluarga,0.6207,moved
2022-06-06_CecxwxyparX,daikuinterior_CecxwxyparX_4.jpg,eksterior,ruang-keluarga,0.8229,moved
2022-06-06_CecxwxyparX,daikuinterior_CecxwxyparX_5.jpg,ruang-keluarga,ruang-keluarga,0.3437,moved
2022-06-06_CecxwxyparX,daikuinterior_CecxwxyparX_6.jpg,eksterior,ruang-keluarga,0.3567,moved
2022-06-06_CecxwxyparX,daikuinterior_CecxwxyparX_7.jpg,perlu-ditinjau,perlu-ditinjau,0.2296,moved
2022-06-06_CecxwxyparX,daikuinterior_CecxwxyparX_8.jpg,ruang-keluarga,ruang-keluarga,0.6487,moved
2022-06-06_CecxwxyparX,daikuinterior_CecxwxyparX_9.jpg,perlu-ditinjau,perlu-ditinjau,0.1902,moved
2022-06-08_Ceh4fpqJBkh,daikuinterior_Ceh4fpqJBkh_0.jpg,ruang-keluarga,ruang-keluarga,0.4393,moved
2022-06-08_Ceh4fpqJBkh,daikuinterior_Ceh4fpqJBkh_1.jpg,furnitur-detail,ruang-keluarga,0.5895,moved
2022-06-13_Ceus7zKJa-O,daikuinterior_Ceus7zKJa-O_0.jpg,furnitur-detail,furnitur-detail,0.3792,moved
2022-06-13_Ceus9eMp-a3,daikuinterior_Ceus9eMp-a3_0.jpg,furnitur-detail,furnitur-detail,0.5918,moved
2022-06-13_CeutAgEJPd-,daikuinterior_CeutAgEJPd-_0.jpg,furnitur-detail,furnitur-detail,0.484,moved
2022-06-16_Ce28u1CJ8eP,daikuinterior_Ce28u1CJ8eP_0.jpg,perlu-ditinjau,perlu-ditinjau,0.2554,moved
2022-06-16_Ce28u1CJ8eP,daikuinterior_Ce28u1CJ8eP_1.jpg,ruang-usaha,ruang-usaha,0.9648,moved
2022-06-16_Ce28u1CJ8eP,daikuinterior_Ce28u1CJ8eP_2.jpg,kamar-mandi,ruang-usaha,0.5285,moved
2022-06-17_Ce45ffmJold,daikuinterior_Ce45ffmJold_0.jpg,dapur,dapur,0.7275,moved
2022-06-17_Ce45ffmJold,daikuinterior_Ce45ffmJold_1.jpg,dapur,dapur,0.4672,moved
2022-06-17_Ce45ffmJold,daikuinterior_Ce45ffmJold_2.jpg,ruang-usaha,dapur,0.7072,moved
2022-06-17_Ce45ffmJold,daikuinterior_Ce45ffmJold_3.jpg,dapur,dapur,0.4967,moved
2022-06-17_Ce45ffmJold,daikuinterior_Ce45ffmJold_4.jpg,kamar-mandi,dapur,0.7829,moved
2022-06-20_CfAreQoppc0,daikuinterior_CfAreQoppc0_0.jpg,dapur,dapur,0.6113,moved
2022-06-20_CfAreQoppc0,daikuinterior_CfAreQoppc0_1.jpg,dapur,dapur,0.6634,moved
2022-06-20_CfAreQoppc0,daikuinterior_CfAreQoppc0_2.jpg,dapur,dapur,0.7659,moved
2022-06-20_CfAreQoppc0,daikuinterior_CfAreQoppc0_3.jpg,dapur,dapur,0.8684,moved
2022-06-20_CfAreQoppc0,daikuinterior_CfAreQoppc0_4.jpg,dapur,dapur,0.6125,moved
2022-06-20_CfBE-akpTNY,daikuinterior_CfBE-akpTNY_0.jpg,ruang-makan,ruang-makan,0.3602,moved
2022-06-20_CfBE-akpTNY,daikuinterior_CfBE-akpTNY_1.jpg,ruang-usaha,ruang-makan,0.4229,moved
2022-06-20_CfBE-akpTNY,daikuinterior_CfBE-akpTNY_2.jpg,perlu-ditinjau,perlu-ditinjau,0.3029,moved
2022-06-20_CfBE6dWpV-P,daikuinterior_CfBE6dWpV-P_0.jpg,furnitur-detail,furnitur-detail,0.5056,moved
2022-06-21_CfDvNEjpAA0,daikuinterior_CfDvNEjpAA0_0.jpg,perlu-ditinjau,perlu-ditinjau,0.5211,moved
2022-06-21_CfDvNEjpAA0,daikuinterior_CfDvNEjpAA0_1.jpg,perlu-ditinjau,perlu-ditinjau,0.3358,moved
2022-06-22_CfG2Pi4J2ey,daikuinterior_CfG2Pi4J2ey_0.jpg,furnitur-detail,furnitur-detail,0.6967,moved
2022-06-24_CfL9EkepFs1,daikuinterior_CfL9EkepFs1_0.jpg,furnitur-detail,furnitur-detail,0.5242,moved
2022-06-25_CfN74CIpxnL,daikuinterior_CfN74CIpxnL_0.jpg,ruang-usaha,ruang-usaha,0.6354,moved
2022-06-25_CfN74CIpxnL,daikuinterior_CfN74CIpxnL_1.jpg,ruang-usaha,ruang-usaha,0.508,moved
2022-06-25_CfN_yodJun9,daikuinterior_CfN_yodJun9_0.jpg,kamar-tidur,kamar-tidur,0.5802,moved
2022-06-27_CfS8Ak2JmHp,daikuinterior_CfS8Ak2JmHp_0.jpg,dapur,dapur,0.8466,moved
2022-06-27_CfS8Ak2JmHp,daikuinterior_CfS8Ak2JmHp_1.jpg,furnitur-detail,dapur,0.5525,moved
2022-06-27_CfS8Ak2JmHp,daikuinterior_CfS8Ak2JmHp_2.jpg,dapur,dapur,0.6352,moved
2022-06-27_CfSnejnJjuk,daikuinterior_CfSnejnJjuk_0.jpg,kamar-tidur,kamar-tidur,0.3562,moved
2022-06-27_CfSnejnJjuk,daikuinterior_CfSnejnJjuk_1.jpg,kamar-tidur,kamar-tidur,0.6542,moved
2022-06-27_CfSnejnJjuk,daikuinterior_CfSnejnJjuk_2.jpg,kamar-tidur,kamar-tidur,0.6338,moved
2022-06-27_CfSnejnJjuk,daikuinterior_CfSnejnJjuk_3.jpg,kamar-tidur,kamar-tidur,0.665,moved
2022-06-27_CfSnejnJjuk,daikuinterior_CfSnejnJjuk_4.jpg,furnitur-detail,kamar-tidur,0.5057,moved
2022-06-27_CfSnejnJjuk,daikuinterior_CfSnejnJjuk_5.jpg,furnitur-detail,kamar-tidur,0.4847,moved
2022-06-28_CfVd6rtpT6t,daikuinterior_CfVd6rtpT6t_0.jpg,dapur,dapur,0.9463,moved
2022-06-28_CfVd6rtpT6t,daikuinterior_CfVd6rtpT6t_1.jpg,dapur,dapur,0.9297,moved
2022-06-28_CfVH4kZJFeL,daikuinterior_CfVH4kZJFeL_0.jpg,eksterior,eksterior,0.9797,moved
2022-06-28_CfVH8uQpE-M,daikuinterior_CfVH8uQpE-M_0.jpg,kamar-mandi,furnitur-detail,0.857,moved
2022-06-28_CfVH8uQpE-M,daikuinterior_CfVH8uQpE-M_1.jpg,furnitur-detail,furnitur-detail,0.8184,moved
2022-06-28_CfVH8uQpE-M,daikuinterior_CfVH8uQpE-M_2.jpg,furnitur-detail,furnitur-detail,0.6953,moved
2022-06-28_CfVpk7cp3zX,daikuinterior_CfVpk7cp3zX_0.jpg,dapur,dapur,0.9548,moved
2022-06-28_CfWRMfspISD,daikuinterior_CfWRMfspISD_0.jpg,furnitur-detail,furnitur-detail,0.5832,moved
2022-06-29_CfX48MSJlkr,daikuinterior_CfX48MSJlkr_0.jpg,furnitur-detail,furnitur-detail,0.4374,moved
2022-06-29_CfX48MSJlkr,daikuinterior_CfX48MSJlkr_1.jpg,furnitur-detail,furnitur-detail,0.3962,moved
2022-06-29_CfX48MSJlkr,daikuinterior_CfX48MSJlkr_2.jpg,kamar-tidur,furnitur-detail,0.4781,moved
2022-06-29_CfX48MSJlkr,daikuinterior_CfX48MSJlkr_3.jpg,furnitur-detail,furnitur-detail,0.6777,moved
2022-06-29_CfX48MSJlkr,daikuinterior_CfX48MSJlkr_4.jpg,kamar-tidur,furnitur-detail,0.9047,moved
2022-06-29_CfX48MSJlkr,daikuinterior_CfX48MSJlkr_5.jpg,furnitur-detail,furnitur-detail,0.4425,moved
2022-06-29_CfX48MSJlkr,daikuinterior_CfX48MSJlkr_6.jpg,kamar-tidur,furnitur-detail,0.91,moved
2022-06-29_CfX5CS6JAW7,daikuinterior_CfX5CS6JAW7_0.jpg,kamar-tidur,kamar-tidur,0.4573,moved
2022-06-29_CfX5CS6JAW7,daikuinterior_CfX5CS6JAW7_1.jpg,kamar-tidur,kamar-tidur,0.6682,moved
2022-06-29_CfX5CS6JAW7,daikuinterior_CfX5CS6JAW7_2.jpg,kamar-tidur,kamar-tidur,0.6151,moved
2022-06-29_CfX5CS6JAW7,daikuinterior_CfX5CS6JAW7_3.jpg,kamar-tidur,kamar-tidur,0.6923,moved
2022-06-29_CfXrf-xpZxi,daikuinterior_CfXrf-xpZxi_0.jpg,eksterior,eksterior,0.9765,moved
2022-06-29_CfXrf-xpZxi,daikuinterior_CfXrf-xpZxi_1.jpg,eksterior,eksterior,0.9811,moved
2022-06-29_CfXrf-xpZxi,daikuinterior_CfXrf-xpZxi_2.jpg,eksterior,eksterior,0.9641,moved
2022-06-29_CfXrf-xpZxi,daikuinterior_CfXrf-xpZxi_3.jpg,eksterior,eksterior,0.9262,moved
2022-06-29_CfXrf-xpZxi,daikuinterior_CfXrf-xpZxi_4.jpg,eksterior,eksterior,0.9746,moved
2022-06-29_CfYgTJHJQYb,daikuinterior_CfYgTJHJQYb_0.webp,perlu-ditinjau,perlu-ditinjau,0.3065,moved
2022-06-29_CfYubCjJycE,daikuinterior_CfYubCjJycE_0.jpg,eksterior,eksterior,0.4175,moved
2022-06-29_CfYubCjJycE,daikuinterior_CfYubCjJycE_1.jpg,perlu-ditinjau,perlu-ditinjau,0.2956,moved
2022-06-29_CfYubCjJycE,daikuinterior_CfYubCjJycE_2.jpg,ruang-usaha,eksterior,0.4327,moved
2022-06-29_CfYubCjJycE,daikuinterior_CfYubCjJycE_3.jpg,eksterior,eksterior,0.464,moved
2022-06-29_CfYubCjJycE,daikuinterior_CfYubCjJycE_4.jpg,perlu-ditinjau,perlu-ditinjau,0.2678,moved
2022-07-01_CfdDQOhJE1M,daikuinterior_CfdDQOhJE1M_0.jpg,ruang-usaha,ruang-usaha,0.4962,moved
2022-07-01_CfdDQOhJE1M,daikuinterior_CfdDQOhJE1M_1.jpg,ruang-usaha,ruang-usaha,0.7895,moved
2022-07-01_CfdDQOhJE1M,daikuinterior_CfdDQOhJE1M_2.jpg,furnitur-detail,ruang-usaha,0.6225,moved
2022-07-01_CfdDQOhJE1M,daikuinterior_CfdDQOhJE1M_3.jpg,ruang-usaha,ruang-usaha,0.6181,moved
2022-07-01_CfdDQOhJE1M,daikuinterior_CfdDQOhJE1M_4.jpg,ruang-usaha,ruang-usaha,0.7823,moved
2022-07-01_CfdDQOhJE1M,daikuinterior_CfdDQOhJE1M_5.jpg,ruang-usaha,ruang-usaha,0.505,moved
2022-07-01_CfdDQOhJE1M,daikuinterior_CfdDQOhJE1M_6.jpg,ruang-usaha,ruang-usaha,0.8708,moved
2022-07-01_CfdLyripC8m,daikuinterior_CfdLyripC8m_0.jpg,dapur,dapur,0.8996,moved
2022-07-01_CfdLyripC8m,daikuinterior_CfdLyripC8m_1.jpg,dapur,dapur,0.9036,moved
2022-07-01_CfdLyripC8m,daikuinterior_CfdLyripC8m_2.jpg,dapur,dapur,0.9505,moved
2022-07-01_CfdLyripC8m,daikuinterior_CfdLyripC8m_3.jpg,dapur,dapur,0.9185,moved
2022-07-02_CffbtAjJH-q,daikuinterior_CffbtAjJH-q_0.jpg,furnitur-detail,dapur,0.397,moved
2022-07-02_CffbtAjJH-q,daikuinterior_CffbtAjJH-q_1.jpg,dapur,dapur,0.8432,moved
2022-07-02_CffbtAjJH-q,daikuinterior_CffbtAjJH-q_2.jpg,dapur,dapur,0.4088,moved
2022-07-02_CffbtAjJH-q,daikuinterior_CffbtAjJH-q_3.jpg,dapur,dapur,0.8919,moved
2022-07-02_CffbtAjJH-q,daikuinterior_CffbtAjJH-q_4.jpg,dapur,dapur,0.8691,moved
2022-07-02_CffnfvFpoOf,daikuinterior_CffnfvFpoOf_0.jpg,kamar-mandi,kamar-mandi,0.8712,moved
2022-07-04_Cfklz4YpEch,daikuinterior_Cfklz4YpEch_0.jpg,furnitur-detail,furnitur-detail,0.4372,moved
2022-07-05_CfntfJvpmue,daikuinterior_CfntfJvpmue_0.jpg,ruang-kerja,kamar-tidur,0.8203,moved
2022-07-05_CfntfJvpmue,daikuinterior_CfntfJvpmue_1.jpg,kamar-tidur,kamar-tidur,0.3742,moved
2022-07-05_CfntfJvpmue,daikuinterior_CfntfJvpmue_2.jpg,kamar-tidur,kamar-tidur,0.5018,moved
2022-07-05_CfntfJvpmue,daikuinterior_CfntfJvpmue_3.jpg,ruang-kerja,kamar-tidur,0.6646,moved
2022-07-05_CfntfJvpmue,daikuinterior_CfntfJvpmue_4.jpg,kamar-tidur,kamar-tidur,0.8432,moved
2022-07-05_CfntfJvpmue,daikuinterior_CfntfJvpmue_5.jpg,ruang-kerja,kamar-tidur,0.8491,moved
2022-07-05_CfntfJvpmue,daikuinterior_CfntfJvpmue_6.jpg,perlu-ditinjau,perlu-ditinjau,0.3345,moved
2022-07-05_CfntfJvpmue,daikuinterior_CfntfJvpmue_7.jpg,kamar-tidur,kamar-tidur,0.4073,moved
2022-07-06_Cfp5EOxptWg,daikuinterior_Cfp5EOxptWg_0.webp,furnitur-detail,furnitur-detail,0.4811,moved
2022-07-06_CfpxJY7pdW1,daikuinterior_CfpxJY7pdW1_0.jpg,furnitur-detail,furnitur-detail,0.6855,moved
2022-07-06_CfpxJY7pdW1,daikuinterior_CfpxJY7pdW1_1.jpg,furnitur-detail,furnitur-detail,0.4136,moved
2022-07-07_CftEB4cJPgN,daikuinterior_CftEB4cJPgN_0.jpg,furnitur-detail,furnitur-detail,0.4729,moved
2022-07-07_CftEB4cJPgN,daikuinterior_CftEB4cJPgN_1.jpg,furnitur-detail,furnitur-detail,0.5719,moved
2022-07-08_CfveGA9JsNw,daikuinterior_CfveGA9JsNw_0.jpg,dapur,dapur,0.9064,moved
2022-07-08_CfveGA9JsNw,daikuinterior_CfveGA9JsNw_1.jpg,dapur,dapur,0.8647,moved
2022-07-09_Cfxk0njJNoc,daikuinterior_Cfxk0njJNoc_0.jpg,perlu-ditinjau,perlu-ditinjau,0.2349,moved
2022-07-09_Cfxk0njJNoc,daikuinterior_Cfxk0njJNoc_1.jpg,ruang-usaha,ruang-usaha,0.6317,moved
2022-07-10_Cf0HPUPJSf6,daikuinterior_Cf0HPUPJSf6_0.jpg,promosi,promosi,0.9917,moved
2022-07-15_CgBbgZqJYE4,daikuinterior_CgBbgZqJYE4_0.jpg,dapur,dapur,0.9494,moved
2022-07-15_CgBbiDpJnyw,daikuinterior_CgBbiDpJnyw_0.jpg,kamar-tidur,kamar-tidur,0.6214,moved
2022-07-19_CgL2t-KJ5t_,daikuinterior_CgL2t-KJ5t__0.jpg,furnitur-detail,furnitur-detail,0.6552,moved
2022-07-19_CgLM16BJcLX,daikuinterior_CgLM16BJcLX_0.jpg,ruang-usaha,ruang-usaha,0.958,moved
2022-07-19_CgLM16BJcLX,daikuinterior_CgLM16BJcLX_1.jpg,ruang-usaha,ruang-usaha,0.8108,moved
2022-07-19_CgLM16BJcLX,daikuinterior_CgLM16BJcLX_2.jpg,perlu-ditinjau,perlu-ditinjau,0.4144,moved
2022-07-19_CgLM8LFpsh-,daikuinterior_CgLM8LFpsh-_0.jpg,kamar-mandi,kamar-mandi,0.4359,moved
2022-07-19_CgLM8LFpsh-,daikuinterior_CgLM8LFpsh-_1.jpg,kamar-mandi,kamar-mandi,0.3796,moved
2022-07-19_CgLM8LFpsh-,daikuinterior_CgLM8LFpsh-_2.jpg,dapur,kamar-mandi,0.6951,moved
2022-07-19_CgLM8LFpsh-,daikuinterior_CgLM8LFpsh-_3.jpg,perlu-ditinjau,perlu-ditinjau,0.2916,moved
2022-07-19_CgLM8LFpsh-,daikuinterior_CgLM8LFpsh-_4.jpg,dapur,kamar-mandi,0.5438,moved
2022-07-19_CgLNnvxpCvW,daikuinterior_CgLNnvxpCvW_0.jpg,kamar-tidur,kamar-tidur,0.6154,moved
2022-07-21_CgQYDdepMfP,daikuinterior_CgQYDdepMfP_0.jpg,furnitur-detail,furnitur-detail,0.5982,moved
2022-07-22_CgTq2cHJhJt,daikuinterior_CgTq2cHJhJt_0.jpg,perlu-ditinjau,perlu-ditinjau,0.2963,moved
2022-07-23_CgVfr-1JTwH,daikuinterior_CgVfr-1JTwH_0.jpg,dapur,dapur,0.3934,moved
2022-07-23_CgVfr-1JTwH,daikuinterior_CgVfr-1JTwH_1.jpg,kamar-mandi,dapur,0.8727,moved
2022-07-23_CgVj72wp8-b,daikuinterior_CgVj72wp8-b_0.webp,perlu-ditinjau,perlu-ditinjau,0.2981,moved
2022-07-23_CgVj72wp8-b,daikuinterior_CgVj72wp8-b_1.webp,perlu-ditinjau,perlu-ditinjau,0.8466,moved
2022-07-23_CgVj72wp8-b,daikuinterior_CgVj72wp8-b_2.webp,promosi,promosi,0.413,moved
2022-07-23_CgVj72wp8-b,daikuinterior_CgVj72wp8-b_3.webp,ruang-usaha,ruang-usaha,0.3974,moved
2022-07-23_CgVj72wp8-b,daikuinterior_CgVj72wp8-b_4.webp,perlu-ditinjau,perlu-ditinjau,0.4825,moved
2022-07-23_CgVj72wp8-b,daikuinterior_CgVj72wp8-b_5.webp,ruang-usaha,ruang-usaha,0.4578,moved
2022-07-23_CgVj72wp8-b,daikuinterior_CgVj72wp8-b_6.webp,promosi,promosi,0.5239,moved
2022-07-23_CgVj72wp8-b,daikuinterior_CgVj72wp8-b_7.webp,ruang-kerja,ruang-usaha,0.7009,moved
2022-07-26_CgdiE2kpt9O,daikuinterior_CgdiE2kpt9O_0.jpg,dapur,dapur,0.7328,moved
2022-07-26_CgdiE2kpt9O,daikuinterior_CgdiE2kpt9O_1.jpg,dapur,dapur,0.6461,moved
2022-07-26_CgdiE2kpt9O,daikuinterior_CgdiE2kpt9O_2.jpg,dapur,dapur,0.864,moved
2022-07-26_CgdqE1-JEIj,daikuinterior_CgdqE1-JEIj_0.jpg,furnitur-detail,furnitur-detail,0.7041,moved
2022-07-26_CgdwT2KJkkm,daikuinterior_CgdwT2KJkkm_0.jpg,perlu-ditinjau,perlu-ditinjau,0.3184,moved
2022-07-30_CgnpUfbpqCj,daikuinterior_CgnpUfbpqCj_0.jpg,promosi,promosi,0.9976,moved
2022-08-03_CgzDa82Jd2k,daikuinterior_CgzDa82Jd2k_0.jpg,kamar-mandi,kamar-mandi,0.6176,moved
2022-08-03_CgzDa82Jd2k,daikuinterior_CgzDa82Jd2k_1.jpg,perlu-ditinjau,perlu-ditinjau,0.2761,moved
2022-08-03_CgzDa82Jd2k,daikuinterior_CgzDa82Jd2k_2.jpg,furnitur-detail,kamar-mandi,0.5334,moved
2022-08-03_CgzDa82Jd2k,daikuinterior_CgzDa82Jd2k_3.jpg,kamar-mandi,kamar-mandi,0.489,moved
2022-08-04_Cg08AVRJ5HG,daikuinterior_Cg08AVRJ5HG_0.jpg,dapur,dapur,0.7188,moved
2022-08-04_Cg08AVRJ5HG,daikuinterior_Cg08AVRJ5HG_1.jpg,furnitur-detail,dapur,0.7,moved
2022-08-04_Cg0cKZZpXhi,daikuinterior_Cg0cKZZpXhi_0.jpg,dapur,dapur,0.8787,moved
2022-08-04_Cg0cKZZpXhi,daikuinterior_Cg0cKZZpXhi_1.jpg,dapur,dapur,0.7232,moved
2022-08-05_Cg3MaW4pbxA,daikuinterior_Cg3MaW4pbxA_0.jpg,kamar-tidur,furnitur-detail,0.7809,moved
2022-08-05_Cg3MaW4pbxA,daikuinterior_Cg3MaW4pbxA_1.jpg,furnitur-detail,furnitur-detail,0.796,moved
2022-08-05_Cg3MaW4pbxA,daikuinterior_Cg3MaW4pbxA_2.jpg,furnitur-detail,furnitur-detail,0.9002,moved
2022-08-05_Cg3MaW4pbxA,daikuinterior_Cg3MaW4pbxA_3.jpg,furnitur-detail,furnitur-detail,0.3985,moved
2022-08-05_Cg3MaW4pbxA,daikuinterior_Cg3MaW4pbxA_4.jpg,ruang-keluarga,furnitur-detail,0.4647,moved
2022-08-05_Cg3MaW4pbxA,daikuinterior_Cg3MaW4pbxA_5.jpg,kamar-tidur,furnitur-detail,0.8337,moved
2022-08-05_Cg3MaW4pbxA,daikuinterior_Cg3MaW4pbxA_6.jpg,ruang-keluarga,furnitur-detail,0.5248,moved
2022-08-09_ChCdUeDJ3l5,daikuinterior_ChCdUeDJ3l5_0.jpg,furnitur-detail,furnitur-detail,0.7793,moved
2022-08-09_ChCdUeDJ3l5,daikuinterior_ChCdUeDJ3l5_1.jpg,furnitur-detail,furnitur-detail,0.7045,moved
2022-08-09_ChCdUeDJ3l5,daikuinterior_ChCdUeDJ3l5_2.jpg,furnitur-detail,furnitur-detail,0.8301,moved
2022-08-15_ChRB_AepyoK,daikuinterior_ChRB_AepyoK_0.jpg,furnitur-detail,furnitur-detail,0.3413,moved
2022-08-15_ChRB_AepyoK,daikuinterior_ChRB_AepyoK_1.jpg,kamar-tidur,furnitur-detail,0.6237,moved
2022-08-16_ChTtQjqJH0u,daikuinterior_ChTtQjqJH0u_0.jpg,kamar-tidur,kamar-tidur,0.876,moved
2022-08-16_ChTtQjqJH0u,daikuinterior_ChTtQjqJH0u_1.jpg,kamar-tidur,kamar-tidur,0.7083,moved
2022-08-16_ChTtQjqJH0u,daikuinterior_ChTtQjqJH0u_2.jpg,kamar-tidur,kamar-tidur,0.8152,moved
2022-08-16_ChTtQjqJH0u,daikuinterior_ChTtQjqJH0u_3.jpg,perlu-ditinjau,perlu-ditinjau,0.339,moved
2022-08-17_ChWCqJlJqMO,daikuinterior_ChWCqJlJqMO_0.jpg,promosi,promosi,0.9996,moved
2022-08-19_ChbJd1hJSBZ,daikuinterior_ChbJd1hJSBZ_0.jpg,dapur,dapur,0.9255,moved
2022-08-22_ChjZadQJMR1,daikuinterior_ChjZadQJMR1_0.jpg,dapur,dapur,0.951,moved
2022-08-22_ChjZadQJMR1,daikuinterior_ChjZadQJMR1_1.jpg,dapur,dapur,0.9527,moved
2022-08-22_ChjZadQJMR1,daikuinterior_ChjZadQJMR1_2.jpg,dapur,dapur,0.9546,moved
2022-08-22_ChjZadQJMR1,daikuinterior_ChjZadQJMR1_3.jpg,dapur,dapur,0.9419,moved
2022-08-24_ChoDVgsJ3W-,daikuinterior_ChoDVgsJ3W-_0.jpg,dapur,dapur,0.7376,moved
2022-08-27_ChvpuekJcJu,daikuinterior_ChvpuekJcJu_0.jpg,furnitur-detail,furnitur-detail,0.5066,moved
2022-08-27_ChvpuekJcJu,daikuinterior_ChvpuekJcJu_1.jpg,furnitur-detail,furnitur-detail,0.8479,moved
2022-08-27_ChvpuekJcJu,daikuinterior_ChvpuekJcJu_2.jpg,furnitur-detail,furnitur-detail,0.3669,moved
2022-08-27_ChvpuekJcJu,daikuinterior_ChvpuekJcJu_3.jpg,ruang-usaha,furnitur-detail,0.6192,moved
2022-08-27_ChvpuekJcJu,daikuinterior_ChvpuekJcJu_4.jpg,furnitur-detail,furnitur-detail,0.4328,moved
2022-08-27_ChvpuekJcJu,daikuinterior_ChvpuekJcJu_5.jpg,furnitur-detail,furnitur-detail,0.5336,moved
2022-08-27_ChvpuekJcJu,daikuinterior_ChvpuekJcJu_6.jpg,furnitur-detail,furnitur-detail,0.5098,moved
2022-08-27_ChvpuekJcJu,daikuinterior_ChvpuekJcJu_7.jpg,furnitur-detail,furnitur-detail,0.5006,moved
2022-08-29_Ch0_a7cJ_3y,daikuinterior_Ch0_a7cJ_3y_0.jpg,furnitur-detail,furnitur-detail,0.7889,moved
2022-08-29_Ch0_a7cJ_3y,daikuinterior_Ch0_a7cJ_3y_1.jpg,furnitur-detail,furnitur-detail,0.8075,moved
2022-08-29_Ch0_a7cJ_3y,daikuinterior_Ch0_a7cJ_3y_2.jpg,kamar-mandi,furnitur-detail,0.6235,moved
2022-08-29_Ch0_a7cJ_3y,daikuinterior_Ch0_a7cJ_3y_3.jpg,furnitur-detail,furnitur-detail,0.424,moved
2022-08-29_Ch0_a7cJ_3y,daikuinterior_Ch0_a7cJ_3y_4.jpg,furnitur-detail,furnitur-detail,0.5371,moved
2022-09-01_Ch84KtTpoEs,daikuinterior_Ch84KtTpoEs_0.jpg,kamar-mandi,furnitur-detail,0.5046,moved
2022-09-01_Ch84KtTpoEs,daikuinterior_Ch84KtTpoEs_1.jpg,furnitur-detail,furnitur-detail,0.3514,moved
2022-09-01_Ch84KtTpoEs,daikuinterior_Ch84KtTpoEs_2.jpg,furnitur-detail,furnitur-detail,0.5587,moved
2022-09-01_Ch84KtTpoEs,daikuinterior_Ch84KtTpoEs_3.jpg,furnitur-detail,furnitur-detail,0.4334,moved
2022-09-01_Ch84KtTpoEs,daikuinterior_Ch84KtTpoEs_4.jpg,ruang-kerja,furnitur-detail,0.7864,moved
2022-09-01_Ch84KtTpoEs,daikuinterior_Ch84KtTpoEs_5.jpg,kamar-mandi,furnitur-detail,0.4222,moved
2022-09-01_Ch84KtTpoEs,daikuinterior_Ch84KtTpoEs_6.jpg,furnitur-detail,furnitur-detail,0.5245,moved
2022-09-01_Ch8kr-mprvg,daikuinterior_Ch8kr-mprvg_0.jpg,furnitur-detail,kamar-tidur,0.3951,moved
2022-09-01_Ch8kr-mprvg,daikuinterior_Ch8kr-mprvg_1.jpg,kamar-tidur,kamar-tidur,0.7007,moved
2022-09-01_Ch8kr-mprvg,daikuinterior_Ch8kr-mprvg_2.jpg,kamar-tidur,kamar-tidur,0.6241,moved
2022-09-01_Ch8kr-mprvg,daikuinterior_Ch8kr-mprvg_3.jpg,kamar-tidur,kamar-tidur,0.502,moved
2022-09-01_Ch8kr-mprvg,daikuinterior_Ch8kr-mprvg_4.jpg,perlu-ditinjau,perlu-ditinjau,0.3353,moved
2022-09-03_CiBsNQjphZo,daikuinterior_CiBsNQjphZo_0.jpg,furnitur-detail,furnitur-detail,0.8061,moved
2022-09-03_CiBsNQjphZo,daikuinterior_CiBsNQjphZo_1.jpg,furnitur-detail,furnitur-detail,0.4378,moved
2022-09-12_CiY2Cz3JZQi,daikuinterior_CiY2Cz3JZQi_0.jpg,dapur,dapur,0.6206,moved
2022-09-12_CiY2Cz3JZQi,daikuinterior_CiY2Cz3JZQi_1.jpg,furnitur-detail,dapur,0.7387,moved
2022-09-12_CiY2Cz3JZQi,daikuinterior_CiY2Cz3JZQi_2.jpg,furnitur-detail,dapur,0.5786,moved
2022-09-12_CiY2Cz3JZQi,daikuinterior_CiY2Cz3JZQi_3.jpg,dapur,dapur,0.5833,moved
2022-09-12_CiY2hRSJaVK,daikuinterior_CiY2hRSJaVK_0.jpg,ruang-usaha,ruang-usaha,0.7877,moved
2022-09-12_CiY2hRSJaVK,daikuinterior_CiY2hRSJaVK_1.jpg,ruang-usaha,ruang-usaha,0.8183,moved
2022-09-12_CiY2hRSJaVK,daikuinterior_CiY2hRSJaVK_2.jpg,ruang-usaha,ruang-usaha,0.9654,moved
2022-09-12_CiY2hRSJaVK,daikuinterior_CiY2hRSJaVK_3.jpg,perlu-ditinjau,perlu-ditinjau,0.2885,moved
2022-09-12_CiY2hRSJaVK,daikuinterior_CiY2hRSJaVK_4.jpg,ruang-usaha,ruang-usaha,0.9768,moved
2022-09-12_CiY2hRSJaVK,daikuinterior_CiY2hRSJaVK_5.jpg,ruang-usaha,ruang-usaha,0.4934,moved
2022-09-12_CiY2hRSJaVK,daikuinterior_CiY2hRSJaVK_6.jpg,ruang-usaha,ruang-usaha,0.9784,moved
2022-09-12_CiY2hRSJaVK,daikuinterior_CiY2hRSJaVK_7.jpg,ruang-usaha,ruang-usaha,0.9956,moved
2022-09-12_CiY2hRSJaVK,daikuinterior_CiY2hRSJaVK_8.jpg,ruang-usaha,ruang-usaha,0.9902,moved
2022-09-12_CiY2hRSJaVK,daikuinterior_CiY2hRSJaVK_9.jpg,ruang-usaha,ruang-usaha,0.9386,moved
2022-09-16_CijTuaWJU4i,daikuinterior_CijTuaWJU4i_0.jpg,ruang-usaha,ruang-usaha,0.6358,moved
2022-09-22_CiypzHDpmey,daikuinterior_CiypzHDpmey_0.jpg,kamar-mandi,kamar-mandi,0.9486,moved
2022-09-22_CiypzHDpmey,daikuinterior_CiypzHDpmey_1.jpg,kamar-mandi,kamar-mandi,0.5006,moved
2022-09-22_CiypzHDpmey,daikuinterior_CiypzHDpmey_2.jpg,furnitur-detail,kamar-mandi,0.6777,moved
2022-10-01_CjJ_aOxJwZm,daikuinterior_CjJ_aOxJwZm_0.jpg,dapur,dapur,0.8533,moved
2022-10-01_CjJ_aOxJwZm,daikuinterior_CjJ_aOxJwZm_1.jpg,dapur,dapur,0.7635,moved
2022-10-01_CjJ_aOxJwZm,daikuinterior_CjJ_aOxJwZm_2.jpg,kamar-mandi,dapur,0.3598,moved
2022-10-01_CjJ_aOxJwZm,daikuinterior_CjJ_aOxJwZm_3.jpg,furnitur-detail,dapur,0.5476,moved
2022-10-01_CjJ_qjKpNAL,daikuinterior_CjJ_qjKpNAL_0.jpg,dapur,dapur,0.721,moved
2022-10-01_CjJ_qjKpNAL,daikuinterior_CjJ_qjKpNAL_1.jpg,kamar-mandi,dapur,0.8621,moved
2022-10-01_CjJ_qjKpNAL,daikuinterior_CjJ_qjKpNAL_2.jpg,kamar-mandi,dapur,0.9119,moved
2022-10-01_CjJ_qjKpNAL,daikuinterior_CjJ_qjKpNAL_3.jpg,perlu-ditinjau,perlu-ditinjau,0.3214,moved
2022-10-01_CjJ_qjKpNAL,daikuinterior_CjJ_qjKpNAL_4.jpg,dapur,dapur,0.7199,moved
2022-10-01_CjKI5_BJiTJ,daikuinterior_CjKI5_BJiTJ_0.jpg,furnitur-detail,furnitur-detail,0.5537,moved
2022-10-05_CjUO_TbJHXy,daikuinterior_CjUO_TbJHXy_0.jpg,dapur,dapur,0.925,moved
2022-10-05_CjUO_TbJHXy,daikuinterior_CjUO_TbJHXy_1.jpg,dapur,dapur,0.9102,moved
2022-10-05_CjUO_TbJHXy,daikuinterior_CjUO_TbJHXy_2.jpg,dapur,dapur,0.9232,moved
2022-10-05_CjUWEddpsI4,daikuinterior_CjUWEddpsI4_0.jpg,ruang-usaha,kamar-mandi,0.4213,moved
2022-10-05_CjUWEddpsI4,daikuinterior_CjUWEddpsI4_1.jpg,kamar-mandi,kamar-mandi,0.7333,moved
2022-10-05_CjUWEddpsI4,daikuinterior_CjUWEddpsI4_2.jpg,perlu-ditinjau,perlu-ditinjau,0.2248,moved
2022-10-05_CjUWEddpsI4,daikuinterior_CjUWEddpsI4_3.jpg,kamar-mandi,kamar-mandi,0.7817,moved
2022-10-10_Cjh5ZIHJ5cP,daikuinterior_Cjh5ZIHJ5cP_0.jpg,dapur,dapur,0.486,moved
2022-10-10_Cjh5ZIHJ5cP,daikuinterior_Cjh5ZIHJ5cP_1.jpg,dapur,dapur,0.5914,moved
2022-10-10_Cjh5ZIHJ5cP,daikuinterior_Cjh5ZIHJ5cP_2.jpg,perlu-ditinjau,perlu-ditinjau,0.24,moved
2022-10-10_Cjh5ZIHJ5cP,daikuinterior_Cjh5ZIHJ5cP_3.jpg,furnitur-detail,dapur,0.3586,moved
2022-10-10_CjhE03xpNGs,daikuinterior_CjhE03xpNGs_0.jpg,furnitur-detail,furnitur-detail,0.7158,moved
2022-10-10_CjhE03xpNGs,daikuinterior_CjhE03xpNGs_1.jpg,furnitur-detail,furnitur-detail,0.7799,moved
2022-10-19_Cj5O1IZJcDF,daikuinterior_Cj5O1IZJcDF_0.jpg,furnitur-detail,furnitur-detail,0.5955,moved
2022-10-19_Cj5O1IZJcDF,daikuinterior_Cj5O1IZJcDF_1.jpg,kamar-mandi,furnitur-detail,0.8226,moved
2022-10-19_Cj5O1IZJcDF,daikuinterior_Cj5O1IZJcDF_2.jpg,furnitur-detail,furnitur-detail,0.6257,moved
2022-10-19_Cj5O1IZJcDF,daikuinterior_Cj5O1IZJcDF_3.jpg,kamar-mandi,furnitur-detail,0.8843,moved
2022-10-19_Cj5O1IZJcDF,daikuinterior_Cj5O1IZJcDF_4.jpg,furnitur-detail,furnitur-detail,0.5975,moved
2022-10-20_Cj7YWGtJdw-,daikuinterior_Cj7YWGtJdw-_0.jpg,dapur,dapur,0.4786,moved
2022-10-20_Cj7YWGtJdw-,daikuinterior_Cj7YWGtJdw-_1.jpg,dapur,dapur,0.8859,moved
2022-10-20_Cj7YWGtJdw-,daikuinterior_Cj7YWGtJdw-_2.jpg,kamar-mandi,dapur,0.593,moved
2022-10-20_Cj7YWGtJdw-,daikuinterior_Cj7YWGtJdw-_3.jpg,dapur,dapur,0.747,moved
2022-10-24_CkE_d2ZpjKJ,daikuinterior_CkE_d2ZpjKJ_0.jpg,ruang-usaha,ruang-usaha,0.9451,moved
2022-10-24_CkE_d2ZpjKJ,daikuinterior_CkE_d2ZpjKJ_1.jpg,perlu-ditinjau,perlu-ditinjau,0.2706,moved
2022-10-24_CkE_d2ZpjKJ,daikuinterior_CkE_d2ZpjKJ_2.jpg,kamar-mandi,ruang-usaha,0.5065,moved
2022-10-24_CkE_d2ZpjKJ,daikuinterior_CkE_d2ZpjKJ_3.jpg,ruang-kerja,ruang-usaha,0.4471,moved
2022-10-26_CkKMJrWpqSH,daikuinterior_CkKMJrWpqSH_0.jpg,dapur,dapur,0.7743,moved
2022-10-26_CkKMJrWpqSH,daikuinterior_CkKMJrWpqSH_1.jpg,dapur,dapur,0.4886,moved
2022-10-26_CkKMJrWpqSH,daikuinterior_CkKMJrWpqSH_2.jpg,dapur,dapur,0.9005,moved
2022-10-26_CkKMJrWpqSH,daikuinterior_CkKMJrWpqSH_3.jpg,dapur,dapur,0.7173,moved
2022-10-27_CkM41jHpnq2,daikuinterior_CkM41jHpnq2_0.webp,furnitur-detail,furnitur-detail,0.7181,moved
2022-10-27_CkM41jHpnq2,daikuinterior_CkM41jHpnq2_1.webp,furnitur-detail,furnitur-detail,0.4871,moved
2022-10-27_CkM41jHpnq2,daikuinterior_CkM41jHpnq2_2.webp,furnitur-detail,furnitur-detail,0.7863,moved
2022-11-07_CkpRcXshhUr,daikuinterior_CkpRcXshhUr_0.jpg,dapur,dapur,0.8223,moved
2022-11-07_CkpRcXshhUr,daikuinterior_CkpRcXshhUr_1.jpg,dapur,dapur,0.8268,moved
2022-11-07_CkpRlIzheI_,daikuinterior_CkpRlIzheI__0.jpg,furnitur-detail,furnitur-detail,0.807,moved
2022-11-07_CkpRlIzheI_,daikuinterior_CkpRlIzheI__1.jpg,furnitur-detail,furnitur-detail,0.8606,moved
2022-11-07_CkpRlIzheI_,daikuinterior_CkpRlIzheI__2.jpg,furnitur-detail,furnitur-detail,0.6466,moved
2022-11-07_CkpRlIzheI_,daikuinterior_CkpRlIzheI__3.jpg,furnitur-detail,furnitur-detail,0.646,moved
2022-11-08_Ckrmd2lpuJ7,daikuinterior_Ckrmd2lpuJ7_0.jpg,ruang-usaha,ruang-usaha,0.8365,moved
2022-11-08_Ckrmd2lpuJ7,daikuinterior_Ckrmd2lpuJ7_1.jpg,ruang-usaha,ruang-usaha,0.4262,moved
2022-11-08_Ckrmd2lpuJ7,daikuinterior_Ckrmd2lpuJ7_2.jpg,perlu-ditinjau,perlu-ditinjau,0.3205,moved
2022-11-08_Ckrmd2lpuJ7,daikuinterior_Ckrmd2lpuJ7_3.jpg,perlu-ditinjau,perlu-ditinjau,0.3088,moved
2022-11-08_Ckrmd2lpuJ7,daikuinterior_Ckrmd2lpuJ7_4.jpg,furnitur-detail,ruang-usaha,0.465,moved
2022-11-09_CkvcZZ2JS-E,daikuinterior_CkvcZZ2JS-E_0.jpg,furnitur-detail,furnitur-detail,0.804,moved
2022-11-15_Ck-x-onpQst,daikuinterior_Ck-x-onpQst_0.jpg,ruang-kerja,ruang-kerja,0.8628,moved
2022-11-15_Ck-x-onpQst,daikuinterior_Ck-x-onpQst_1.jpg,ruang-kerja,ruang-kerja,0.6813,moved
2022-11-15_Ck-x-onpQst,daikuinterior_Ck-x-onpQst_2.jpg,ruang-kerja,ruang-kerja,0.5275,moved
2022-11-15_Ck-x-onpQst,daikuinterior_Ck-x-onpQst_3.jpg,ruang-kerja,ruang-kerja,0.8451,moved
2022-11-15_Ck-x-onpQst,daikuinterior_Ck-x-onpQst_4.jpg,ruang-kerja,ruang-kerja,0.9543,moved
2022-11-15_Ck-x-onpQst,daikuinterior_Ck-x-onpQst_5.jpg,furnitur-detail,ruang-kerja,0.6129,moved
2022-11-15_Ck-x-onpQst,daikuinterior_Ck-x-onpQst_6.jpg,perlu-ditinjau,perlu-ditinjau,0.2694,moved
2022-11-15_Ck-x-onpQst,daikuinterior_Ck-x-onpQst_7.jpg,ruang-kerja,ruang-kerja,0.8175,moved
2022-11-15_Ck-x-onpQst,daikuinterior_Ck-x-onpQst_8.jpg,ruang-kerja,ruang-kerja,0.843,moved
2022-11-15_Ck-x-onpQst,daikuinterior_Ck-x-onpQst_9.jpg,ruang-kerja,ruang-kerja,0.901,moved
2022-11-15_Ck-xzgeJaUt,daikuinterior_Ck-xzgeJaUt_0.jpg,ruang-kerja,ruang-kerja,0.8083,moved
2022-11-15_Ck-xzgeJaUt,daikuinterior_Ck-xzgeJaUt_1.jpg,ruang-kerja,ruang-kerja,0.6844,moved
2022-11-15_Ck-xzgeJaUt,daikuinterior_Ck-xzgeJaUt_2.jpg,ruang-kerja,ruang-kerja,0.6842,moved
2022-11-15_Ck-xzgeJaUt,daikuinterior_Ck-xzgeJaUt_3.jpg,ruang-kerja,ruang-kerja,0.7052,moved
2022-11-15_Ck-xzgeJaUt,daikuinterior_Ck-xzgeJaUt_4.jpg,ruang-kerja,ruang-kerja,0.4357,moved
2022-11-15_Ck-xzgeJaUt,daikuinterior_Ck-xzgeJaUt_5.jpg,ruang-kerja,ruang-kerja,0.4475,moved
2022-11-17_ClDRpbJJ-VP,daikuinterior_ClDRpbJJ-VP_0.jpg,furnitur-detail,furnitur-detail,0.8453,moved
2022-12-03_ClsCFQYJ7Mv,daikuinterior_ClsCFQYJ7Mv_0.jpg,furnitur-detail,furnitur-detail,0.5529,moved
2022-12-03_ClsCFQYJ7Mv,daikuinterior_ClsCFQYJ7Mv_1.jpg,furnitur-detail,furnitur-detail,0.802,moved
2022-12-03_ClsCFQYJ7Mv,daikuinterior_ClsCFQYJ7Mv_2.jpg,furnitur-detail,furnitur-detail,0.3689,moved
2022-12-03_ClsG5fTJA6s,daikuinterior_ClsG5fTJA6s_0.jpg,kamar-tidur,kamar-tidur,0.5912,moved
2022-12-03_ClsG5fTJA6s,daikuinterior_ClsG5fTJA6s_1.jpg,kamar-tidur,kamar-tidur,0.8436,moved
2022-12-03_ClsG5fTJA6s,daikuinterior_ClsG5fTJA6s_2.jpg,furnitur-detail,kamar-tidur,0.8014,moved
2022-12-03_ClsG5fTJA6s,daikuinterior_ClsG5fTJA6s_3.jpg,kamar-tidur,kamar-tidur,0.637,moved
2022-12-03_ClsG5fTJA6s,daikuinterior_ClsG5fTJA6s_4.jpg,furnitur-detail,kamar-tidur,0.3496,moved
2022-12-03_ClsG5fTJA6s,daikuinterior_ClsG5fTJA6s_5.jpg,kamar-tidur,kamar-tidur,0.4304,moved
2022-12-03_ClsG5fTJA6s,daikuinterior_ClsG5fTJA6s_6.jpg,kamar-mandi,kamar-tidur,0.3413,moved
2022-12-03_ClsG5fTJA6s,daikuinterior_ClsG5fTJA6s_7.jpg,ruang-kerja,kamar-tidur,0.7793,moved
2022-12-05_ClxVH0YJoGO,daikuinterior_ClxVH0YJoGO_0.jpg,ruang-usaha,ruang-usaha,0.3667,moved
2022-12-05_ClxVH0YJoGO,daikuinterior_ClxVH0YJoGO_1.jpg,ruang-usaha,ruang-usaha,0.7273,moved
2022-12-05_ClxVH0YJoGO,daikuinterior_ClxVH0YJoGO_2.jpg,furnitur-detail,ruang-usaha,0.6482,moved
2022-12-05_ClxVH0YJoGO,daikuinterior_ClxVH0YJoGO_3.jpg,ruang-usaha,ruang-usaha,0.605,moved
2022-12-05_ClxVH0YJoGO,daikuinterior_ClxVH0YJoGO_4.jpg,furnitur-detail,ruang-usaha,0.6964,moved
2022-12-05_ClxVQrKpJg1,daikuinterior_ClxVQrKpJg1_0.jpg,ruang-usaha,ruang-usaha,0.8448,moved
2022-12-05_ClxVQrKpJg1,daikuinterior_ClxVQrKpJg1_1.jpg,ruang-usaha,ruang-usaha,0.7942,moved
2022-12-05_ClxVQrKpJg1,daikuinterior_ClxVQrKpJg1_2.jpg,ruang-usaha,ruang-usaha,0.5484,moved
2022-12-05_ClxVQrKpJg1,daikuinterior_ClxVQrKpJg1_3.jpg,perlu-ditinjau,perlu-ditinjau,0.4874,moved
2022-12-05_Clya-ALJ1PQ,daikuinterior_Clya-ALJ1PQ_0.jpg,kamar-tidur,kamar-tidur,0.6992,moved
2022-12-05_Clya-ALJ1PQ,daikuinterior_Clya-ALJ1PQ_1.jpg,kamar-tidur,kamar-tidur,0.5163,moved
2022-12-05_Clya-ALJ1PQ,daikuinterior_Clya-ALJ1PQ_2.jpg,kamar-tidur,kamar-tidur,0.5142,moved
2022-12-05_Clya-ALJ1PQ,daikuinterior_Clya-ALJ1PQ_3.jpg,kamar-mandi,kamar-tidur,0.9178,moved
2022-12-05_Clya-ALJ1PQ,daikuinterior_Clya-ALJ1PQ_4.jpg,furnitur-detail,kamar-tidur,0.4002,moved
2022-12-06_Cl1ByYzp7Qj,daikuinterior_Cl1ByYzp7Qj_0.jpg,kamar-tidur,kamar-tidur,0.7017,moved
2022-12-06_Cl1ByYzp7Qj,daikuinterior_Cl1ByYzp7Qj_1.jpg,kamar-tidur,kamar-tidur,0.4063,moved
2022-12-06_Cl1ByYzp7Qj,daikuinterior_Cl1ByYzp7Qj_2.jpg,kamar-tidur,kamar-tidur,0.4705,moved
2022-12-07_Cl2fCCOJ-At,daikuinterior_Cl2fCCOJ-At_0.jpg,perlu-ditinjau,perlu-ditinjau,0.3357,moved
2022-12-07_Cl2fCCOJ-At,daikuinterior_Cl2fCCOJ-At_1.jpg,ruang-kerja,ruang-kerja,0.5046,moved
2022-12-07_Cl2fCCOJ-At,daikuinterior_Cl2fCCOJ-At_2.jpg,perlu-ditinjau,perlu-ditinjau,0.3213,moved
2022-12-07_Cl2fCCOJ-At,daikuinterior_Cl2fCCOJ-At_3.jpg,furnitur-detail,ruang-kerja,0.4297,moved
2022-12-07_Cl2fGnSJ3Yy,daikuinterior_Cl2fGnSJ3Yy_0.jpg,ruang-usaha,ruang-usaha,0.4738,moved
2022-12-07_Cl2fGnSJ3Yy,daikuinterior_Cl2fGnSJ3Yy_1.jpg,ruang-usaha,ruang-usaha,0.4124,moved
2022-12-07_Cl2fPyhJAC1,daikuinterior_Cl2fPyhJAC1_0.jpg,kamar-tidur,furnitur-detail,0.8461,moved
2022-12-07_Cl2fPyhJAC1,daikuinterior_Cl2fPyhJAC1_1.jpg,ruang-kerja,furnitur-detail,0.4692,moved
2022-12-07_Cl2fPyhJAC1,daikuinterior_Cl2fPyhJAC1_2.jpg,kamar-tidur,furnitur-detail,0.8681,moved
2022-12-07_Cl2fPyhJAC1,daikuinterior_Cl2fPyhJAC1_3.jpg,furnitur-detail,furnitur-detail,0.4318,moved
2022-12-07_Cl2fPyhJAC1,daikuinterior_Cl2fPyhJAC1_4.jpg,furnitur-detail,furnitur-detail,0.5456,moved
2022-12-07_Cl2fPyhJAC1,daikuinterior_Cl2fPyhJAC1_5.jpg,kamar-mandi,furnitur-detail,0.4997,moved
2022-12-07_Cl2fPyhJAC1,daikuinterior_Cl2fPyhJAC1_6.jpg,furnitur-detail,furnitur-detail,0.5174,moved
2022-12-07_Cl2fPyhJAC1,daikuinterior_Cl2fPyhJAC1_7.jpg,furnitur-detail,furnitur-detail,0.4099,moved
2022-12-07_Cl2fPyhJAC1,daikuinterior_Cl2fPyhJAC1_8.jpg,kamar-tidur,furnitur-detail,0.569,moved
2022-12-08_Cl5D22_pNMR,daikuinterior_Cl5D22_pNMR_0.jpg,ruang-usaha,ruang-usaha,0.6989,moved
2022-12-08_Cl5D22_pNMR,daikuinterior_Cl5D22_pNMR_1.jpg,ruang-usaha,ruang-usaha,0.629,moved
2022-12-08_Cl5D22_pNMR,daikuinterior_Cl5D22_pNMR_2.jpg,perlu-ditinjau,perlu-ditinjau,0.2866,moved
2022-12-08_Cl5D22_pNMR,daikuinterior_Cl5D22_pNMR_3.jpg,furnitur-detail,ruang-usaha,0.6926,moved
2022-12-08_Cl5D22_pNMR,daikuinterior_Cl5D22_pNMR_4.jpg,furnitur-detail,ruang-usaha,0.8454,moved
2022-12-08_Cl5D22_pNMR,daikuinterior_Cl5D22_pNMR_5.jpg,ruang-usaha,ruang-usaha,0.5526,moved
2022-12-08_Cl5D7OTJ15Z,daikuinterior_Cl5D7OTJ15Z_0.jpg,furnitur-detail,furnitur-detail,0.4913,moved
2022-12-08_Cl5D7OTJ15Z,daikuinterior_Cl5D7OTJ15Z_1.jpg,perlu-ditinjau,perlu-ditinjau,0.3023,moved
2022-12-08_Cl5D7OTJ15Z,daikuinterior_Cl5D7OTJ15Z_2.jpg,perlu-ditinjau,perlu-ditinjau,0.297,moved
2022-12-08_Cl5DcrIJfqM,daikuinterior_Cl5DcrIJfqM_0.jpg,furnitur-detail,furnitur-detail,0.4845,moved
2022-12-08_Cl5DcrIJfqM,daikuinterior_Cl5DcrIJfqM_1.jpg,kamar-mandi,furnitur-detail,0.7191,moved
2022-12-09_Cl7i3mcpQLE,daikuinterior_Cl7i3mcpQLE_0.jpg,kamar-tidur,kamar-tidur,0.7268,moved
2022-12-09_Cl7i3mcpQLE,daikuinterior_Cl7i3mcpQLE_1.jpg,kamar-tidur,kamar-tidur,0.7821,moved
2022-12-09_Cl7i3mcpQLE,daikuinterior_Cl7i3mcpQLE_2.jpg,kamar-tidur,kamar-tidur,0.6141,moved
2022-12-09_Cl7i3mcpQLE,daikuinterior_Cl7i3mcpQLE_3.jpg,dapur,kamar-tidur,0.4589,moved
2022-12-09_Cl7i3mcpQLE,daikuinterior_Cl7i3mcpQLE_4.jpg,furnitur-detail,kamar-tidur,0.7382,moved
2022-12-09_Cl7i3mcpQLE,daikuinterior_Cl7i3mcpQLE_5.jpg,kamar-tidur,kamar-tidur,0.626,moved
2022-12-09_Cl7i3mcpQLE,daikuinterior_Cl7i3mcpQLE_6.jpg,kamar-mandi,kamar-tidur,0.3915,moved
2022-12-09_Cl7i3mcpQLE,daikuinterior_Cl7i3mcpQLE_7.jpg,kamar-tidur,kamar-tidur,0.7541,moved
2022-12-09_Cl7i3mcpQLE,daikuinterior_Cl7i3mcpQLE_8.jpg,kamar-mandi,kamar-tidur,0.8107,moved
2022-12-09_Cl7i3mcpQLE,daikuinterior_Cl7i3mcpQLE_9.jpg,perlu-ditinjau,perlu-ditinjau,0.2477,moved
2022-12-09_Cl7oT-2Jh2x,daikuinterior_Cl7oT-2Jh2x_0.jpg,ruang-usaha,ruang-usaha,0.9503,moved
2022-12-09_Cl7oT-2Jh2x,daikuinterior_Cl7oT-2Jh2x_1.jpg,ruang-usaha,ruang-usaha,0.8631,moved
2022-12-09_Cl7oT-2Jh2x,daikuinterior_Cl7oT-2Jh2x_2.jpg,ruang-usaha,ruang-usaha,0.9699,moved
2022-12-09_Cl7oT-2Jh2x,daikuinterior_Cl7oT-2Jh2x_3.jpg,ruang-usaha,ruang-usaha,0.9809,moved
2022-12-09_Cl7oT-2Jh2x,daikuinterior_Cl7oT-2Jh2x_4.jpg,ruang-usaha,ruang-usaha,0.9809,moved
2022-12-09_Cl7oT-2Jh2x,daikuinterior_Cl7oT-2Jh2x_5.jpg,ruang-usaha,ruang-usaha,0.9809,moved
2022-12-09_Cl7oT-2Jh2x,daikuinterior_Cl7oT-2Jh2x_6.jpg,ruang-usaha,ruang-usaha,0.8479,moved
2022-12-09_Cl7oT-2Jh2x,daikuinterior_Cl7oT-2Jh2x_7.jpg,ruang-usaha,ruang-usaha,0.7474,moved
2022-12-09_Cl7oT-2Jh2x,daikuinterior_Cl7oT-2Jh2x_8.jpg,ruang-usaha,ruang-usaha,0.9476,moved
2022-12-10_Cl-MXAZpGO3,daikuinterior_Cl-MXAZpGO3_0.jpg,kamar-tidur,kamar-tidur,0.8213,moved
2022-12-10_Cl-MXAZpGO3,daikuinterior_Cl-MXAZpGO3_1.jpg,kamar-tidur,kamar-tidur,0.9214,moved
2022-12-10_Cl-MXAZpGO3,daikuinterior_Cl-MXAZpGO3_2.jpg,kamar-tidur,kamar-tidur,0.4478,moved
2022-12-10_Cl-MXAZpGO3,daikuinterior_Cl-MXAZpGO3_3.jpg,furnitur-detail,kamar-tidur,0.7686,moved
2022-12-10_Cl-MXAZpGO3,daikuinterior_Cl-MXAZpGO3_4.jpg,furnitur-detail,kamar-tidur,0.5774,moved
2022-12-10_Cl-MXAZpGO3,daikuinterior_Cl-MXAZpGO3_5.jpg,kamar-mandi,kamar-tidur,0.9887,moved
2022-12-10_Cl-MXAZpGO3,daikuinterior_Cl-MXAZpGO3_6.jpg,kamar-mandi,kamar-tidur,0.9844,moved
2022-12-10_Cl-MXAZpGO3,daikuinterior_Cl-MXAZpGO3_7.jpg,perlu-ditinjau,perlu-ditinjau,0.2943,moved
2022-12-12_CmDXrIjJnq9,daikuinterior_CmDXrIjJnq9_0.jpg,ruang-usaha,ruang-usaha,0.9875,moved
2022-12-12_CmDXrIjJnq9,daikuinterior_CmDXrIjJnq9_1.jpg,ruang-usaha,ruang-usaha,0.9901,moved
2022-12-12_CmDXrIjJnq9,daikuinterior_CmDXrIjJnq9_2.jpg,ruang-usaha,ruang-usaha,0.9957,moved
2022-12-13_CmFxmhXyQaT,daikuinterior_CmFxmhXyQaT_0.jpg,kamar-tidur,kamar-tidur,0.7992,moved
2022-12-13_CmFxmhXyQaT,daikuinterior_CmFxmhXyQaT_1.jpg,furnitur-detail,kamar-tidur,0.4888,moved
2022-12-13_CmFxmhXyQaT,daikuinterior_CmFxmhXyQaT_2.jpg,furnitur-detail,kamar-tidur,0.4191,moved
2022-12-13_CmFxmhXyQaT,daikuinterior_CmFxmhXyQaT_3.jpg,kamar-tidur,kamar-tidur,0.6862,moved
2022-12-13_CmFxmhXyQaT,daikuinterior_CmFxmhXyQaT_4.jpg,kamar-tidur,kamar-tidur,0.479,moved
2022-12-13_CmFxmhXyQaT,daikuinterior_CmFxmhXyQaT_5.jpg,furnitur-detail,kamar-tidur,0.6446,moved
2022-12-13_CmFxmhXyQaT,daikuinterior_CmFxmhXyQaT_6.jpg,kamar-tidur,kamar-tidur,0.574,moved
2022-12-14_CmId0kTpbCi,daikuinterior_CmId0kTpbCi_0.jpg,kamar-tidur,kamar-tidur,0.8504,moved
2022-12-14_CmId0kTpbCi,daikuinterior_CmId0kTpbCi_1.jpg,kamar-tidur,kamar-tidur,0.7759,moved
2022-12-14_CmId0kTpbCi,daikuinterior_CmId0kTpbCi_2.jpg,perlu-ditinjau,perlu-ditinjau,0.3081,moved
2022-12-14_CmId0kTpbCi,daikuinterior_CmId0kTpbCi_3.jpg,furnitur-detail,kamar-tidur,0.4416,moved
2022-12-14_CmId0kTpbCi,daikuinterior_CmId0kTpbCi_4.jpg,kamar-tidur,kamar-tidur,0.6803,moved
2022-12-14_CmIdtFLJy_I,daikuinterior_CmIdtFLJy_I_0.jpg,kamar-tidur,kamar-tidur,0.8335,moved
2022-12-14_CmIdtFLJy_I,daikuinterior_CmIdtFLJy_I_1.jpg,kamar-tidur,kamar-tidur,0.6717,moved
2022-12-14_CmIdtFLJy_I,daikuinterior_CmIdtFLJy_I_2.jpg,kamar-tidur,kamar-tidur,0.7704,moved
2022-12-14_CmIdtFLJy_I,daikuinterior_CmIdtFLJy_I_3.jpg,furnitur-detail,kamar-tidur,0.5271,moved
2022-12-14_CmIdtFLJy_I,daikuinterior_CmIdtFLJy_I_4.jpg,kamar-tidur,kamar-tidur,0.7488,moved
2022-12-15_CmK_llxpuN-,daikuinterior_CmK_llxpuN-_0.jpg,kamar-tidur,kamar-tidur,0.8781,moved
2022-12-15_CmK_llxpuN-,daikuinterior_CmK_llxpuN-_1.jpg,kamar-tidur,kamar-tidur,0.8885,moved
2022-12-15_CmK_llxpuN-,daikuinterior_CmK_llxpuN-_2.jpg,kamar-tidur,kamar-tidur,0.4717,moved
2022-12-15_CmK_llxpuN-,daikuinterior_CmK_llxpuN-_3.jpg,kamar-tidur,kamar-tidur,0.8729,moved
2022-12-15_CmK_llxpuN-,daikuinterior_CmK_llxpuN-_4.jpg,kamar-tidur,kamar-tidur,0.5832,moved
2022-12-15_CmK_llxpuN-,daikuinterior_CmK_llxpuN-_5.jpg,kamar-tidur,kamar-tidur,0.8016,moved
2022-12-15_CmLfq7kpACv,daikuinterior_CmLfq7kpACv_0.jpg,ruang-usaha,ruang-usaha,0.9209,moved
2022-12-15_CmLfq7kpACv,daikuinterior_CmLfq7kpACv_1.jpg,ruang-usaha,ruang-usaha,0.8428,moved
2022-12-15_CmLfq7kpACv,daikuinterior_CmLfq7kpACv_2.jpg,ruang-usaha,ruang-usaha,0.9553,moved
2022-12-21_CmabEQkp2Bz,daikuinterior_CmabEQkp2Bz_0.jpg,kamar-tidur,kamar-tidur,0.7537,moved
2022-12-21_CmabEQkp2Bz,daikuinterior_CmabEQkp2Bz_1.jpg,kamar-tidur,kamar-tidur,0.494,moved
2022-12-21_Cmai47NJ0gD,daikuinterior_Cmai47NJ0gD_0.jpg,furnitur-detail,furnitur-detail,0.8684,moved
2022-12-21_Cmai47NJ0gD,daikuinterior_Cmai47NJ0gD_1.jpg,furnitur-detail,furnitur-detail,0.8636,moved
2022-12-21_CmaivDUpNXK,daikuinterior_CmaivDUpNXK_0.jpg,furnitur-detail,furnitur-detail,0.4357,moved
2022-12-21_CmajPCApCQh,daikuinterior_CmajPCApCQh_0.jpg,furnitur-detail,furnitur-detail,0.7385,moved
2022-12-22_CmdJrupJ5SB,daikuinterior_CmdJrupJ5SB_0.jpg,furnitur-detail,kamar-tidur,0.4816,moved
2022-12-22_CmdJrupJ5SB,daikuinterior_CmdJrupJ5SB_1.jpg,kamar-tidur,kamar-tidur,0.629,moved
2022-12-22_CmdJrupJ5SB,daikuinterior_CmdJrupJ5SB_2.jpg,kamar-tidur,kamar-tidur,0.8585,moved
2022-12-22_CmdJrupJ5SB,daikuinterior_CmdJrupJ5SB_3.jpg,kamar-tidur,kamar-tidur,0.5748,moved
2022-12-22_CmdJrupJ5SB,daikuinterior_CmdJrupJ5SB_4.jpg,kamar-tidur,kamar-tidur,0.5565,moved
2022-12-22_CmdJrupJ5SB,daikuinterior_CmdJrupJ5SB_5.jpg,kamar-tidur,kamar-tidur,0.3639,moved
2022-12-22_CmdJrupJ5SB,daikuinterior_CmdJrupJ5SB_6.jpg,furnitur-detail,kamar-tidur,0.4768,moved
2022-12-22_CmdJrupJ5SB,daikuinterior_CmdJrupJ5SB_7.jpg,furnitur-detail,kamar-tidur,0.7386,moved
2022-12-22_CmdJrupJ5SB,daikuinterior_CmdJrupJ5SB_8.jpg,kamar-mandi,kamar-tidur,0.7675,moved
2022-12-22_CmdJt_WJsdB,daikuinterior_CmdJt_WJsdB_0.jpg,furnitur-detail,furnitur-detail,0.459,moved
2022-12-22_CmdJwPqJSbm,daikuinterior_CmdJwPqJSbm_0.jpg,kamar-tidur,kamar-tidur,0.876,moved
2022-12-22_CmdJyOmJBO8,daikuinterior_CmdJyOmJBO8_0.jpg,kamar-tidur,kamar-tidur,0.4904,moved
2022-12-22_Cmdy7-JJZQ4,daikuinterior_Cmdy7-JJZQ4_0.jpg,kamar-tidur,kamar-tidur,0.3576,moved
2022-12-22_Cmdy7-JJZQ4,daikuinterior_Cmdy7-JJZQ4_1.jpg,perlu-ditinjau,perlu-ditinjau,0.3372,moved
2022-12-22_Cmdy7-JJZQ4,daikuinterior_Cmdy7-JJZQ4_2.jpg,furnitur-detail,kamar-tidur,0.5288,moved
2022-12-24_CmiT0s7pU0D,daikuinterior_CmiT0s7pU0D_0.jpg,furnitur-detail,furnitur-detail,0.4648,moved
2022-12-24_CmiT0s7pU0D,daikuinterior_CmiT0s7pU0D_1.jpg,furnitur-detail,furnitur-detail,0.3674,moved
2022-12-24_CmiT0s7pU0D,daikuinterior_CmiT0s7pU0D_2.jpg,furnitur-detail,furnitur-detail,0.3536,moved
2022-12-24_CmiT0s7pU0D,daikuinterior_CmiT0s7pU0D_3.jpg,furnitur-detail,furnitur-detail,0.4817,moved
2022-12-24_CmiT0s7pU0D,daikuinterior_CmiT0s7pU0D_4.jpg,furnitur-detail,furnitur-detail,0.5217,moved
2022-12-24_CmiTsHGJV74,daikuinterior_CmiTsHGJV74_0.jpg,furnitur-detail,furnitur-detail,0.5232,moved
2022-12-24_CmiTsHGJV74,daikuinterior_CmiTsHGJV74_1.jpg,furnitur-detail,furnitur-detail,0.5185,moved
2022-12-24_CmiTsHGJV74,daikuinterior_CmiTsHGJV74_2.jpg,furnitur-detail,furnitur-detail,0.6145,moved
2022-12-24_CmiTsHGJV74,daikuinterior_CmiTsHGJV74_3.jpg,furnitur-detail,furnitur-detail,0.5119,moved
2022-12-24_CmiTsHGJV74,daikuinterior_CmiTsHGJV74_4.jpg,furnitur-detail,furnitur-detail,0.9105,moved
2022-12-24_CmiTsHGJV74,daikuinterior_CmiTsHGJV74_5.jpg,furnitur-detail,furnitur-detail,0.747,moved
2022-12-26_CmoaMpHprbs,daikuinterior_CmoaMpHprbs_0.jpg,ruang-usaha,ruang-usaha,0.9543,moved
2022-12-26_CmoaMpHprbs,daikuinterior_CmoaMpHprbs_1.jpg,ruang-usaha,ruang-usaha,0.9787,moved
2022-12-28_CmsZslJJ0fq,daikuinterior_CmsZslJJ0fq_0.jpg,ruang-usaha,ruang-usaha,0.4704,moved
2022-12-28_CmsZslJJ0fq,daikuinterior_CmsZslJJ0fq_1.jpg,ruang-usaha,ruang-usaha,0.6834,moved
2022-12-28_CmsZslJJ0fq,daikuinterior_CmsZslJJ0fq_2.jpg,ruang-usaha,ruang-usaha,0.6623,moved
2022-12-28_CmsZslJJ0fq,daikuinterior_CmsZslJJ0fq_3.jpg,furnitur-detail,ruang-usaha,0.4571,moved
2022-12-28_CmsZslJJ0fq,daikuinterior_CmsZslJJ0fq_4.jpg,furnitur-detail,ruang-usaha,0.5436,moved
2022-12-28_CmsZslJJ0fq,daikuinterior_CmsZslJJ0fq_5.jpg,furnitur-detail,ruang-usaha,0.3805,moved
2022-12-29_Cmu9s9CJ834,daikuinterior_Cmu9s9CJ834_0.jpg,ruang-usaha,ruang-usaha,0.4546,moved
2022-12-29_Cmu9s9CJ834,daikuinterior_Cmu9s9CJ834_1.jpg,ruang-usaha,ruang-usaha,0.8743,moved
2022-12-29_Cmu9s9CJ834,daikuinterior_Cmu9s9CJ834_2.jpg,ruang-kerja,ruang-usaha,0.5593,moved
2022-12-29_Cmu9s9CJ834,daikuinterior_Cmu9s9CJ834_3.jpg,ruang-kerja,ruang-usaha,0.4556,moved
2022-12-29_Cmu9s9CJ834,daikuinterior_Cmu9s9CJ834_4.jpg,ruang-usaha,ruang-usaha,0.3738,moved
2022-12-30_Cmx2tptJHM6,daikuinterior_Cmx2tptJHM6_0.jpg,furnitur-detail,furnitur-detail,0.5875,moved
2022-12-30_Cmx2tptJHM6,daikuinterior_Cmx2tptJHM6_1.jpg,furnitur-detail,furnitur-detail,0.7433,moved
2022-12-30_Cmx2veYpdnK,daikuinterior_Cmx2veYpdnK_0.jpg,kamar-mandi,kamar-mandi,0.5043,moved
2022-12-30_Cmx2veYpdnK,daikuinterior_Cmx2veYpdnK_1.jpg,furnitur-detail,kamar-mandi,0.709,moved
2023-01-02_Cm5ZVbgp3p0,daikuinterior_Cm5ZVbgp3p0_0.jpg,furnitur-detail,furnitur-detail,0.6125,moved
2023-01-02_Cm5ZVbgp3p0,daikuinterior_Cm5ZVbgp3p0_1.jpg,kamar-tidur,furnitur-detail,0.5918,moved
2023-01-04_Cm-5tglJULL,daikuinterior_Cm-5tglJULL_0.jpg,furnitur-detail,furnitur-detail,0.6911,moved
2023-01-04_Cm-5tglJULL,daikuinterior_Cm-5tglJULL_1.jpg,furnitur-detail,furnitur-detail,0.6349,moved
2023-01-04_Cm-5tglJULL,daikuinterior_Cm-5tglJULL_2.jpg,furnitur-detail,furnitur-detail,0.6976,moved
2023-01-04_Cm-5tglJULL,daikuinterior_Cm-5tglJULL_3.jpg,furnitur-detail,furnitur-detail,0.7904,moved
2023-01-04_Cm-5vlEJL1B,daikuinterior_Cm-5vlEJL1B_0.jpg,furnitur-detail,furnitur-detail,0.4671,moved
2023-01-04_Cm-5vlEJL1B,daikuinterior_Cm-5vlEJL1B_1.jpg,furnitur-detail,furnitur-detail,0.8195,moved
2023-01-04_Cm-5vlEJL1B,daikuinterior_Cm-5vlEJL1B_2.jpg,furnitur-detail,furnitur-detail,0.5286,moved
2023-01-04_Cm-5vlEJL1B,daikuinterior_Cm-5vlEJL1B_3.jpg,kamar-mandi,furnitur-detail,0.8044,moved
2023-01-06_CnEvN4JpZGV,daikuinterior_CnEvN4JpZGV_0.jpg,furnitur-detail,furnitur-detail,0.6542,moved
2023-01-06_CnEvN4JpZGV,daikuinterior_CnEvN4JpZGV_1.jpg,kamar-mandi,furnitur-detail,0.3929,moved
2023-01-06_CnEvN4JpZGV,daikuinterior_CnEvN4JpZGV_2.jpg,furnitur-detail,furnitur-detail,0.5677,moved
2023-01-06_CnEvN4JpZGV,daikuinterior_CnEvN4JpZGV_3.jpg,furnitur-detail,furnitur-detail,0.8139,moved
2023-01-06_CnEvN4JpZGV,daikuinterior_CnEvN4JpZGV_4.jpg,kamar-mandi,furnitur-detail,0.7596,moved
2023-01-09_CnL1ROvpzsu,daikuinterior_CnL1ROvpzsu_0.jpg,furnitur-detail,furnitur-detail,0.695,moved
2023-01-09_CnL1ROvpzsu,daikuinterior_CnL1ROvpzsu_1.jpg,furnitur-detail,furnitur-detail,0.4326,moved
2023-01-09_CnL1ROvpzsu,daikuinterior_CnL1ROvpzsu_2.jpg,furnitur-detail,furnitur-detail,0.7541,moved
2023-01-09_CnL1ROvpzsu,daikuinterior_CnL1ROvpzsu_3.jpg,furnitur-detail,furnitur-detail,0.6335,moved
2023-01-10_CnO8d-tpaai,daikuinterior_CnO8d-tpaai_0.jpg,ruang-usaha,ruang-usaha,0.6609,moved
2023-01-10_CnO8iELpW7j,daikuinterior_CnO8iELpW7j_0.jpg,ruang-usaha,ruang-usaha,0.7778,moved
2023-01-10_CnO8iELpW7j,daikuinterior_CnO8iELpW7j_1.jpg,furnitur-detail,ruang-usaha,0.6958,moved
2023-01-10_CnO8VSIpuDE,daikuinterior_CnO8VSIpuDE_0.jpg,ruang-usaha,ruang-usaha,0.6435,moved
2023-01-10_CnO8VSIpuDE,daikuinterior_CnO8VSIpuDE_1.jpg,ruang-usaha,ruang-usaha,0.5043,moved
2023-01-10_CnO8VSIpuDE,daikuinterior_CnO8VSIpuDE_2.jpg,furnitur-detail,ruang-usaha,0.6767,moved
2023-01-10_CnO8Z-qp4zh,daikuinterior_CnO8Z-qp4zh_0.jpg,ruang-usaha,ruang-usaha,0.6155,moved
2023-01-10_CnO8Z-qp4zh,daikuinterior_CnO8Z-qp4zh_1.jpg,ruang-usaha,ruang-usaha,0.6435,moved
2023-01-10_CnO8Z-qp4zh,daikuinterior_CnO8Z-qp4zh_2.jpg,ruang-usaha,ruang-usaha,0.9546,moved
2023-01-11_CnQ6Defy6AK,daikuinterior_CnQ6Defy6AK_0.jpg,furnitur-detail,furnitur-detail,0.9393,moved
2023-01-11_CnQ6Defy6AK,daikuinterior_CnQ6Defy6AK_1.jpg,furnitur-detail,furnitur-detail,0.6982,moved
2023-01-11_CnQ6Defy6AK,daikuinterior_CnQ6Defy6AK_2.jpg,perlu-ditinjau,perlu-ditinjau,0.3918,moved
2023-01-12_CnTQMNxpUkT,daikuinterior_CnTQMNxpUkT_0.jpg,dapur,dapur,0.8558,moved
2023-01-12_CnTQMNxpUkT,daikuinterior_CnTQMNxpUkT_1.jpg,dapur,dapur,0.9234,moved
2023-01-12_CnTQMNxpUkT,daikuinterior_CnTQMNxpUkT_2.jpg,dapur,dapur,0.8984,moved
2023-01-12_CnTQMNxpUkT,daikuinterior_CnTQMNxpUkT_3.jpg,dapur,dapur,0.3566,moved
2023-01-12_CnTQMNxpUkT,daikuinterior_CnTQMNxpUkT_4.jpg,dapur,dapur,0.7042,moved
2023-01-12_CnTQMNxpUkT,daikuinterior_CnTQMNxpUkT_5.jpg,dapur,dapur,0.694,moved
2023-01-18_Cniy8Qrpk7d,daikuinterior_Cniy8Qrpk7d_0.jpg,furnitur-detail,furnitur-detail,0.4203,moved
2023-01-18_Cniy8Qrpk7d,daikuinterior_Cniy8Qrpk7d_1.jpg,furnitur-detail,furnitur-detail,0.4382,moved
2023-01-18_Cniy8Qrpk7d,daikuinterior_Cniy8Qrpk7d_2.jpg,furnitur-detail,furnitur-detail,0.4329,moved
2023-01-18_Cniy_jIpRT6,daikuinterior_Cniy_jIpRT6_0.jpg,dapur,dapur,0.9281,moved
2023-01-18_Cniy_jIpRT6,daikuinterior_Cniy_jIpRT6_1.jpg,dapur,dapur,0.9076,moved
2023-01-18_Cniy_jIpRT6,daikuinterior_Cniy_jIpRT6_2.jpg,dapur,dapur,0.7984,moved
2023-01-18_Cniy_jIpRT6,daikuinterior_Cniy_jIpRT6_3.jpg,dapur,dapur,0.9565,moved
2023-01-19_CnmOmXjpWFe,daikuinterior_CnmOmXjpWFe_0.jpg,dapur,dapur,0.9244,moved
2023-01-19_CnmOmXjpWFe,daikuinterior_CnmOmXjpWFe_1.jpg,dapur,dapur,0.9432,moved
2023-01-19_CnmOmXjpWFe,daikuinterior_CnmOmXjpWFe_2.jpg,dapur,dapur,0.9325,moved
2023-01-19_CnmOmXjpWFe,daikuinterior_CnmOmXjpWFe_3.jpg,dapur,dapur,0.7984,moved
2023-01-20_CnntPibJE58,daikuinterior_CnntPibJE58_0.jpg,kamar-tidur,kamar-tidur,0.8241,moved
2023-01-20_CnntPibJE58,daikuinterior_CnntPibJE58_1.jpg,kamar-tidur,kamar-tidur,0.6482,moved
2023-01-20_CnntPibJE58,daikuinterior_CnntPibJE58_2.jpg,kamar-tidur,kamar-tidur,0.6489,moved
2023-01-20_CnntPibJE58,daikuinterior_CnntPibJE58_3.jpg,furnitur-detail,kamar-tidur,0.3488,moved
2023-01-20_CnntPibJE58,daikuinterior_CnntPibJE58_4.jpg,perlu-ditinjau,perlu-ditinjau,0.2565,moved
2023-01-20_CnovT90pARv,daikuinterior_CnovT90pARv_0.jpg,kamar-tidur,kamar-tidur,0.8153,moved
2023-01-20_CnovT90pARv,daikuinterior_CnovT90pARv_1.jpg,perlu-ditinjau,perlu-ditinjau,0.3828,moved
2023-01-20_CnovT90pARv,daikuinterior_CnovT90pARv_2.jpg,kamar-tidur,kamar-tidur,0.6639,moved
2023-01-23_CnvTbrSJ24e,daikuinterior_CnvTbrSJ24e_0.jpg,dapur,dapur,0.8038,moved
2023-01-23_CnvTbrSJ24e,daikuinterior_CnvTbrSJ24e_1.jpg,dapur,dapur,0.7299,moved
2023-01-23_CnvTbrSJ24e,daikuinterior_CnvTbrSJ24e_2.jpg,dapur,dapur,0.3693,moved
2023-01-23_CnvTbrSJ24e,daikuinterior_CnvTbrSJ24e_3.jpg,dapur,dapur,0.3856,moved
2023-01-23_CnvTfPfpJji,daikuinterior_CnvTfPfpJji_0.jpg,kamar-mandi,kamar-mandi,0.5391,moved
2023-01-23_CnvTfPfpJji,daikuinterior_CnvTfPfpJji_1.jpg,perlu-ditinjau,perlu-ditinjau,0.2848,moved
2023-01-23_CnvTMRfJmGb,daikuinterior_CnvTMRfJmGb_0.jpg,kamar-tidur,kamar-tidur,0.7107,moved
2023-01-23_CnvTMRfJmGb,daikuinterior_CnvTMRfJmGb_1.jpg,kamar-tidur,kamar-tidur,0.6054,moved
2023-01-23_CnvTMRfJmGb,daikuinterior_CnvTMRfJmGb_2.jpg,kamar-tidur,kamar-tidur,0.4545,moved
2023-01-23_CnvTSoAJpyO,daikuinterior_CnvTSoAJpyO_0.jpg,furnitur-detail,furnitur-detail,0.5622,moved
2023-01-23_CnvTSoAJpyO,daikuinterior_CnvTSoAJpyO_1.jpg,furnitur-detail,furnitur-detail,0.6932,moved
2023-01-23_CnvTSoAJpyO,daikuinterior_CnvTSoAJpyO_2.jpg,furnitur-detail,furnitur-detail,0.5064,moved
2023-01-23_CnvTSoAJpyO,daikuinterior_CnvTSoAJpyO_3.jpg,furnitur-detail,furnitur-detail,0.5151,moved
2023-01-23_CnvTSoAJpyO,daikuinterior_CnvTSoAJpyO_4.jpg,furnitur-detail,furnitur-detail,0.5326,moved
2023-01-23_CnvTSoAJpyO,daikuinterior_CnvTSoAJpyO_5.jpg,ruang-keluarga,furnitur-detail,0.631,moved
2023-01-23_CnvTuaepnKI,daikuinterior_CnvTuaepnKI_0.jpg,kamar-tidur,kamar-tidur,0.4198,moved
2023-01-23_CnvTuaepnKI,daikuinterior_CnvTuaepnKI_1.jpg,kamar-tidur,kamar-tidur,0.5229,moved
2023-01-23_CnvTuaepnKI,daikuinterior_CnvTuaepnKI_2.jpg,furnitur-detail,kamar-tidur,0.736,moved
2023-01-23_CnvTuaepnKI,daikuinterior_CnvTuaepnKI_3.jpg,furnitur-detail,kamar-tidur,0.5667,moved
2023-01-23_CnvTuaepnKI,daikuinterior_CnvTuaepnKI_4.jpg,ruang-keluarga,kamar-tidur,0.5579,moved
2023-01-23_CnvTxXgp6e0,daikuinterior_CnvTxXgp6e0_0.jpg,furnitur-detail,furnitur-detail,0.5067,moved
2023-01-23_CnvTxXgp6e0,daikuinterior_CnvTxXgp6e0_1.jpg,furnitur-detail,furnitur-detail,0.5468,moved
2023-01-23_CnvTxXgp6e0,daikuinterior_CnvTxXgp6e0_2.jpg,furnitur-detail,furnitur-detail,0.6119,moved
2023-01-23_CnvTxXgp6e0,daikuinterior_CnvTxXgp6e0_3.jpg,furnitur-detail,furnitur-detail,0.664,moved
2023-01-24_Cny492EpLzS,daikuinterior_Cny492EpLzS_0.jpg,furnitur-detail,furnitur-detail,0.3737,moved
2023-01-24_Cny492EpLzS,daikuinterior_Cny492EpLzS_1.jpg,furnitur-detail,furnitur-detail,0.5269,moved
2023-01-25_Cn0qgmwp7vr,daikuinterior_Cn0qgmwp7vr_0.jpg,kamar-tidur,kamar-tidur,0.962,moved
2023-01-25_Cn0qgmwp7vr,daikuinterior_Cn0qgmwp7vr_1.jpg,kamar-mandi,kamar-tidur,0.5242,moved
2023-01-25_Cn0qgmwp7vr,daikuinterior_Cn0qgmwp7vr_2.jpg,kamar-tidur,kamar-tidur,0.9518,moved
2023-01-25_Cn0qgmwp7vr,daikuinterior_Cn0qgmwp7vr_3.jpg,kamar-tidur,kamar-tidur,0.9164,moved
2023-01-25_Cn0quC-phy8,daikuinterior_Cn0quC-phy8_0.jpg,kamar-tidur,kamar-tidur,0.9453,moved
2023-01-25_Cn0quC-phy8,daikuinterior_Cn0quC-phy8_1.jpg,kamar-tidur,kamar-tidur,0.6167,moved
2023-01-25_Cn0quC-phy8,daikuinterior_Cn0quC-phy8_2.jpg,kamar-tidur,kamar-tidur,0.4012,moved
2023-01-25_Cn0quC-phy8,daikuinterior_Cn0quC-phy8_3.jpg,kamar-tidur,kamar-tidur,0.8341,moved
2023-01-25_Cn0qyJzpUgj,daikuinterior_Cn0qyJzpUgj_0.jpg,kamar-tidur,kamar-tidur,0.8937,moved
2023-01-25_Cn0qyJzpUgj,daikuinterior_Cn0qyJzpUgj_1.jpg,kamar-tidur,kamar-tidur,0.8211,moved
2023-01-25_Cn0qyJzpUgj,daikuinterior_Cn0qyJzpUgj_2.jpg,kamar-tidur,kamar-tidur,0.4947,moved
2023-01-25_Cn0qyJzpUgj,daikuinterior_Cn0qyJzpUgj_3.jpg,furnitur-detail,kamar-tidur,0.893,moved
2023-01-27_Cn5v-eBppRL,daikuinterior_Cn5v-eBppRL_0.jpg,dapur,dapur,0.9745,moved
2023-01-27_Cn5v-eBppRL,daikuinterior_Cn5v-eBppRL_1.jpg,dapur,dapur,0.9662,moved
2023-01-27_Cn5v-eBppRL,daikuinterior_Cn5v-eBppRL_2.jpg,ruang-usaha,dapur,0.6249,moved
2023-01-27_Cn5v-eBppRL,daikuinterior_Cn5v-eBppRL_3.jpg,dapur,dapur,0.8548,moved
2023-01-28_Cn84aKuJHND,daikuinterior_Cn84aKuJHND_0.jpg,furnitur-detail,furnitur-detail,0.5346,moved
2023-01-28_Cn84aKuJHND,daikuinterior_Cn84aKuJHND_1.jpg,furnitur-detail,furnitur-detail,0.4793,moved
2023-01-28_Cn84aKuJHND,daikuinterior_Cn84aKuJHND_2.jpg,furnitur-detail,furnitur-detail,0.434,moved
2023-01-29_CoAHVeGJQTM,daikuinterior_CoAHVeGJQTM_0.jpg,furnitur-detail,furnitur-detail,0.6387,moved
2023-01-29_CoAHVeGJQTM,daikuinterior_CoAHVeGJQTM_1.jpg,furnitur-detail,furnitur-detail,0.504,moved
2023-01-29_CoAHVeGJQTM,daikuinterior_CoAHVeGJQTM_2.jpg,furnitur-detail,furnitur-detail,0.4937,moved
2023-01-30_CoCmSQnJQS2,daikuinterior_CoCmSQnJQS2_0.jpg,kamar-tidur,furnitur-detail,0.4558,moved
2023-01-30_CoCmSQnJQS2,daikuinterior_CoCmSQnJQS2_1.jpg,ruang-usaha,furnitur-detail,0.3474,moved
2023-01-30_CoCmSQnJQS2,daikuinterior_CoCmSQnJQS2_2.jpg,furnitur-detail,furnitur-detail,0.5891,moved
2023-01-30_CoCmSQnJQS2,daikuinterior_CoCmSQnJQS2_3.jpg,furnitur-detail,furnitur-detail,0.8447,moved
2023-02-01_CoHmQ6LpwKi,daikuinterior_CoHmQ6LpwKi_0.jpg,kamar-tidur,kamar-tidur,0.3988,moved
2023-02-01_CoHmQ6LpwKi,daikuinterior_CoHmQ6LpwKi_1.jpg,kamar-tidur,kamar-tidur,0.7622,moved
2023-02-01_CoHmQ6LpwKi,daikuinterior_CoHmQ6LpwKi_2.jpg,kamar-tidur,kamar-tidur,0.9619,moved
2023-02-01_CoHmQ6LpwKi,daikuinterior_CoHmQ6LpwKi_3.jpg,furnitur-detail,kamar-tidur,0.6497,moved
2023-02-01_CoHmQ6LpwKi,daikuinterior_CoHmQ6LpwKi_4.jpg,kamar-mandi,kamar-tidur,0.9848,moved
2023-02-01_CoHmQ6LpwKi,daikuinterior_CoHmQ6LpwKi_5.jpg,kamar-mandi,kamar-tidur,0.9857,moved
2023-02-01_CoHmQ6LpwKi,daikuinterior_CoHmQ6LpwKi_6.jpg,kamar-mandi,kamar-tidur,0.9826,moved
2023-02-02_CoJGYLPpNAG,daikuinterior_CoJGYLPpNAG_0.jpg,dapur,dapur,0.6917,moved
2023-02-02_CoJGYLPpNAG,daikuinterior_CoJGYLPpNAG_1.jpg,dapur,dapur,0.921,moved
2023-02-02_CoJGYLPpNAG,daikuinterior_CoJGYLPpNAG_2.jpg,dapur,dapur,0.9644,moved
2023-02-02_CoJGYLPpNAG,daikuinterior_CoJGYLPpNAG_3.jpg,dapur,dapur,0.9005,moved
2023-02-02_CoKcmnHJCEo,daikuinterior_CoKcmnHJCEo_0.jpg,furnitur-detail,furnitur-detail,0.6273,moved
2023-02-02_CoKcmnHJCEo,daikuinterior_CoKcmnHJCEo_1.jpg,furnitur-detail,furnitur-detail,0.5086,moved
2023-02-02_CoKcsetpe6e,daikuinterior_CoKcsetpe6e_0.jpg,furnitur-detail,furnitur-detail,0.5911,moved
2023-02-02_CoKcsetpe6e,daikuinterior_CoKcsetpe6e_1.jpg,furnitur-detail,furnitur-detail,0.5238,moved
2023-02-02_CoKcsetpe6e,daikuinterior_CoKcsetpe6e_2.jpg,furnitur-detail,furnitur-detail,0.7702,moved
2023-02-03_CoL17E1J0hC,daikuinterior_CoL17E1J0hC_0.jpg,dapur,dapur,0.8067,moved
2023-02-03_CoL17E1J0hC,daikuinterior_CoL17E1J0hC_1.jpg,dapur,dapur,0.5969,moved
2023-02-03_CoL1dXEJECn,daikuinterior_CoL1dXEJECn_0.jpg,perlu-ditinjau,perlu-ditinjau,0.3036,moved
2023-02-03_CoL1dXEJECn,daikuinterior_CoL1dXEJECn_1.jpg,ruang-usaha,ruang-usaha,0.7251,moved
2023-02-03_CoL1dXEJECn,daikuinterior_CoL1dXEJECn_2.jpg,furnitur-detail,ruang-usaha,0.6406,moved
2023-02-03_CoL1kXwJLm8,daikuinterior_CoL1kXwJLm8_0.jpg,furnitur-detail,furnitur-detail,0.691,moved
2023-02-03_CoL1kXwJLm8,daikuinterior_CoL1kXwJLm8_1.jpg,furnitur-detail,furnitur-detail,0.487,moved
2023-02-03_CoL1kXwJLm8,daikuinterior_CoL1kXwJLm8_2.jpg,kamar-tidur,furnitur-detail,0.6551,moved
2023-02-03_CoL1u6Dpo_d,daikuinterior_CoL1u6Dpo_d_0.jpg,dapur,dapur,0.9284,moved
2023-02-03_CoL1u6Dpo_d,daikuinterior_CoL1u6Dpo_d_1.jpg,dapur,dapur,0.4673,moved
2023-02-03_CoL1zRlJ42Q,daikuinterior_CoL1zRlJ42Q_0.jpg,furnitur-detail,furnitur-detail,0.5713,moved
2023-02-06_CoUeRJrpR8b,daikuinterior_CoUeRJrpR8b_0.jpg,kamar-tidur,kamar-tidur,0.8537,moved
2023-02-06_CoUeRJrpR8b,daikuinterior_CoUeRJrpR8b_1.jpg,kamar-tidur,kamar-tidur,0.8572,moved
2023-02-06_CoUeTZJJ8fi,daikuinterior_CoUeTZJJ8fi_0.jpg,kamar-tidur,kamar-tidur,0.7903,moved
2023-02-06_CoUeTZJJ8fi,daikuinterior_CoUeTZJJ8fi_1.jpg,furnitur-detail,kamar-tidur,0.5272,moved
2023-02-06_CoUeTZJJ8fi,daikuinterior_CoUeTZJJ8fi_2.jpg,kamar-tidur,kamar-tidur,0.8229,moved
2023-02-06_CoUeWAgJFFE,daikuinterior_CoUeWAgJFFE_0.jpg,perlu-ditinjau,perlu-ditinjau,0.33,moved
2023-02-06_CoUeWAgJFFE,daikuinterior_CoUeWAgJFFE_1.jpg,kamar-tidur,kamar-tidur,0.8806,moved
2023-02-10_Cod30vtJZAg,daikuinterior_Cod30vtJZAg_0.jpg,kamar-tidur,kamar-tidur,0.9084,moved
2023-02-10_Cod30vtJZAg,daikuinterior_Cod30vtJZAg_1.jpg,kamar-tidur,kamar-tidur,0.8607,moved
2023-02-10_Cod30vtJZAg,daikuinterior_Cod30vtJZAg_2.jpg,kamar-tidur,kamar-tidur,0.9411,moved
2023-02-10_Cod30vtJZAg,daikuinterior_Cod30vtJZAg_3.jpg,furnitur-detail,kamar-tidur,0.4344,moved
2023-02-10_Cod30vtJZAg,daikuinterior_Cod30vtJZAg_4.jpg,kamar-tidur,kamar-tidur,0.7216,moved
2023-02-10_Cod3cLCJ5l4,daikuinterior_Cod3cLCJ5l4_0.jpg,dapur,dapur,0.9365,moved
2023-02-10_Cod3cLCJ5l4,daikuinterior_Cod3cLCJ5l4_1.jpg,dapur,dapur,0.7595,moved
2023-02-10_Cod3cLCJ5l4,daikuinterior_Cod3cLCJ5l4_2.jpg,furnitur-detail,dapur,0.43,moved
2023-02-10_Cod3cLCJ5l4,daikuinterior_Cod3cLCJ5l4_3.jpg,dapur,dapur,0.723,moved
2023-02-10_Cod3cLCJ5l4,daikuinterior_Cod3cLCJ5l4_4.jpg,dapur,dapur,0.9646,moved
2023-02-10_Cod3cLCJ5l4,daikuinterior_Cod3cLCJ5l4_5.jpg,perlu-ditinjau,perlu-ditinjau,0.3049,moved
2023-02-10_Cod3iBaJmJG,daikuinterior_Cod3iBaJmJG_0.jpg,kamar-tidur,kamar-tidur,0.8305,moved
2023-02-10_Cod3iBaJmJG,daikuinterior_Cod3iBaJmJG_1.jpg,kamar-tidur,kamar-tidur,0.6722,moved
2023-02-10_Cod3iBaJmJG,daikuinterior_Cod3iBaJmJG_2.jpg,kamar-tidur,kamar-tidur,0.79,moved
2023-02-10_Cod3iBaJmJG,daikuinterior_Cod3iBaJmJG_3.jpg,kamar-tidur,kamar-tidur,0.8549,moved
2023-02-10_Cod3iBaJmJG,daikuinterior_Cod3iBaJmJG_4.jpg,kamar-tidur,kamar-tidur,0.5163,moved
2023-02-10_Cod3qaAJNFC,daikuinterior_Cod3qaAJNFC_0.jpg,furnitur-detail,kamar-tidur,0.5571,moved
2023-02-10_Cod3qaAJNFC,daikuinterior_Cod3qaAJNFC_1.jpg,kamar-tidur,kamar-tidur,0.7099,moved
2023-02-10_Cod3qaAJNFC,daikuinterior_Cod3qaAJNFC_2.jpg,kamar-tidur,kamar-tidur,0.823,moved
2023-02-13_ColmnzlpP4-,daikuinterior_ColmnzlpP4-_0.jpg,ruang-usaha,dapur,0.4337,moved
2023-02-13_ColmnzlpP4-,daikuinterior_ColmnzlpP4-_1.jpg,dapur,dapur,0.5753,moved
2023-02-13_ColmnzlpP4-,daikuinterior_ColmnzlpP4-_2.jpg,dapur,dapur,0.6579,moved
2023-02-13_ColmnzlpP4-,daikuinterior_ColmnzlpP4-_3.jpg,dapur,dapur,0.7942,moved
2023-02-13_ColmnzlpP4-,daikuinterior_ColmnzlpP4-_4.jpg,dapur,dapur,0.7655,moved
2023-02-13_ColmnzlpP4-,daikuinterior_ColmnzlpP4-_5.jpg,dapur,dapur,0.4182,moved
2023-02-14_CooC86qJxJu,daikuinterior_CooC86qJxJu_0.jpg,dapur,dapur,0.9349,moved
2023-02-14_CooC86qJxJu,daikuinterior_CooC86qJxJu_1.jpg,dapur,dapur,0.8023,moved
2023-02-14_CooC86qJxJu,daikuinterior_CooC86qJxJu_2.jpg,kamar-tidur,dapur,0.8805,moved
2023-02-15_Coq2nRGJbZL,daikuinterior_Coq2nRGJbZL_0.jpg,dapur,dapur,0.9429,moved
2023-02-15_Coq2nRGJbZL,daikuinterior_Coq2nRGJbZL_1.jpg,dapur,dapur,0.9231,moved
2023-02-15_Coq2nRGJbZL,daikuinterior_Coq2nRGJbZL_2.jpg,dapur,dapur,0.6186,moved
2023-02-15_Coq2nRGJbZL,daikuinterior_Coq2nRGJbZL_3.jpg,dapur,dapur,0.8904,moved
2023-02-16_Cot697CJy_2,daikuinterior_Cot697CJy_2_0.jpg,dapur,dapur,0.9367,moved
2023-02-16_Cot697CJy_2,daikuinterior_Cot697CJy_2_1.jpg,dapur,dapur,0.9179,moved
2023-02-16_Cot697CJy_2,daikuinterior_Cot697CJy_2_2.jpg,dapur,dapur,0.9088,moved
2023-02-17_Cow4W0AJ6XE,daikuinterior_Cow4W0AJ6XE_0.jpg,dapur,dapur,0.9204,moved
2023-02-17_Cow4W0AJ6XE,daikuinterior_Cow4W0AJ6XE_1.jpg,dapur,dapur,0.9212,moved
2023-02-17_Cow4W0AJ6XE,daikuinterior_Cow4W0AJ6XE_2.jpg,dapur,dapur,0.9075,moved
2023-02-20_Co4K4EspK-s,daikuinterior_Co4K4EspK-s_0.jpg,furnitur-detail,furnitur-detail,0.3766,moved
2023-02-21_Co6Q6dWp-1w,daikuinterior_Co6Q6dWp-1w_0.jpg,furnitur-detail,furnitur-detail,0.837,moved
2023-02-21_Co6Q6dWp-1w,daikuinterior_Co6Q6dWp-1w_1.jpg,kamar-tidur,furnitur-detail,0.6777,moved
2023-02-21_Co6Q6dWp-1w,daikuinterior_Co6Q6dWp-1w_2.jpg,furnitur-detail,furnitur-detail,0.7228,moved
2023-02-21_Co6Q9sXpUPE,daikuinterior_Co6Q9sXpUPE_0.jpg,furnitur-detail,furnitur-detail,0.7363,moved
2023-02-21_Co6Q9sXpUPE,daikuinterior_Co6Q9sXpUPE_1.jpg,furnitur-detail,furnitur-detail,0.6823,moved
2023-02-21_Co6Q9sXpUPE,daikuinterior_Co6Q9sXpUPE_2.jpg,furnitur-detail,furnitur-detail,0.7731,moved
2023-02-21_Co6Q9sXpUPE,daikuinterior_Co6Q9sXpUPE_3.jpg,kamar-mandi,furnitur-detail,0.9544,moved
2023-02-21_Co6Q9sXpUPE,daikuinterior_Co6Q9sXpUPE_4.jpg,furnitur-detail,furnitur-detail,0.3822,moved
2023-02-21_Co7bEaRpj6C,daikuinterior_Co7bEaRpj6C_0.webp,perlu-ditinjau,perlu-ditinjau,0.339,moved
2023-02-21_Co7bgLUpLrw,daikuinterior_Co7bgLUpLrw_0.webp,furnitur-detail,furnitur-detail,0.4556,moved
2023-02-21_Co7bgLUpLrw,daikuinterior_Co7bgLUpLrw_1.webp,dapur,furnitur-detail,0.7217,moved
2023-02-21_Co7bgLUpLrw,daikuinterior_Co7bgLUpLrw_2.webp,dapur,furnitur-detail,0.5383,moved
2023-02-21_Co7bgLUpLrw,daikuinterior_Co7bgLUpLrw_3.webp,furnitur-detail,furnitur-detail,0.5262,moved
2023-02-21_Co7bgLUpLrw,daikuinterior_Co7bgLUpLrw_4.webp,furnitur-detail,furnitur-detail,0.5283,moved
2023-02-21_Co7bgLUpLrw,daikuinterior_Co7bgLUpLrw_5.webp,dapur,furnitur-detail,0.7773,moved
2023-02-22_Co8qgC-pc-8,daikuinterior_Co8qgC-pc-8_0.jpg,dapur,dapur,0.9149,moved
2023-02-22_Co8qgC-pc-8,daikuinterior_Co8qgC-pc-8_1.jpg,dapur,dapur,0.9031,moved
2023-02-22_Co8qgC-pc-8,daikuinterior_Co8qgC-pc-8_2.jpg,dapur,dapur,0.9059,moved
2023-02-23_CpALaBZJf7H,daikuinterior_CpALaBZJf7H_0.jpg,ruang-usaha,ruang-usaha,0.6,moved
2023-02-23_CpAV07rJRYS,daikuinterior_CpAV07rJRYS_0.jpg,ruang-usaha,ruang-usaha,0.6968,moved
2023-02-23_CpAV7jCpPOL,daikuinterior_CpAV7jCpPOL_0.jpg,dapur,dapur,0.713,moved
2023-02-23_CpAVol9ptHJ,daikuinterior_CpAVol9ptHJ_0.jpg,dapur,dapur,0.7516,moved
2023-02-23_CpAVol9ptHJ,daikuinterior_CpAVol9ptHJ_1.jpg,dapur,dapur,0.7474,moved
2023-02-23_CpAVu8tJ3tN,daikuinterior_CpAVu8tJ3tN_0.jpg,furnitur-detail,furnitur-detail,0.463,moved
2023-02-23_CpAVynhJTVx,daikuinterior_CpAVynhJTVx_0.jpg,kamar-tidur,kamar-tidur,0.9491,moved
2023-02-23_CpAVynhJTVx,daikuinterior_CpAVynhJTVx_1.jpg,kamar-tidur,kamar-tidur,0.8724,moved
2023-02-25_CpEUMr_JW-W,daikuinterior_CpEUMr_JW-W_0.jpg,kamar-tidur,kamar-tidur,0.8369,moved
2023-02-25_CpEUMr_JW-W,daikuinterior_CpEUMr_JW-W_1.jpg,kamar-tidur,kamar-tidur,0.9358,moved
2023-02-25_CpEUMr_JW-W,daikuinterior_CpEUMr_JW-W_2.jpg,furnitur-detail,kamar-tidur,0.7128,moved
2023-02-25_CpEUMr_JW-W,daikuinterior_CpEUMr_JW-W_3.jpg,kamar-tidur,kamar-tidur,0.8673,moved
2023-02-25_CpEUMr_JW-W,daikuinterior_CpEUMr_JW-W_4.jpg,kamar-tidur,kamar-tidur,0.9366,moved
2023-02-25_CpEUMr_JW-W,daikuinterior_CpEUMr_JW-W_5.jpg,perlu-ditinjau,perlu-ditinjau,0.3358,moved
2023-02-25_CpEUMr_JW-W,daikuinterior_CpEUMr_JW-W_6.jpg,perlu-ditinjau,perlu-ditinjau,0.2826,moved
2023-02-25_CpEUMr_JW-W,daikuinterior_CpEUMr_JW-W_7.jpg,perlu-ditinjau,perlu-ditinjau,0.2826,moved
2023-02-25_CpEUMr_JW-W,daikuinterior_CpEUMr_JW-W_8.jpg,kamar-mandi,kamar-tidur,0.9791,moved
2023-02-25_CpEUMr_JW-W,daikuinterior_CpEUMr_JW-W_9.jpg,kamar-mandi,kamar-tidur,0.9871,moved
2023-02-25_CpEUUd7JuZK,daikuinterior_CpEUUd7JuZK_0.jpg,kamar-tidur,kamar-tidur,0.8673,moved
2023-02-25_CpEUUd7JuZK,daikuinterior_CpEUUd7JuZK_1.jpg,furnitur-detail,kamar-tidur,0.7128,moved
2023-02-25_CpEUWQMps-Z,daikuinterior_CpEUWQMps-Z_0.jpg,perlu-ditinjau,perlu-ditinjau,0.2849,moved
2023-02-27_CpJUM2PyVej,daikuinterior_CpJUM2PyVej_0.jpg,furnitur-detail,furnitur-detail,0.7477,moved
2023-02-27_CpJUM2PyVej,daikuinterior_CpJUM2PyVej_1.jpg,furnitur-detail,furnitur-detail,0.6129,moved
2023-02-27_CpJUM2PyVej,daikuinterior_CpJUM2PyVej_2.jpg,furnitur-detail,furnitur-detail,0.9023,moved
2023-02-27_CpJUPKfSrvM,daikuinterior_CpJUPKfSrvM_0.jpg,furnitur-detail,furnitur-detail,0.6729,moved
2023-02-28_CpL4nTNSGfk,daikuinterior_CpL4nTNSGfk_0.jpg,furnitur-detail,furnitur-detail,0.7765,moved
2023-02-28_CpL4pQqSKiY,daikuinterior_CpL4pQqSKiY_0.jpg,furnitur-detail,furnitur-detail,0.6657,moved
2023-02-28_CpMYALTpeib,daikuinterior_CpMYALTpeib_0.jpg,dapur,dapur,0.9458,moved
2023-02-28_CpMYALTpeib,daikuinterior_CpMYALTpeib_1.jpg,dapur,dapur,0.7278,moved
2023-02-28_CpMYALTpeib,daikuinterior_CpMYALTpeib_2.jpg,dapur,dapur,0.9438,moved
2023-02-28_CpMYALTpeib,daikuinterior_CpMYALTpeib_3.jpg,dapur,dapur,0.9261,moved
2023-02-28_CpMYALTpeib,daikuinterior_CpMYALTpeib_4.jpg,dapur,dapur,0.9577,moved
2023-03-02_CpRtxu_SgCO,daikuinterior_CpRtxu_SgCO_0.jpg,dapur,dapur,0.9379,moved
2023-03-02_CpRtxu_SgCO,daikuinterior_CpRtxu_SgCO_1.jpg,dapur,dapur,0.9513,moved
2023-03-02_CpRtxu_SgCO,daikuinterior_CpRtxu_SgCO_2.jpg,dapur,dapur,0.9327,moved
2023-03-02_CpRtxu_SgCO,daikuinterior_CpRtxu_SgCO_3.jpg,dapur,dapur,0.9111,moved
2023-03-07_CpfY9TOpUkI,daikuinterior_CpfY9TOpUkI_0.jpg,dapur,dapur,0.4565,moved
2023-03-07_CpfY9TOpUkI,daikuinterior_CpfY9TOpUkI_1.jpg,dapur,dapur,0.925,moved
2023-03-07_CpfY9TOpUkI,daikuinterior_CpfY9TOpUkI_2.jpg,dapur,dapur,0.9134,moved
2023-03-07_CpfY9TOpUkI,daikuinterior_CpfY9TOpUkI_3.jpg,dapur,dapur,0.9161,moved
2023-03-07_CpfY9TOpUkI,daikuinterior_CpfY9TOpUkI_4.jpg,perlu-ditinjau,perlu-ditinjau,0.3124,moved
2023-03-07_CpfY9TOpUkI,daikuinterior_CpfY9TOpUkI_5.jpg,dapur,dapur,0.88,moved
2023-03-07_CpfY9TOpUkI,daikuinterior_CpfY9TOpUkI_6.jpg,ruang-usaha,dapur,0.9949,moved
2023-03-07_CpfY9TOpUkI,daikuinterior_CpfY9TOpUkI_7.jpg,dapur,dapur,0.6699,moved
2023-03-09_CpjT9bOpHGi,daikuinterior_CpjT9bOpHGi_0.jpg,dapur,dapur,0.7522,moved
2023-03-09_CpjT9bOpHGi,daikuinterior_CpjT9bOpHGi_1.jpg,dapur,dapur,0.7176,moved
2023-03-09_CpjT9bOpHGi,daikuinterior_CpjT9bOpHGi_2.jpg,dapur,dapur,0.8389,moved
2023-03-10_Cpm4WnNpXIX,daikuinterior_Cpm4WnNpXIX_0.jpg,ruang-usaha,ruang-usaha,0.8506,moved
2023-03-10_Cpm4WnNpXIX,daikuinterior_Cpm4WnNpXIX_1.jpg,ruang-usaha,ruang-usaha,0.9668,moved
2023-03-13_CpuVsqaJKBf,daikuinterior_CpuVsqaJKBf_0.jpg,ruang-usaha,ruang-usaha,0.9804,moved
2023-03-13_CpuVsqaJKBf,daikuinterior_CpuVsqaJKBf_1.jpg,ruang-usaha,ruang-usaha,0.9104,moved
2023-03-15_Cpz8u8MpdnZ,daikuinterior_Cpz8u8MpdnZ_0.jpg,furnitur-detail,furnitur-detail,0.903,moved
2023-03-16_Cp1k54DppZy,daikuinterior_Cp1k54DppZy_0.jpg,ruang-makan,furnitur-detail,0.3668,moved
2023-03-16_Cp1k54DppZy,daikuinterior_Cp1k54DppZy_1.jpg,perlu-ditinjau,perlu-ditinjau,0.2934,moved
2023-03-16_Cp1k54DppZy,daikuinterior_Cp1k54DppZy_2.jpg,furnitur-detail,furnitur-detail,0.3762,moved
2023-03-16_Cp1k54DppZy,daikuinterior_Cp1k54DppZy_3.jpg,furnitur-detail,furnitur-detail,0.5101,moved
2023-03-16_Cp2LuvsJo84,daikuinterior_Cp2LuvsJo84_0.jpg,furnitur-detail,furnitur-detail,0.5268,moved
2023-03-16_Cp2ZrCEpCI7,daikuinterior_Cp2ZrCEpCI7_0.jpg,ruang-usaha,ruang-usaha,0.7753,moved
2023-03-20_Cp_rLfZJVHB,daikuinterior_Cp_rLfZJVHB_0.jpg,kamar-tidur,kamar-tidur,0.8442,moved
2023-03-20_Cp_rLfZJVHB,daikuinterior_Cp_rLfZJVHB_1.jpg,kamar-tidur,kamar-tidur,0.8836,moved
2023-03-20_Cp_rLfZJVHB,daikuinterior_Cp_rLfZJVHB_2.jpg,kamar-tidur,kamar-tidur,0.7929,moved
2023-03-20_Cp_rLfZJVHB,daikuinterior_Cp_rLfZJVHB_3.jpg,kamar-tidur,kamar-tidur,0.5556,moved
2023-03-22_CqE7WYOJCGU,daikuinterior_CqE7WYOJCGU_0.jpg,ruang-usaha,ruang-usaha,0.8888,moved
2023-03-22_CqE7WYOJCGU,daikuinterior_CqE7WYOJCGU_1.jpg,ruang-usaha,ruang-usaha,0.3452,moved
2023-03-22_CqE7WYOJCGU,daikuinterior_CqE7WYOJCGU_2.jpg,perlu-ditinjau,perlu-ditinjau,0.2997,moved
2023-03-22_CqE7WYOJCGU,daikuinterior_CqE7WYOJCGU_3.jpg,furnitur-detail,ruang-usaha,0.4741,moved
2023-03-24_CqKis3eJ1lZ,daikuinterior_CqKis3eJ1lZ_0.jpg,furnitur-detail,furnitur-detail,0.4656,moved
2023-03-24_CqKis3eJ1lZ,daikuinterior_CqKis3eJ1lZ_1.jpg,ruang-kerja,furnitur-detail,0.5146,moved
2023-03-24_CqKis3eJ1lZ,daikuinterior_CqKis3eJ1lZ_2.jpg,perlu-ditinjau,perlu-ditinjau,0.3308,moved
2023-03-24_CqKis3eJ1lZ,daikuinterior_CqKis3eJ1lZ_3.jpg,ruang-usaha,furnitur-detail,0.6404,moved
2023-03-24_CqKis3eJ1lZ,daikuinterior_CqKis3eJ1lZ_4.jpg,kamar-mandi,furnitur-detail,0.438,moved
2023-03-24_CqLrOyOyvdK,daikuinterior_CqLrOyOyvdK_0.jpg,kamar-mandi,kamar-mandi,0.9895,moved
2023-03-24_CqLrOyOyvdK,daikuinterior_CqLrOyOyvdK_1.jpg,kamar-mandi,kamar-mandi,0.9573,moved
2023-03-24_CqLrOyOyvdK,daikuinterior_CqLrOyOyvdK_2.jpg,kamar-mandi,kamar-mandi,0.9871,moved
2023-03-24_CqLrOyOyvdK,daikuinterior_CqLrOyOyvdK_3.jpg,kamar-mandi,kamar-mandi,0.9839,moved
2023-03-24_CqLrOyOyvdK,daikuinterior_CqLrOyOyvdK_4.jpg,kamar-mandi,kamar-mandi,0.9885,moved
2023-03-24_CqLrOyOyvdK,daikuinterior_CqLrOyOyvdK_5.jpg,kamar-mandi,kamar-mandi,0.9581,moved
2023-03-27_CqR1Xf5JPrp,daikuinterior_CqR1Xf5JPrp_0.jpg,furnitur-detail,furnitur-detail,0.6251,moved
2023-03-27_CqR1Xf5JPrp,daikuinterior_CqR1Xf5JPrp_1.jpg,ruang-kerja,furnitur-detail,0.5771,moved
2023-03-27_CqR1Xf5JPrp,daikuinterior_CqR1Xf5JPrp_2.jpg,furnitur-detail,furnitur-detail,0.5637,moved
2023-03-27_CqR1Xf5JPrp,daikuinterior_CqR1Xf5JPrp_3.jpg,furnitur-detail,furnitur-detail,0.8094,moved
2023-03-27_CqR1Xf5JPrp,daikuinterior_CqR1Xf5JPrp_4.jpg,ruang-kerja,furnitur-detail,0.8623,moved
2023-03-27_CqR1Xf5JPrp,daikuinterior_CqR1Xf5JPrp_5.jpg,ruang-kerja,furnitur-detail,0.4912,moved
2023-03-30_Cqa6pkvpS5T,daikuinterior_Cqa6pkvpS5T_0.jpg,ruang-usaha,ruang-usaha,0.3666,moved
2023-03-30_Cqa6pkvpS5T,daikuinterior_Cqa6pkvpS5T_1.jpg,ruang-usaha,ruang-usaha,0.5719,moved
2023-03-31_Cqc_kb1JUgd,daikuinterior_Cqc_kb1JUgd_0.jpg,eksterior,eksterior,0.9605,moved
2023-03-31_Cqc_kb1JUgd,daikuinterior_Cqc_kb1JUgd_1.jpg,eksterior,eksterior,0.944,moved
2023-03-31_CqdHH99p_E1,daikuinterior_CqdHH99p_E1_0.jpg,ruang-kerja,ruang-kerja,0.8669,moved
2023-04-01_Cqf1Kxjp3Ab,daikuinterior_Cqf1Kxjp3Ab_0.jpg,ruang-usaha,kamar-mandi,0.5145,moved
2023-04-01_Cqf1Kxjp3Ab,daikuinterior_Cqf1Kxjp3Ab_1.jpg,kamar-mandi,kamar-mandi,0.8649,moved
2023-04-01_Cqf1Kxjp3Ab,daikuinterior_Cqf1Kxjp3Ab_2.jpg,kamar-mandi,kamar-mandi,0.5226,moved
2023-04-01_Cqf1Kxjp3Ab,daikuinterior_Cqf1Kxjp3Ab_3.jpg,furnitur-detail,kamar-mandi,0.6925,moved
2023-04-01_Cqf1Kxjp3Ab,daikuinterior_Cqf1Kxjp3Ab_4.jpg,kamar-mandi,kamar-mandi,0.3885,moved
2023-04-01_Cqf1Kxjp3Ab,daikuinterior_Cqf1Kxjp3Ab_5.jpg,kamar-mandi,kamar-mandi,0.6723,moved
2023-04-01_Cqf1Kxjp3Ab,daikuinterior_Cqf1Kxjp3Ab_6.jpg,perlu-ditinjau,perlu-ditinjau,0.3312,moved
2023-04-03_CqlElZfJHT-,daikuinterior_CqlElZfJHT-_0.jpg,ruang-usaha,ruang-usaha,0.967,moved
2023-04-03_CqlElZfJHT-,daikuinterior_CqlElZfJHT-_1.jpg,ruang-usaha,ruang-usaha,0.9818,moved
2023-04-03_CqlElZfJHT-,daikuinterior_CqlElZfJHT-_2.jpg,furnitur-detail,ruang-usaha,0.3943,moved
2023-04-03_CqlElZfJHT-,daikuinterior_CqlElZfJHT-_3.jpg,ruang-usaha,ruang-usaha,0.3911,moved
2023-04-03_CqlElZfJHT-,daikuinterior_CqlElZfJHT-_4.jpg,dapur,ruang-usaha,0.6427,moved
2023-04-03_CqlElZfJHT-,daikuinterior_CqlElZfJHT-_6.jpg,furnitur-detail,ruang-usaha,0.6328,moved
2023-04-03_CqlExkvpUW_,daikuinterior_CqlExkvpUW__0.jpg,furnitur-detail,furnitur-detail,0.3664,moved
2023-04-03_CqlExkvpUW_,daikuinterior_CqlExkvpUW__1.jpg,furnitur-detail,furnitur-detail,0.3782,moved
2023-04-07_CquDOW-pkiK,daikuinterior_CquDOW-pkiK_0.jpg,furnitur-detail,furnitur-detail,0.6635,moved
2023-04-07_CquDOW-pkiK,daikuinterior_CquDOW-pkiK_1.jpg,furnitur-detail,furnitur-detail,0.6684,moved
2023-04-07_CquDOW-pkiK,daikuinterior_CquDOW-pkiK_2.jpg,furnitur-detail,furnitur-detail,0.7489,moved
2023-04-11_Cq40NI8u0JJ,daikuinterior_Cq40NI8u0JJ_0.jpg,furnitur-detail,furnitur-detail,0.6782,moved
2023-04-11_Cq40NI8u0JJ,daikuinterior_Cq40NI8u0JJ_1.jpg,furnitur-detail,furnitur-detail,0.7293,moved
2023-04-13_Cq-r9qKpFeN,daikuinterior_Cq-r9qKpFeN_0.jpg,kamar-tidur,kamar-tidur,0.8267,moved
2023-04-13_Cq-r9qKpFeN,daikuinterior_Cq-r9qKpFeN_1.jpg,kamar-tidur,kamar-tidur,0.5731,moved
2023-04-15_CrDw04HpOxA,daikuinterior_CrDw04HpOxA_0.jpg,furnitur-detail,furnitur-detail,0.6925,moved
2023-04-15_CrDw04HpOxA,daikuinterior_CrDw04HpOxA_1.jpg,ruang-usaha,furnitur-detail,0.5145,moved
2023-04-15_CrDw04HpOxA,daikuinterior_CrDw04HpOxA_2.jpg,perlu-ditinjau,perlu-ditinjau,0.3312,moved
2023-04-15_CrDw04HpOxA,daikuinterior_CrDw04HpOxA_3.jpg,kamar-mandi,furnitur-detail,0.3885,moved
2023-04-15_CrDww0wJPHg,daikuinterior_CrDww0wJPHg_0.jpg,kamar-mandi,kamar-mandi,0.8649,moved
2023-04-15_CrDww0wJPHg,daikuinterior_CrDww0wJPHg_1.jpg,kamar-mandi,kamar-mandi,0.5226,moved
2023-04-15_CrDww0wJPHg,daikuinterior_CrDww0wJPHg_2.jpg,kamar-mandi,kamar-mandi,0.6723,moved
2023-04-15_CrDxWQipkZk,daikuinterior_CrDxWQipkZk_0.jpg,perlu-ditinjau,perlu-ditinjau,0.2648,moved
2023-04-15_CrDxWQipkZk,daikuinterior_CrDxWQipkZk_1.jpg,furnitur-detail,furnitur-detail,0.4404,moved
2023-04-15_CrDxWQipkZk,daikuinterior_CrDxWQipkZk_2.jpg,perlu-ditinjau,perlu-ditinjau,0.2994,moved
2023-04-19_CrNqTxKpYA_,daikuinterior_CrNqTxKpYA__0.jpg,furnitur-detail,furnitur-detail,0.9427,moved
2023-04-19_CrNqTxKpYA_,daikuinterior_CrNqTxKpYA__1.jpg,furnitur-detail,furnitur-detail,0.8042,moved
2023-04-19_CrNqTxKpYA_,daikuinterior_CrNqTxKpYA__2.jpg,furnitur-detail,furnitur-detail,0.8893,moved
2023-04-25_CrcK3CHJF5O,daikuinterior_CrcK3CHJF5O_0.jpg,ruang-usaha,ruang-usaha,0.6396,moved
2023-04-25_CrcK3CHJF5O,daikuinterior_CrcK3CHJF5O_1.jpg,furnitur-detail,ruang-usaha,0.4296,moved
2023-04-25_CrcK3CHJF5O,daikuinterior_CrcK3CHJF5O_2.jpg,ruang-usaha,ruang-usaha,0.4446,moved
2023-04-26_Cre3DpLJ7Or,daikuinterior_Cre3DpLJ7Or_0.jpg,dapur,dapur,0.7418,moved
2023-04-30_CrpNvfUpOYr,daikuinterior_CrpNvfUpOYr_0.jpg,ruang-usaha,ruang-usaha,0.9498,moved
2023-04-30_CrpNvfUpOYr,daikuinterior_CrpNvfUpOYr_1.jpg,furnitur-detail,ruang-usaha,0.5208,moved
2023-05-01_CrsVc-sp3io,daikuinterior_CrsVc-sp3io_0.jpg,furnitur-detail,furnitur-detail,0.8333,moved
2023-05-01_CrsVc-sp3io,daikuinterior_CrsVc-sp3io_1.jpg,furnitur-detail,furnitur-detail,0.76,moved
2023-05-01_CrsVc-sp3io,daikuinterior_CrsVc-sp3io_2.jpg,furnitur-detail,furnitur-detail,0.3645,moved
2023-05-02_CruK5LWPke7,daikuinterior_CruK5LWPke7_0.jpg,dapur,dapur,0.5547,moved
2023-05-02_CruK5LWPke7,daikuinterior_CruK5LWPke7_1.jpg,dapur,dapur,0.8165,moved
2023-05-02_CruK5LWPke7,daikuinterior_CruK5LWPke7_2.jpg,dapur,dapur,0.6371,moved
2023-05-02_CruK5LWPke7,daikuinterior_CruK5LWPke7_3.jpg,furnitur-detail,dapur,0.5277,moved
2023-05-02_CruK5LWPke7,daikuinterior_CruK5LWPke7_4.jpg,dapur,dapur,0.8566,moved
2023-05-02_CruK5LWPke7,daikuinterior_CruK5LWPke7_5.jpg,dapur,dapur,0.6546,moved
2023-05-02_CruK5LWPke7,daikuinterior_CruK5LWPke7_6.jpg,perlu-ditinjau,perlu-ditinjau,0.3286,moved
2023-05-02_CrvHoQbJ8T6,daikuinterior_CrvHoQbJ8T6_0.jpg,dapur,dapur,0.5251,moved
2023-05-02_CrvHoQbJ8T6,daikuinterior_CrvHoQbJ8T6_1.jpg,dapur,dapur,0.4037,moved
2023-05-02_CrvHxltp456,daikuinterior_CrvHxltp456_0.jpg,dapur,dapur,0.5297,moved
2023-05-02_CrvHxltp456,daikuinterior_CrvHxltp456_1.jpg,kamar-mandi,dapur,0.6444,moved
2023-05-02_CrvHxltp456,daikuinterior_CrvHxltp456_2.jpg,kamar-mandi,dapur,0.4817,moved
2023-05-02_CrvHxltp456,daikuinterior_CrvHxltp456_3.jpg,dapur,dapur,0.8628,moved
2023-05-02_CrvHxltp456,daikuinterior_CrvHxltp456_4.jpg,furnitur-detail,dapur,0.7161,moved
2023-05-03_Crw7rR8J_ef,daikuinterior_Crw7rR8J_ef_0.jpg,ruang-usaha,ruang-usaha,0.7159,moved
2023-05-03_Crw7rR8J_ef,daikuinterior_Crw7rR8J_ef_1.jpg,ruang-usaha,ruang-usaha,0.782,moved
2023-05-03_CrxJ4DoJK5B,daikuinterior_CrxJ4DoJK5B_0.jpg,dapur,dapur,0.9039,moved
2023-05-03_CrxJ4DoJK5B,daikuinterior_CrxJ4DoJK5B_1.jpg,dapur,dapur,0.9134,moved
2023-05-03_CrxJ4DoJK5B,daikuinterior_CrxJ4DoJK5B_2.jpg,dapur,dapur,0.7588,moved
2023-05-03_CrxJ4DoJK5B,daikuinterior_CrxJ4DoJK5B_4.jpg,dapur,dapur,0.9182,moved
2023-05-03_CrxU5dzp-PQ,daikuinterior_CrxU5dzp-PQ_0.jpg,furnitur-detail,furnitur-detail,0.6521,moved
2023-05-03_CrxU5dzp-PQ,daikuinterior_CrxU5dzp-PQ_1.jpg,furnitur-detail,furnitur-detail,0.7648,moved
2023-05-04_CrzemIZp4Tr,daikuinterior_CrzemIZp4Tr_0.jpg,ruang-usaha,ruang-usaha,0.4017,moved
2023-05-04_CrzemIZp4Tr,daikuinterior_CrzemIZp4Tr_1.jpg,perlu-ditinjau,perlu-ditinjau,0.283,moved
2023-05-04_Crzk18zJDFE,daikuinterior_Crzk18zJDFE_0.jpg,ruang-usaha,ruang-usaha,0.9478,moved
2023-05-04_Crzk18zJDFE,daikuinterior_Crzk18zJDFE_1.jpg,ruang-usaha,ruang-usaha,0.9904,moved
2023-05-04_Crzk18zJDFE,daikuinterior_Crzk18zJDFE_2.jpg,ruang-usaha,ruang-usaha,0.9816,moved
2023-05-04_Crzk18zJDFE,daikuinterior_Crzk18zJDFE_3.jpg,ruang-usaha,ruang-usaha,0.8762,moved
2023-05-04_Crzk18zJDFE,daikuinterior_Crzk18zJDFE_4.jpg,ruang-usaha,ruang-usaha,0.918,moved
2023-05-08_Cr-jhX8pHPY,daikuinterior_Cr-jhX8pHPY_0.jpg,dapur,dapur,0.8789,moved
2023-05-08_Cr-jhX8pHPY,daikuinterior_Cr-jhX8pHPY_1.jpg,dapur,dapur,0.975,moved
2023-05-08_Cr-jhX8pHPY,daikuinterior_Cr-jhX8pHPY_2.jpg,dapur,dapur,0.5546,moved
2023-05-10_CsDd-zfRR6e,daikuinterior_CsDd-zfRR6e_0.jpg,dapur,dapur,0.8817,moved
2023-05-10_CsDd-zfRR6e,daikuinterior_CsDd-zfRR6e_1.jpg,dapur,dapur,0.884,moved
2023-05-10_CsDd-zfRR6e,daikuinterior_CsDd-zfRR6e_2.jpg,dapur,dapur,0.8454,moved
2023-05-10_CsDd-zfRR6e,daikuinterior_CsDd-zfRR6e_3.jpg,dapur,dapur,0.6812,moved
2023-05-10_CsDd-zfRR6e,daikuinterior_CsDd-zfRR6e_4.jpg,dapur,dapur,0.655,moved
2023-05-10_CsDd-zfRR6e,daikuinterior_CsDd-zfRR6e_5.jpg,dapur,dapur,0.5584,moved
2023-05-10_CsDd-zfRR6e,daikuinterior_CsDd-zfRR6e_6.jpg,furnitur-detail,dapur,0.5304,moved
2023-05-10_CsDdVTlxLcb,daikuinterior_CsDdVTlxLcb_0.jpg,furnitur-detail,furnitur-detail,0.6689,moved
2023-05-10_CsDdVTlxLcb,daikuinterior_CsDdVTlxLcb_1.jpg,furnitur-detail,furnitur-detail,0.4631,moved
2023-05-10_CsDdVTlxLcb,daikuinterior_CsDdVTlxLcb_2.jpg,ruang-usaha,furnitur-detail,0.6531,moved
2023-05-10_CsDdVTlxLcb,daikuinterior_CsDdVTlxLcb_3.jpg,furnitur-detail,furnitur-detail,0.7071,moved
2023-05-10_CsDdVTlxLcb,daikuinterior_CsDdVTlxLcb_4.jpg,furnitur-detail,furnitur-detail,0.3659,moved
2023-05-10_CsEI-mqxMjj,daikuinterior_CsEI-mqxMjj_0.jpg,ruang-usaha,ruang-usaha,0.9383,moved
2023-05-10_CsEI-mqxMjj,daikuinterior_CsEI-mqxMjj_1.jpg,furnitur-detail,ruang-usaha,0.6025,moved
2023-05-10_CsEI-mqxMjj,daikuinterior_CsEI-mqxMjj_2.jpg,ruang-usaha,ruang-usaha,0.9555,moved
2023-05-11_CsGxGMKxfuN,daikuinterior_CsGxGMKxfuN_0.jpg,furnitur-detail,furnitur-detail,0.4301,moved
2023-05-11_CsGxGMKxfuN,daikuinterior_CsGxGMKxfuN_1.jpg,furnitur-detail,furnitur-detail,0.4158,moved
2023-05-11_CsGxGMKxfuN,daikuinterior_CsGxGMKxfuN_2.jpg,furnitur-detail,furnitur-detail,0.5503,moved
2023-05-11_CsGxGMKxfuN,daikuinterior_CsGxGMKxfuN_3.jpg,furnitur-detail,furnitur-detail,0.4556,moved
2023-05-11_CsGxGMKxfuN,daikuinterior_CsGxGMKxfuN_4.jpg,kamar-tidur,furnitur-detail,0.6125,moved
2023-05-15_CsQaCwtR2rJ,daikuinterior_CsQaCwtR2rJ_0.jpg,furnitur-detail,furnitur-detail,0.5795,moved
2023-05-15_CsQaCwtR2rJ,daikuinterior_CsQaCwtR2rJ_1.jpg,kamar-mandi,furnitur-detail,0.7201,moved
2023-05-15_CsQaCwtR2rJ,daikuinterior_CsQaCwtR2rJ_2.jpg,furnitur-detail,furnitur-detail,0.4894,moved
2023-05-15_CsQaCwtR2rJ,daikuinterior_CsQaCwtR2rJ_3.jpg,ruang-usaha,furnitur-detail,0.6536,moved
2023-05-15_CsQaCwtR2rJ,daikuinterior_CsQaCwtR2rJ_4.jpg,perlu-ditinjau,perlu-ditinjau,0.3075,moved
2023-05-17_CsV9enyxSb0,daikuinterior_CsV9enyxSb0_0.jpg,kamar-tidur,kamar-tidur,0.8068,moved
2023-05-17_CsV9enyxSb0,daikuinterior_CsV9enyxSb0_1.jpg,kamar-tidur,kamar-tidur,0.77,moved
2023-05-17_CsV9enyxSb0,daikuinterior_CsV9enyxSb0_2.jpg,kamar-tidur,kamar-tidur,0.6459,moved
2023-05-17_CsV9enyxSb0,daikuinterior_CsV9enyxSb0_3.jpg,furnitur-detail,kamar-tidur,0.5376,moved
2023-05-19_Csals_ixqAE,daikuinterior_Csals_ixqAE_0.jpg,kamar-tidur,kamar-tidur,0.7641,moved
2023-05-19_Csals_ixqAE,daikuinterior_Csals_ixqAE_1.jpg,kamar-tidur,kamar-tidur,0.6593,moved
2023-05-19_Csals_ixqAE,daikuinterior_Csals_ixqAE_2.jpg,kamar-tidur,kamar-tidur,0.8258,moved
2023-05-19_Csalvh_RMFO,daikuinterior_Csalvh_RMFO_0.jpg,furnitur-detail,furnitur-detail,0.7314,moved
2023-05-19_Csalvh_RMFO,daikuinterior_Csalvh_RMFO_1.jpg,furnitur-detail,furnitur-detail,0.6568,moved
2023-05-20_Csdn4gtS3Xs,daikuinterior_Csdn4gtS3Xs_0.jpg,furnitur-detail,furnitur-detail,0.6941,moved
2023-05-20_Csdn4gtS3Xs,daikuinterior_Csdn4gtS3Xs_1.jpg,furnitur-detail,furnitur-detail,0.4378,moved
2023-05-20_Csdn4gtS3Xs,daikuinterior_Csdn4gtS3Xs_2.jpg,kamar-tidur,furnitur-detail,0.4643,moved
2023-05-20_CsdoKKDSREK,daikuinterior_CsdoKKDSREK_0.jpg,dapur,dapur,0.8428,moved
2023-05-20_CsdoKKDSREK,daikuinterior_CsdoKKDSREK_1.jpg,dapur,dapur,0.9319,moved
2023-05-20_CsdoKKDSREK,daikuinterior_CsdoKKDSREK_2.jpg,dapur,dapur,0.774,moved
2023-05-20_CsdoKKDSREK,daikuinterior_CsdoKKDSREK_3.jpg,dapur,dapur,0.6164,moved
2023-05-20_CsdoKKDSREK,daikuinterior_CsdoKKDSREK_4.jpg,dapur,dapur,0.5816,moved
2023-05-20_CsdoKKDSREK,daikuinterior_CsdoKKDSREK_5.jpg,dapur,dapur,0.9555,moved
2023-05-20_CsdoKKDSREK,daikuinterior_CsdoKKDSREK_6.jpg,dapur,dapur,0.8744,moved
2023-05-20_CsdoKKDSREK,daikuinterior_CsdoKKDSREK_7.jpg,furnitur-detail,dapur,0.3694,moved
2023-05-23_CslQ-a2xo_X,daikuinterior_CslQ-a2xo_X_0.jpg,ruang-keluarga,furnitur-detail,0.4592,moved
2023-05-23_CslQ-a2xo_X,daikuinterior_CslQ-a2xo_X_1.jpg,furnitur-detail,furnitur-detail,0.5238,moved
2023-05-23_CslQ-a2xo_X,daikuinterior_CslQ-a2xo_X_2.jpg,furnitur-detail,furnitur-detail,0.4034,moved
2023-05-23_CslQ4n_x4H4,daikuinterior_CslQ4n_x4H4_0.jpg,furnitur-detail,furnitur-detail,0.8152,moved
2023-05-23_CslQ4n_x4H4,daikuinterior_CslQ4n_x4H4_1.jpg,furnitur-detail,furnitur-detail,0.5644,moved
2023-05-23_CslQ4n_x4H4,daikuinterior_CslQ4n_x4H4_2.jpg,furnitur-detail,furnitur-detail,0.6177,moved
2023-05-23_CslQ4n_x4H4,daikuinterior_CslQ4n_x4H4_3.jpg,furnitur-detail,furnitur-detail,0.6493,moved
2023-05-23_CslRH_KxJCw,daikuinterior_CslRH_KxJCw_0.jpg,dapur,dapur,0.3533,moved
2023-05-23_CslRH_KxJCw,daikuinterior_CslRH_KxJCw_1.jpg,dapur,dapur,0.7284,moved
2023-05-23_CslRH_KxJCw,daikuinterior_CslRH_KxJCw_2.jpg,dapur,dapur,0.7275,moved
2023-05-23_CslRH_KxJCw,daikuinterior_CslRH_KxJCw_3.jpg,dapur,dapur,0.89,moved
2023-05-23_CslRH_KxJCw,daikuinterior_CslRH_KxJCw_4.jpg,dapur,dapur,0.5831,moved
2023-05-23_CslRH_KxJCw,daikuinterior_CslRH_KxJCw_5.jpg,furnitur-detail,dapur,0.69,moved
2023-05-24_CsnENcgRYGl,daikuinterior_CsnENcgRYGl_0.jpg,promosi,promosi,0.8914,moved
2023-05-24_CsnGk3TRSN2,daikuinterior_CsnGk3TRSN2_0.jpg,furnitur-detail,furnitur-detail,0.5217,moved
2023-05-25_Csp4d8qRgih,daikuinterior_Csp4d8qRgih_0.jpg,dapur,dapur,0.9396,moved
2023-05-25_Csp4d8qRgih,daikuinterior_Csp4d8qRgih_1.jpg,dapur,dapur,0.9227,moved
2023-05-31_Cs5Bl-tR2e1,daikuinterior_Cs5Bl-tR2e1_0.jpg,furnitur-detail,furnitur-detail,0.7478,moved
2023-05-31_Cs5Bl-tR2e1,daikuinterior_Cs5Bl-tR2e1_1.jpg,ruang-usaha,furnitur-detail,0.9326,moved
2023-05-31_Cs5Bl-tR2e1,daikuinterior_Cs5Bl-tR2e1_2.jpg,furnitur-detail,furnitur-detail,0.6304,moved
2023-05-31_Cs5Bl-tR2e1,daikuinterior_Cs5Bl-tR2e1_3.jpg,furnitur-detail,furnitur-detail,0.63,moved
2023-06-02_Cs_HexjxA5e,daikuinterior_Cs_HexjxA5e_0.jpg,furnitur-detail,furnitur-detail,0.4703,moved
2023-06-02_Cs_HexjxA5e,daikuinterior_Cs_HexjxA5e_1.jpg,furnitur-detail,furnitur-detail,0.5633,moved
2023-06-02_Cs_HexjxA5e,daikuinterior_Cs_HexjxA5e_2.jpg,promosi,promosi,0.5601,moved
2023-06-02_Cs_HXr0ROHl,daikuinterior_Cs_HXr0ROHl_0.jpg,kamar-mandi,kamar-mandi,0.4807,moved
2023-06-02_Cs_HXr0ROHl,daikuinterior_Cs_HXr0ROHl_1.jpg,ruang-usaha,kamar-mandi,0.396,moved
2023-06-02_Cs_HXr0ROHl,daikuinterior_Cs_HXr0ROHl_2.jpg,kamar-mandi,kamar-mandi,0.622,moved
2023-06-02_Cs_HXr0ROHl,daikuinterior_Cs_HXr0ROHl_3.jpg,furnitur-detail,kamar-mandi,0.5009,moved
2023-06-05_CtGoF2vRIlO,daikuinterior_CtGoF2vRIlO_0.jpg,furnitur-detail,furnitur-detail,0.6909,moved
2023-06-05_CtGoF2vRIlO,daikuinterior_CtGoF2vRIlO_1.jpg,furnitur-detail,furnitur-detail,0.4822,moved
2023-06-05_CtGoF2vRIlO,daikuinterior_CtGoF2vRIlO_2.jpg,furnitur-detail,furnitur-detail,0.7566,moved
2023-06-05_CtGoF2vRIlO,daikuinterior_CtGoF2vRIlO_3.jpg,kamar-mandi,furnitur-detail,0.9277,moved
2023-06-05_CtGoF2vRIlO,daikuinterior_CtGoF2vRIlO_4.jpg,kamar-mandi,furnitur-detail,0.9613,moved
2023-06-06_CtI08AQR2sF,daikuinterior_CtI08AQR2sF_0.jpg,perlu-ditinjau,perlu-ditinjau,0.2416,moved
2023-06-06_CtI08AQR2sF,daikuinterior_CtI08AQR2sF_1.jpg,kamar-mandi,ruang-usaha,0.4524,moved
2023-06-06_CtI08AQR2sF,daikuinterior_CtI08AQR2sF_2.jpg,ruang-usaha,ruang-usaha,0.6458,moved
2023-06-06_CtI08AQR2sF,daikuinterior_CtI08AQR2sF_3.jpg,ruang-usaha,ruang-usaha,0.5795,moved
2023-06-06_CtI08AQR2sF,daikuinterior_CtI08AQR2sF_4.jpg,kamar-mandi,ruang-usaha,0.6701,moved
2023-06-06_CtI08AQR2sF,daikuinterior_CtI08AQR2sF_5.jpg,furnitur-detail,ruang-usaha,0.5415,moved
2023-06-06_CtI08AQR2sF,daikuinterior_CtI08AQR2sF_6.jpg,ruang-usaha,ruang-usaha,0.5321,moved
2023-06-06_CtI08AQR2sF,daikuinterior_CtI08AQR2sF_7.jpg,furnitur-detail,ruang-usaha,0.3739,moved
2023-06-07_CtLElglRGOq,daikuinterior_CtLElglRGOq_0.jpg,eksterior,eksterior,0.6543,moved
2023-06-10_CtTCZdJRM22,daikuinterior_CtTCZdJRM22_0.jpg,kamar-tidur,kamar-tidur,0.8887,moved
2023-06-10_CtTCZdJRM22,daikuinterior_CtTCZdJRM22_1.jpg,kamar-tidur,kamar-tidur,0.9452,moved
2023-06-10_CtTCZdJRM22,daikuinterior_CtTCZdJRM22_2.jpg,kamar-tidur,kamar-tidur,0.8851,moved
2023-06-10_CtTCZdJRM22,daikuinterior_CtTCZdJRM22_3.jpg,kamar-mandi,kamar-tidur,0.5171,moved
2023-06-10_CtTCZdJRM22,daikuinterior_CtTCZdJRM22_4.jpg,furnitur-detail,kamar-tidur,0.5376,moved
2023-06-10_CtTCZdJRM22,daikuinterior_CtTCZdJRM22_5.jpg,furnitur-detail,kamar-tidur,0.5186,moved
2023-06-12_CtY4_uAxiUT,daikuinterior_CtY4_uAxiUT_0.jpg,kamar-mandi,kamar-mandi,0.9351,moved
2023-06-12_CtY4_uAxiUT,daikuinterior_CtY4_uAxiUT_1.jpg,kamar-mandi,kamar-mandi,0.9594,moved
2023-06-12_CtY4_uAxiUT,daikuinterior_CtY4_uAxiUT_2.jpg,kamar-mandi,kamar-mandi,0.8675,moved
2023-06-12_CtY4_uAxiUT,daikuinterior_CtY4_uAxiUT_3.jpg,furnitur-detail,kamar-mandi,0.7296,moved
2023-06-14_CtczioCSFmw,daikuinterior_CtczioCSFmw_0.jpg,dapur,dapur,0.9463,moved
2023-06-14_CtczioCSFmw,daikuinterior_CtczioCSFmw_1.jpg,dapur,dapur,0.8991,moved
2023-06-15_CtguYlHRPFb,daikuinterior_CtguYlHRPFb_0.jpg,dapur,dapur,0.697,moved
2023-06-15_CtguYlHRPFb,daikuinterior_CtguYlHRPFb_1.jpg,dapur,dapur,0.719,moved
2023-06-15_CtguYlHRPFb,daikuinterior_CtguYlHRPFb_2.jpg,dapur,dapur,0.4793,moved
2023-06-15_CtguYlHRPFb,daikuinterior_CtguYlHRPFb_3.jpg,dapur,dapur,0.9094,moved
2023-06-15_CtguYlHRPFb,daikuinterior_CtguYlHRPFb_4.jpg,ruang-usaha,dapur,0.6441,moved
2023-06-17_CtltCBiRN_O,daikuinterior_CtltCBiRN_O_0.jpg,dapur,dapur,0.9314,moved
2023-06-17_CtltCBiRN_O,daikuinterior_CtltCBiRN_O_1.jpg,dapur,dapur,0.5848,moved
2023-06-17_CtltCBiRN_O,daikuinterior_CtltCBiRN_O_2.jpg,dapur,dapur,0.8975,moved
2023-06-17_CtltCBiRN_O,daikuinterior_CtltCBiRN_O_3.jpg,dapur,dapur,0.783,moved
2023-06-17_CtltCBiRN_O,daikuinterior_CtltCBiRN_O_4.jpg,dapur,dapur,0.6866,moved
2023-06-21_CtvA9pGx0lp,daikuinterior_CtvA9pGx0lp_0.jpg,kamar-tidur,kamar-tidur,0.9315,moved
2023-06-21_CtvA9pGx0lp,daikuinterior_CtvA9pGx0lp_1.jpg,kamar-mandi,kamar-tidur,0.4879,moved
2023-06-21_CtvA9pGx0lp,daikuinterior_CtvA9pGx0lp_2.jpg,kamar-tidur,kamar-tidur,0.8344,moved
2023-06-21_CtvA9pGx0lp,daikuinterior_CtvA9pGx0lp_3.jpg,kamar-tidur,kamar-tidur,0.9825,moved
2023-06-21_CtvA9pGx0lp,daikuinterior_CtvA9pGx0lp_4.jpg,kamar-tidur,kamar-tidur,0.6638,moved
2023-06-22_Ctx0NnNxhwT,daikuinterior_Ctx0NnNxhwT_0.jpg,eksterior,eksterior,0.936,moved
2023-06-22_Ctx0NnNxhwT,daikuinterior_Ctx0NnNxhwT_1.jpg,eksterior,eksterior,0.8388,moved
2023-06-22_Ctx0NnNxhwT,daikuinterior_Ctx0NnNxhwT_2.jpg,eksterior,eksterior,0.8869,moved
2023-06-22_Ctx0NnNxhwT,daikuinterior_Ctx0NnNxhwT_3.jpg,eksterior,eksterior,0.9667,moved
2023-06-23_Ct0MbFvJWSa,daikuinterior_Ct0MbFvJWSa_0.jpg,furnitur-detail,furnitur-detail,0.7077,moved
2023-06-23_Ct0MbFvJWSa,daikuinterior_Ct0MbFvJWSa_1.jpg,furnitur-detail,furnitur-detail,0.4988,moved
2023-06-23_Ct0MbFvJWSa,daikuinterior_Ct0MbFvJWSa_2.jpg,furnitur-detail,furnitur-detail,0.4597,moved
2023-06-23_Ct0MbFvJWSa,daikuinterior_Ct0MbFvJWSa_3.jpg,furnitur-detail,furnitur-detail,0.5255,moved
2023-06-23_Ct0MbFvJWSa,daikuinterior_Ct0MbFvJWSa_4.jpg,kamar-tidur,furnitur-detail,0.5273,moved
2023-06-23_Ct0MbFvJWSa,daikuinterior_Ct0MbFvJWSa_5.jpg,furnitur-detail,furnitur-detail,0.3671,moved
2023-06-26_Ct8KInRxCWN,daikuinterior_Ct8KInRxCWN_0.jpg,furnitur-detail,furnitur-detail,0.5795,moved
2023-06-26_Ct8KInRxCWN,daikuinterior_Ct8KInRxCWN_1.jpg,furnitur-detail,furnitur-detail,0.7818,moved
2023-06-26_Ct8KInRxCWN,daikuinterior_Ct8KInRxCWN_2.jpg,furnitur-detail,furnitur-detail,0.4048,moved
2023-06-26_Ct8KInRxCWN,daikuinterior_Ct8KInRxCWN_3.jpg,furnitur-detail,furnitur-detail,0.6264,moved
2023-06-26_Ct8KP7DxyDz,daikuinterior_Ct8KP7DxyDz_0.jpg,furnitur-detail,furnitur-detail,0.8607,moved
2023-06-26_Ct8KP7DxyDz,daikuinterior_Ct8KP7DxyDz_1.jpg,furnitur-detail,furnitur-detail,0.5773,moved
2023-06-28_CuBCHmOxFVP,daikuinterior_CuBCHmOxFVP_0.jpg,kamar-tidur,kamar-tidur,0.9303,moved
2023-06-28_CuBCHmOxFVP,daikuinterior_CuBCHmOxFVP_1.jpg,kamar-tidur,kamar-tidur,0.9029,moved
2023-06-28_CuBCHmOxFVP,daikuinterior_CuBCHmOxFVP_2.jpg,kamar-tidur,kamar-tidur,0.8678,moved
2023-06-28_CuBCHmOxFVP,daikuinterior_CuBCHmOxFVP_3.jpg,kamar-tidur,kamar-tidur,0.6766,moved
2023-06-28_CuBCHmOxFVP,daikuinterior_CuBCHmOxFVP_4.jpg,kamar-tidur,kamar-tidur,0.7003,moved
2023-07-01_CuI4y5Ix0Hb,daikuinterior_CuI4y5Ix0Hb_0.jpg,kamar-tidur,kamar-tidur,0.8545,moved
2023-07-01_CuI4y5Ix0Hb,daikuinterior_CuI4y5Ix0Hb_1.jpg,kamar-tidur,kamar-tidur,0.9453,moved
2023-07-01_CuI4y5Ix0Hb,daikuinterior_CuI4y5Ix0Hb_2.jpg,kamar-tidur,kamar-tidur,0.6629,moved
2023-07-01_CuI4y5Ix0Hb,daikuinterior_CuI4y5Ix0Hb_3.jpg,kamar-tidur,kamar-tidur,0.9116,moved
2023-07-02_CuLR0cwRLr2,daikuinterior_CuLR0cwRLr2_0.jpg,furnitur-detail,furnitur-detail,0.5415,moved
2023-07-02_CuLR0cwRLr2,daikuinterior_CuLR0cwRLr2_1.jpg,perlu-ditinjau,perlu-ditinjau,0.3084,moved
2023-07-02_CuLR0cwRLr2,daikuinterior_CuLR0cwRLr2_2.jpg,furnitur-detail,furnitur-detail,0.7071,moved
2023-07-02_CuLR0cwRLr2,daikuinterior_CuLR0cwRLr2_3.jpg,furnitur-detail,furnitur-detail,0.7462,moved
2023-07-03_CuO-_FGRW5L,daikuinterior_CuO-_FGRW5L_0.jpg,kamar-tidur,kamar-tidur,0.815,moved
2023-07-03_CuO-_FGRW5L,daikuinterior_CuO-_FGRW5L_1.jpg,kamar-mandi,kamar-tidur,0.7228,moved
2023-07-03_CuO-_FGRW5L,daikuinterior_CuO-_FGRW5L_2.jpg,kamar-tidur,kamar-tidur,0.8181,moved
2023-07-03_CuO-_FGRW5L,daikuinterior_CuO-_FGRW5L_3.jpg,kamar-tidur,kamar-tidur,0.7194,moved
2023-07-07_CuZPgfCxh4h,daikuinterior_CuZPgfCxh4h_0.jpg,furnitur-detail,furnitur-detail,0.5722,moved
2023-07-07_CuZPSxbR49d,daikuinterior_CuZPSxbR49d_0.jpg,furnitur-detail,furnitur-detail,0.89,moved
2023-07-07_CuZPXK5x0kt,daikuinterior_CuZPXK5x0kt_0.jpg,perlu-ditinjau,perlu-ditinjau,0.2272,moved
2023-07-09_CudfINDRRV7,daikuinterior_CudfINDRRV7_0.jpg,furnitur-detail,furnitur-detail,0.4657,moved
2023-07-09_CudfTj7Rjf7,daikuinterior_CudfTj7Rjf7_0.jpg,ruang-usaha,ruang-usaha,0.9436,moved
2023-07-09_CudfTj7Rjf7,daikuinterior_CudfTj7Rjf7_1.jpg,ruang-usaha,ruang-usaha,0.8961,moved
2023-07-09_CudfTj7Rjf7,daikuinterior_CudfTj7Rjf7_2.jpg,ruang-usaha,ruang-usaha,0.8968,moved
2023-07-09_CudfTj7Rjf7,daikuinterior_CudfTj7Rjf7_3.jpg,ruang-usaha,ruang-usaha,0.9562,moved
2023-07-09_CudfTj7Rjf7,daikuinterior_CudfTj7Rjf7_4.jpg,ruang-usaha,ruang-usaha,0.9485,moved
2023-07-11_CujIvULxPHk,daikuinterior_CujIvULxPHk_0.jpg,kamar-tidur,kamar-tidur,0.6959,moved
2023-07-11_CujIvULxPHk,daikuinterior_CujIvULxPHk_1.jpg,kamar-tidur,kamar-tidur,0.6434,moved
2023-07-11_CujIvULxPHk,daikuinterior_CujIvULxPHk_2.jpg,kamar-mandi,kamar-tidur,0.6671,moved
2023-07-11_CujIvULxPHk,daikuinterior_CujIvULxPHk_3.jpg,kamar-tidur,kamar-tidur,0.4736,moved
2023-07-11_CujIvULxPHk,daikuinterior_CujIvULxPHk_4.jpg,furnitur-detail,kamar-tidur,0.547,moved
2023-07-12_CumSMcUxNMQ,daikuinterior_CumSMcUxNMQ_0.jpg,furnitur-detail,furnitur-detail,0.7533,moved
2023-07-12_CumSMcUxNMQ,daikuinterior_CumSMcUxNMQ_1.jpg,kamar-mandi,furnitur-detail,0.5174,moved
2023-07-12_CumSMcUxNMQ,daikuinterior_CumSMcUxNMQ_2.jpg,kamar-mandi,furnitur-detail,0.6322,moved
2023-07-12_CumSMcUxNMQ,daikuinterior_CumSMcUxNMQ_3.jpg,furnitur-detail,furnitur-detail,0.5605,moved
2023-07-19_Cu4J8oox0FS,daikuinterior_Cu4J8oox0FS_0.jpg,kamar-tidur,kamar-tidur,0.8854,moved
2023-07-27_CvMW3VFRXf5,daikuinterior_CvMW3VFRXf5_0.jpg,ruang-usaha,ruang-usaha,0.6892,moved
2023-07-27_CvMW3VFRXf5,daikuinterior_CvMW3VFRXf5_1.jpg,ruang-usaha,ruang-usaha,0.7394,moved
2023-07-27_CvMW3VFRXf5,daikuinterior_CvMW3VFRXf5_2.jpg,ruang-usaha,ruang-usaha,0.869,moved
2023-07-27_CvMW3VFRXf5,daikuinterior_CvMW3VFRXf5_3.jpg,furnitur-detail,ruang-usaha,0.496,moved
2023-07-27_CvMW3VFRXf5,daikuinterior_CvMW3VFRXf5_4.jpg,furnitur-detail,ruang-usaha,0.7538,moved
2023-07-27_CvMW3VFRXf5,daikuinterior_CvMW3VFRXf5_5.jpg,ruang-usaha,ruang-usaha,0.4592,moved
2023-07-27_CvMWnsbxxpR,daikuinterior_CvMWnsbxxpR_0.jpg,ruang-usaha,ruang-usaha,0.5818,moved
2023-07-27_CvMWPMtRmry,daikuinterior_CvMWPMtRmry_0.jpg,furnitur-detail,furnitur-detail,0.693,moved
2023-07-27_CvMWPMtRmry,daikuinterior_CvMWPMtRmry_1.jpg,furnitur-detail,furnitur-detail,0.8885,moved
2023-07-27_CvMWqPoR1WY,daikuinterior_CvMWqPoR1WY_0.jpg,kamar-tidur,kamar-tidur,0.4033,moved
2023-07-27_CvMWs0yREjv,daikuinterior_CvMWs0yREjv_0.jpg,furnitur-detail,furnitur-detail,0.79,moved
2023-07-27_CvMWs0yREjv,daikuinterior_CvMWs0yREjv_1.jpg,furnitur-detail,furnitur-detail,0.6739,moved
2023-07-28_CvOba_Sx0gX,daikuinterior_CvOba_Sx0gX_0.jpg,foto-orang,foto-orang,0.7769,moved
2023-08-02_CvcXaNIxDW5,daikuinterior_CvcXaNIxDW5_0.jpg,furnitur-detail,furnitur-detail,0.3904,moved
2023-08-02_CvcXaNIxDW5,daikuinterior_CvcXaNIxDW5_1.jpg,furnitur-detail,furnitur-detail,0.4059,moved
2023-08-02_CvcXaNIxDW5,daikuinterior_CvcXaNIxDW5_2.jpg,kamar-mandi,furnitur-detail,0.7371,moved
2023-08-02_CvcXhrQRsQG,daikuinterior_CvcXhrQRsQG_0.jpg,furnitur-detail,furnitur-detail,0.8373,moved
2023-08-02_CvcXq6qxY7R,daikuinterior_CvcXq6qxY7R_0.jpg,furnitur-detail,kamar-mandi,0.3605,moved
2023-08-02_CvcXq6qxY7R,daikuinterior_CvcXq6qxY7R_1.jpg,kamar-mandi,kamar-mandi,0.7743,moved
2023-08-02_CvcXq6qxY7R,daikuinterior_CvcXq6qxY7R_2.jpg,kamar-mandi,kamar-mandi,0.7685,moved
2023-08-02_CvcXQCeR5XI,daikuinterior_CvcXQCeR5XI_0.jpg,perlu-ditinjau,perlu-ditinjau,0.3168,moved
2023-08-02_CvcXQCeR5XI,daikuinterior_CvcXQCeR5XI_1.jpg,perlu-ditinjau,perlu-ditinjau,0.2613,moved
2023-08-02_CvcXQCeR5XI,daikuinterior_CvcXQCeR5XI_2.jpg,kamar-mandi,kamar-mandi,0.3942,moved
2023-08-03_CverqtvxWpv,daikuinterior_CverqtvxWpv_0.jpg,furnitur-detail,furnitur-detail,0.5069,moved
2023-08-03_Cvetdlux1dg,daikuinterior_Cvetdlux1dg_0.jpg,furnitur-detail,furnitur-detail,0.4592,moved
2023-08-03_Cvetdlux1dg,daikuinterior_Cvetdlux1dg_1.jpg,ruang-keluarga,furnitur-detail,0.6092,moved
2023-08-03_Cvetdlux1dg,daikuinterior_Cvetdlux1dg_2.jpg,perlu-ditinjau,perlu-ditinjau,0.3304,moved
2023-08-03_Cvetdlux1dg,daikuinterior_Cvetdlux1dg_3.jpg,kamar-mandi,furnitur-detail,0.5729,moved
2023-08-03_Cvetdlux1dg,daikuinterior_Cvetdlux1dg_4.jpg,furnitur-detail,furnitur-detail,0.5742,moved
2023-08-03_Cvetdlux1dg,daikuinterior_Cvetdlux1dg_5.jpg,furnitur-detail,furnitur-detail,0.4513,moved
2023-08-03_Cvetdlux1dg,daikuinterior_Cvetdlux1dg_6.jpg,dapur,furnitur-detail,0.4731,moved
2023-08-03_Cvetdlux1dg,daikuinterior_Cvetdlux1dg_7.jpg,dapur,furnitur-detail,0.7564,moved
2023-08-03_Cvetdlux1dg,daikuinterior_Cvetdlux1dg_8.jpg,furnitur-detail,furnitur-detail,0.5888,moved
2023-08-03_Cvetdlux1dg,daikuinterior_Cvetdlux1dg_9.jpg,furnitur-detail,furnitur-detail,0.8554,moved
2023-08-05_Cvji8p3xLBY,daikuinterior_Cvji8p3xLBY_0.jpg,ruang-keluarga,ruang-keluarga,0.3623,moved
2023-08-05_Cvji8p3xLBY,daikuinterior_Cvji8p3xLBY_1.jpg,furnitur-detail,ruang-keluarga,0.5008,moved
2023-08-07_CvovLQDRQhO,daikuinterior_CvovLQDRQhO_0.jpg,furnitur-detail,furnitur-detail,0.6392,moved
2023-08-07_CvovLQDRQhO,daikuinterior_CvovLQDRQhO_1.jpg,furnitur-detail,furnitur-detail,0.622,moved
2023-08-07_CvovLQDRQhO,daikuinterior_CvovLQDRQhO_2.jpg,furnitur-detail,furnitur-detail,0.549,moved
2023-08-07_CvovLQDRQhO,daikuinterior_CvovLQDRQhO_3.jpg,ruang-usaha,furnitur-detail,0.6397,moved
2023-08-07_CvovLQDRQhO,daikuinterior_CvovLQDRQhO_4.jpg,ruang-usaha,furnitur-detail,0.5144,moved
2023-08-09_Cvug4VpRvlK,daikuinterior_Cvug4VpRvlK_0.jpg,furnitur-detail,furnitur-detail,0.5635,moved
2023-08-09_Cvug4VpRvlK,daikuinterior_Cvug4VpRvlK_1.jpg,furnitur-detail,furnitur-detail,0.8354,moved
2023-08-09_Cvug4VpRvlK,daikuinterior_Cvug4VpRvlK_2.jpg,kamar-mandi,furnitur-detail,0.7239,moved
2023-08-09_Cvug4VpRvlK,daikuinterior_Cvug4VpRvlK_3.jpg,furnitur-detail,furnitur-detail,0.6192,moved
2023-08-09_Cvug4VpRvlK,daikuinterior_Cvug4VpRvlK_4.jpg,ruang-usaha,furnitur-detail,0.4759,moved
2023-08-09_Cvug4VpRvlK,daikuinterior_Cvug4VpRvlK_5.jpg,ruang-usaha,furnitur-detail,0.5274,moved
2023-08-09_Cvug4VpRvlK,daikuinterior_Cvug4VpRvlK_6.jpg,furnitur-detail,furnitur-detail,0.7577,moved
2023-08-09_Cvug4VpRvlK,daikuinterior_Cvug4VpRvlK_7.jpg,ruang-usaha,furnitur-detail,0.8513,moved
2023-08-09_Cvug4VpRvlK,daikuinterior_Cvug4VpRvlK_8.jpg,furnitur-detail,furnitur-detail,0.6912,moved
2023-08-09_Cvug4VpRvlK,daikuinterior_Cvug4VpRvlK_9.jpg,furnitur-detail,furnitur-detail,0.4855,moved
2023-08-09_CvugbK5RG1j,daikuinterior_CvugbK5RG1j_0.jpg,ruang-usaha,ruang-usaha,0.8923,moved
2023-08-09_CvugbK5RG1j,daikuinterior_CvugbK5RG1j_1.jpg,ruang-usaha,ruang-usaha,0.6868,moved
2023-08-09_CvugbK5RG1j,daikuinterior_CvugbK5RG1j_2.jpg,ruang-usaha,ruang-usaha,0.672,moved
2023-08-09_CvugbK5RG1j,daikuinterior_CvugbK5RG1j_3.jpg,ruang-usaha,ruang-usaha,0.6937,moved
2023-08-09_CvugnmWRqDf,daikuinterior_CvugnmWRqDf_0.jpg,ruang-usaha,ruang-usaha,0.5385,moved
2023-08-09_CvugnmWRqDf,daikuinterior_CvugnmWRqDf_1.jpg,ruang-usaha,ruang-usaha,0.7429,moved
2023-08-09_CvugnmWRqDf,daikuinterior_CvugnmWRqDf_2.jpg,furnitur-detail,ruang-usaha,0.4339,moved
2023-08-09_CvugnmWRqDf,daikuinterior_CvugnmWRqDf_3.jpg,ruang-usaha,ruang-usaha,0.4518,moved
2023-08-09_CvugR7pxqL3,daikuinterior_CvugR7pxqL3_0.jpg,perlu-ditinjau,perlu-ditinjau,0.3295,moved
2023-08-09_CvugR7pxqL3,daikuinterior_CvugR7pxqL3_1.jpg,kamar-tidur,kamar-tidur,0.4531,moved
2023-08-09_CvugR7pxqL3,daikuinterior_CvugR7pxqL3_2.jpg,kamar-tidur,kamar-tidur,0.536,moved
2023-08-09_CvugR7pxqL3,daikuinterior_CvugR7pxqL3_3.jpg,ruang-kerja,kamar-tidur,0.5814,moved
2023-08-09_Cvug_LHR2zh,daikuinterior_Cvug_LHR2zh_0.jpg,furnitur-detail,furnitur-detail,0.6172,moved
2023-08-09_Cvug_LHR2zh,daikuinterior_Cvug_LHR2zh_1.jpg,furnitur-detail,furnitur-detail,0.6148,moved
2023-08-09_Cvug_LHR2zh,daikuinterior_Cvug_LHR2zh_2.jpg,furnitur-detail,furnitur-detail,0.5477,moved
2023-08-09_Cvug_LHR2zh,daikuinterior_Cvug_LHR2zh_3.jpg,furnitur-detail,furnitur-detail,0.6912,moved
2023-08-09_Cvug_LHR2zh,daikuinterior_Cvug_LHR2zh_4.jpg,furnitur-detail,furnitur-detail,0.4855,moved
2023-08-09_Cvug_LHR2zh,daikuinterior_Cvug_LHR2zh_5.jpg,furnitur-detail,furnitur-detail,0.5547,moved
2023-08-10_Cvw337-R-Hu,daikuinterior_Cvw337-R-Hu_0.jpg,kamar-mandi,kamar-mandi,0.984,moved
2023-08-10_Cvw337-R-Hu,daikuinterior_Cvw337-R-Hu_1.jpg,kamar-mandi,kamar-mandi,0.9853,moved
2023-08-10_Cvw337-R-Hu,daikuinterior_Cvw337-R-Hu_2.jpg,kamar-mandi,kamar-mandi,0.9807,moved
2023-08-10_Cvw337-R-Hu,daikuinterior_Cvw337-R-Hu_3.jpg,kamar-mandi,kamar-mandi,0.9815,moved
2023-08-10_CvwPaURRKxF,daikuinterior_CvwPaURRKxF_0.jpg,perlu-ditinjau,perlu-ditinjau,0.4342,moved
2023-08-10_CvwPaURRKxF,daikuinterior_CvwPaURRKxF_1.jpg,furnitur-detail,furnitur-detail,0.5426,moved
2023-08-11_CvzarOpRRb6,daikuinterior_CvzarOpRRb6_0.jpg,eksterior,eksterior,0.8912,moved
2023-08-11_CvzarOpRRb6,daikuinterior_CvzarOpRRb6_1.jpg,eksterior,eksterior,0.9879,moved
2023-08-11_CvzarOpRRb6,daikuinterior_CvzarOpRRb6_2.jpg,eksterior,eksterior,0.9611,moved
2023-08-11_CvzarOpRRb6,daikuinterior_CvzarOpRRb6_3.jpg,eksterior,eksterior,0.9195,moved
2023-08-15_Cv9i1lsRBM2,daikuinterior_Cv9i1lsRBM2_0.jpg,furnitur-detail,furnitur-detail,0.7132,moved
2023-08-15_Cv9i1lsRBM2,daikuinterior_Cv9i1lsRBM2_1.jpg,furnitur-detail,furnitur-detail,0.5502,moved
2023-08-15_Cv9i1lsRBM2,daikuinterior_Cv9i1lsRBM2_2.jpg,furnitur-detail,furnitur-detail,0.7081,moved
2023-08-16_CwAVnOKxlL9,daikuinterior_CwAVnOKxlL9_0.jpg,ruang-usaha,ruang-usaha,0.9341,moved
2023-08-16_CwAVnOKxlL9,daikuinterior_CwAVnOKxlL9_1.jpg,ruang-usaha,ruang-usaha,0.9902,moved
2023-08-16_CwAVnOKxlL9,daikuinterior_CwAVnOKxlL9_2.jpg,ruang-usaha,ruang-usaha,0.9186,moved
2023-08-18_CwFg2mfRMvE,daikuinterior_CwFg2mfRMvE_0.jpg,kamar-mandi,kamar-mandi,0.5235,moved
2023-08-18_CwFg2mfRMvE,daikuinterior_CwFg2mfRMvE_1.jpg,kamar-mandi,kamar-mandi,0.9049,moved
2023-08-18_CwFg6FbR-ss,daikuinterior_CwFg6FbR-ss_0.jpg,kamar-mandi,kamar-mandi,0.9556,moved
2023-08-18_CwFg6FbR-ss,daikuinterior_CwFg6FbR-ss_1.jpg,kamar-mandi,kamar-mandi,0.9934,moved
2023-08-18_CwFg6FbR-ss,daikuinterior_CwFg6FbR-ss_2.jpg,kamar-mandi,kamar-mandi,0.9911,moved
2023-08-18_CwFg6FbR-ss,daikuinterior_CwFg6FbR-ss_3.jpg,kamar-mandi,kamar-mandi,0.9934,moved
2023-08-18_CwFhKz0R0VY,daikuinterior_CwFhKz0R0VY_0.jpg,furnitur-detail,furnitur-detail,0.3655,moved
2023-08-18_CwFiFihx4GS,daikuinterior_CwFiFihx4GS_0.jpg,ruang-usaha,ruang-usaha,0.9722,moved
2023-08-18_CwFiFihx4GS,daikuinterior_CwFiFihx4GS_1.jpg,ruang-usaha,ruang-usaha,0.9402,moved
2023-08-18_CwFiFihx4GS,daikuinterior_CwFiFihx4GS_2.jpg,ruang-usaha,ruang-usaha,0.9647,moved
2023-08-18_CwFiFihx4GS,daikuinterior_CwFiFihx4GS_3.jpg,ruang-usaha,ruang-usaha,0.9181,moved
2023-08-21_CwMatpxx_vx,daikuinterior_CwMatpxx_vx_0.jpg,furnitur-detail,furnitur-detail,0.6526,moved
2023-08-21_CwMatpxx_vx,daikuinterior_CwMatpxx_vx_1.jpg,furnitur-detail,furnitur-detail,0.6719,moved
2023-08-21_CwOSFmeSGuY,daikuinterior_CwOSFmeSGuY_0.jpg,ruang-usaha,ruang-usaha,0.9286,moved
2023-08-21_CwOSFmeSGuY,daikuinterior_CwOSFmeSGuY_1.jpg,ruang-usaha,ruang-usaha,0.8274,moved
2023-08-21_CwOSFmeSGuY,daikuinterior_CwOSFmeSGuY_2.jpg,ruang-usaha,ruang-usaha,0.9376,moved
2023-08-21_CwOSFmeSGuY,daikuinterior_CwOSFmeSGuY_3.jpg,ruang-usaha,ruang-usaha,0.7742,moved
2023-08-21_CwOSFmeSGuY,daikuinterior_CwOSFmeSGuY_4.jpg,furnitur-detail,ruang-usaha,0.7302,moved
2023-08-21_CwOSFmeSGuY,daikuinterior_CwOSFmeSGuY_5.jpg,furnitur-detail,ruang-usaha,0.5713,moved
2023-08-22_CwO70FfRYqT,daikuinterior_CwO70FfRYqT_0.jpg,furnitur-detail,furnitur-detail,0.695,moved
2023-08-22_CwPtHakRlQT,daikuinterior_CwPtHakRlQT_0.jpg,kamar-tidur,kamar-tidur,0.6756,moved
2023-08-22_CwPtHakRlQT,daikuinterior_CwPtHakRlQT_1.jpg,kamar-tidur,kamar-tidur,0.7199,moved
2023-08-22_CwPtHakRlQT,daikuinterior_CwPtHakRlQT_2.jpg,kamar-tidur,kamar-tidur,0.857,moved
2023-08-22_CwPtHakRlQT,daikuinterior_CwPtHakRlQT_3.jpg,furnitur-detail,kamar-tidur,0.4557,moved
2023-08-22_CwPtHakRlQT,daikuinterior_CwPtHakRlQT_4.jpg,furnitur-detail,kamar-tidur,0.723,moved
2023-08-23_CwR6Xolxrjh,daikuinterior_CwR6Xolxrjh_0.jpg,kamar-tidur,kamar-tidur,0.6488,moved
2023-08-23_CwR6Xolxrjh,daikuinterior_CwR6Xolxrjh_1.jpg,kamar-tidur,kamar-tidur,0.7199,moved
2023-08-23_CwR6Xolxrjh,daikuinterior_CwR6Xolxrjh_2.jpg,kamar-tidur,kamar-tidur,0.6946,moved
2023-08-23_CwR6Xolxrjh,daikuinterior_CwR6Xolxrjh_3.jpg,kamar-tidur,kamar-tidur,0.8511,moved
2023-08-23_CwR6Xolxrjh,daikuinterior_CwR6Xolxrjh_4.jpg,kamar-tidur,kamar-tidur,0.5152,moved
2023-08-24_CwUiayzRpew,daikuinterior_CwUiayzRpew_0.jpg,dapur,dapur,0.941,moved
2023-08-24_CwUiayzRpew,daikuinterior_CwUiayzRpew_1.jpg,dapur,dapur,0.9141,moved
2023-08-24_CwUiayzRpew,daikuinterior_CwUiayzRpew_2.jpg,dapur,dapur,0.9584,moved
2023-08-24_CwUiayzRpew,daikuinterior_CwUiayzRpew_3.jpg,dapur,dapur,0.9162,moved
2023-08-24_CwUiayzRpew,daikuinterior_CwUiayzRpew_4.jpg,dapur,dapur,0.9767,moved
2023-08-24_CwUiayzRpew,daikuinterior_CwUiayzRpew_5.jpg,dapur,dapur,0.9422,moved
2023-08-24_CwUiayzRpew,daikuinterior_CwUiayzRpew_6.jpg,dapur,dapur,0.9103,moved
2023-08-24_CwUiayzRpew,daikuinterior_CwUiayzRpew_7.jpg,dapur,dapur,0.6999,moved
2023-08-24_CwUiayzRpew,daikuinterior_CwUiayzRpew_8.jpg,dapur,dapur,0.3561,moved
2023-08-24_CwUiayzRpew,daikuinterior_CwUiayzRpew_9.jpg,dapur,dapur,0.6741,moved
2023-08-25_CwWic3LRHco,daikuinterior_CwWic3LRHco_0.jpg,furnitur-detail,furnitur-detail,0.6458,moved
2023-08-25_CwWic3LRHco,daikuinterior_CwWic3LRHco_1.jpg,furnitur-detail,furnitur-detail,0.5677,moved
2023-08-25_CwWic3LRHco,daikuinterior_CwWic3LRHco_2.jpg,furnitur-detail,furnitur-detail,0.6872,moved
2023-08-25_CwWic3LRHco,daikuinterior_CwWic3LRHco_3.jpg,furnitur-detail,furnitur-detail,0.6894,moved
2023-08-25_CwWic3LRHco,daikuinterior_CwWic3LRHco_4.jpg,furnitur-detail,furnitur-detail,0.5034,moved
2023-08-25_CwWic3LRHco,daikuinterior_CwWic3LRHco_5.jpg,furnitur-detail,furnitur-detail,0.4718,moved
2023-08-27_Cwbu_29xhtk,daikuinterior_Cwbu_29xhtk_0.jpg,dapur,ruang-usaha,0.3515,moved
2023-08-27_Cwbu_29xhtk,daikuinterior_Cwbu_29xhtk_1.jpg,ruang-usaha,ruang-usaha,0.5878,moved
2023-08-27_Cwbu_29xhtk,daikuinterior_Cwbu_29xhtk_2.jpg,ruang-usaha,ruang-usaha,0.8807,moved
2023-08-27_Cwbu_29xhtk,daikuinterior_Cwbu_29xhtk_3.jpg,ruang-usaha,ruang-usaha,0.5716,moved
2023-08-27_Cwbu_29xhtk,daikuinterior_Cwbu_29xhtk_4.jpg,dapur,ruang-usaha,0.5746,moved
2023-08-28_CweMUwsx3NM,daikuinterior_CweMUwsx3NM_0.jpg,ruang-keluarga,furnitur-detail,0.651,moved
2023-08-28_CweMUwsx3NM,daikuinterior_CweMUwsx3NM_1.jpg,furnitur-detail,furnitur-detail,0.4614,moved
2023-08-28_CweMUwsx3NM,daikuinterior_CweMUwsx3NM_2.jpg,furnitur-detail,furnitur-detail,0.3984,moved
2023-08-28_CwfZWyQRKE5,daikuinterior_CwfZWyQRKE5_0.jpg,kamar-tidur,kamar-tidur,0.6945,moved
2023-08-28_CwfZWyQRKE5,daikuinterior_CwfZWyQRKE5_1.jpg,kamar-tidur,kamar-tidur,0.9612,moved
2023-08-28_CwfZWyQRKE5,daikuinterior_CwfZWyQRKE5_2.jpg,kamar-mandi,kamar-tidur,0.6432,moved
2023-08-28_CwfZWyQRKE5,daikuinterior_CwfZWyQRKE5_3.jpg,kamar-mandi,kamar-tidur,0.5781,moved
2023-08-28_CwfZWyQRKE5,daikuinterior_CwfZWyQRKE5_4.jpg,kamar-tidur,kamar-tidur,0.7579,moved
2023-08-28_CwgXdqEyv3e,daikuinterior_CwgXdqEyv3e_0.jpg,furnitur-detail,furnitur-detail,0.6456,moved
2023-08-28_CwgXdqEyv3e,daikuinterior_CwgXdqEyv3e_1.jpg,kamar-mandi,furnitur-detail,0.7253,moved
2023-08-28_CwgXdqEyv3e,daikuinterior_CwgXdqEyv3e_2.jpg,furnitur-detail,furnitur-detail,0.4653,moved
2023-08-28_CwgXdqEyv3e,daikuinterior_CwgXdqEyv3e_3.jpg,furnitur-detail,furnitur-detail,0.6536,moved
2023-08-28_CwgXdqEyv3e,daikuinterior_CwgXdqEyv3e_4.jpg,furnitur-detail,furnitur-detail,0.6519,moved
2023-08-28_CwgXdqEyv3e,daikuinterior_CwgXdqEyv3e_5.jpg,kamar-tidur,furnitur-detail,0.79,moved
2023-08-28_CwgXdqEyv3e,daikuinterior_CwgXdqEyv3e_6.jpg,furnitur-detail,furnitur-detail,0.6379,moved
2023-08-28_CwgXdqEyv3e,daikuinterior_CwgXdqEyv3e_7.jpg,furnitur-detail,furnitur-detail,0.8239,moved
2023-08-30_CwkQmb7x9uD,daikuinterior_CwkQmb7x9uD_0.jpg,ruang-usaha,ruang-usaha,0.9791,moved
2023-08-30_CwkQmb7x9uD,daikuinterior_CwkQmb7x9uD_1.jpg,ruang-usaha,ruang-usaha,0.8434,moved
2023-08-31_CwnH0TqxbRc,daikuinterior_CwnH0TqxbRc_0.jpg,furnitur-detail,furnitur-detail,0.4862,moved
2023-08-31_CwnH0TqxbRc,daikuinterior_CwnH0TqxbRc_1.jpg,furnitur-detail,furnitur-detail,0.59,moved
2023-08-31_CwnH0TqxbRc,daikuinterior_CwnH0TqxbRc_2.jpg,furnitur-detail,furnitur-detail,0.4902,moved
2023-08-31_CwnH0TqxbRc,daikuinterior_CwnH0TqxbRc_3.jpg,kamar-mandi,furnitur-detail,0.7654,moved
2023-08-31_CwnH0TqxbRc,daikuinterior_CwnH0TqxbRc_4.jpg,furnitur-detail,furnitur-detail,0.5886,moved
2023-09-01_CwpIg5ixWve,daikuinterior_CwpIg5ixWve_0.jpg,perlu-ditinjau,perlu-ditinjau,0.3339,moved
2023-09-01_CwpIg5ixWve,daikuinterior_CwpIg5ixWve_1.jpg,furnitur-detail,furnitur-detail,0.5599,moved
2023-09-01_CwpIg5ixWve,daikuinterior_CwpIg5ixWve_2.jpg,furnitur-detail,furnitur-detail,0.566,moved
2023-09-01_CwpIg5ixWve,daikuinterior_CwpIg5ixWve_3.jpg,perlu-ditinjau,perlu-ditinjau,0.2972,moved
2023-09-01_CwpIg5ixWve,daikuinterior_CwpIg5ixWve_4.jpg,furnitur-detail,furnitur-detail,0.646,moved
2023-09-01_CwpIg5ixWve,daikuinterior_CwpIg5ixWve_5.jpg,kamar-mandi,furnitur-detail,0.4997,moved
2023-09-01_CwpIg5ixWve,daikuinterior_CwpIg5ixWve_6.jpg,perlu-ditinjau,perlu-ditinjau,0.262,moved
2023-09-01_CwpIg5ixWve,daikuinterior_CwpIg5ixWve_7.jpg,kamar-mandi,furnitur-detail,0.7554,moved
2023-09-02_Cwrv0TdR4hf,daikuinterior_Cwrv0TdR4hf_0.jpg,ruang-usaha,ruang-usaha,0.6104,moved
2023-09-02_Cwrv0TdR4hf,daikuinterior_Cwrv0TdR4hf_1.jpg,ruang-usaha,ruang-usaha,0.9869,moved
2023-09-02_Cwrv0TdR4hf,daikuinterior_Cwrv0TdR4hf_2.jpg,ruang-usaha,ruang-usaha,0.8514,moved
2023-09-02_Cwrv0TdR4hf,daikuinterior_Cwrv0TdR4hf_3.jpg,perlu-ditinjau,perlu-ditinjau,0.2898,moved
2023-09-02_Cwrv0TdR4hf,daikuinterior_Cwrv0TdR4hf_4.jpg,ruang-usaha,ruang-usaha,0.6975,moved
2023-09-02_Cwrv0TdR4hf,daikuinterior_Cwrv0TdR4hf_5.jpg,perlu-ditinjau,perlu-ditinjau,0.3281,moved
2023-09-04_CwwsM8XRbOo,daikuinterior_CwwsM8XRbOo_0.jpg,kamar-tidur,kamar-tidur,0.4638,moved
2023-09-04_CwwsM8XRbOo,daikuinterior_CwwsM8XRbOo_1.jpg,perlu-ditinjau,perlu-ditinjau,0.308,moved
2023-09-04_CwwsM8XRbOo,daikuinterior_CwwsM8XRbOo_2.jpg,kamar-mandi,kamar-tidur,0.4099,moved
2023-09-05_Cwz0MtExMG-,daikuinterior_Cwz0MtExMG-_0.jpg,furnitur-detail,furnitur-detail,0.4009,moved
2023-09-05_Cwz0WK2RcNO,daikuinterior_Cwz0WK2RcNO_0.jpg,ruang-kerja,ruang-kerja,0.6622,moved
2023-09-05_Cwz0WK2RcNO,daikuinterior_Cwz0WK2RcNO_1.jpg,ruang-kerja,ruang-kerja,0.4303,moved
2023-09-07_Cw49fSBxugE,daikuinterior_Cw49fSBxugE_0.jpg,furnitur-detail,furnitur-detail,0.4285,moved
2023-09-07_Cw49fSBxugE,daikuinterior_Cw49fSBxugE_1.jpg,perlu-ditinjau,perlu-ditinjau,0.2665,moved
2023-09-07_Cw49fSBxugE,daikuinterior_Cw49fSBxugE_2.jpg,ruang-usaha,furnitur-detail,0.4723,moved
2023-09-07_Cw49ruIx-qH,daikuinterior_Cw49ruIx-qH_0.jpg,dapur,dapur,0.9282,moved
2023-09-07_Cw49ruIx-qH,daikuinterior_Cw49ruIx-qH_1.jpg,dapur,dapur,0.9563,moved
2023-09-07_Cw49ruIx-qH,daikuinterior_Cw49ruIx-qH_2.jpg,dapur,dapur,0.8148,moved
2023-09-07_Cw49viXxVrh,daikuinterior_Cw49viXxVrh_0.jpg,furnitur-detail,furnitur-detail,0.8491,moved
2023-09-09_Cw9lpB1xdEP,daikuinterior_Cw9lpB1xdEP_0.jpg,furnitur-detail,furnitur-detail,0.4129,moved
2023-09-09_Cw9lpB1xdEP,daikuinterior_Cw9lpB1xdEP_1.jpg,dapur,furnitur-detail,0.5271,moved
2023-09-11_CxDiFCYxTMZ,daikuinterior_CxDiFCYxTMZ_0.jpg,kamar-tidur,kamar-tidur,0.4275,moved
2023-09-11_CxDiFCYxTMZ,daikuinterior_CxDiFCYxTMZ_1.jpg,furnitur-detail,kamar-tidur,0.4727,moved
2023-09-11_CxDiFCYxTMZ,daikuinterior_CxDiFCYxTMZ_2.jpg,kamar-tidur,kamar-tidur,0.8437,moved
2023-09-11_CxDiFCYxTMZ,daikuinterior_CxDiFCYxTMZ_3.jpg,kamar-tidur,kamar-tidur,0.6844,moved
2023-09-11_CxDiFCYxTMZ,daikuinterior_CxDiFCYxTMZ_4.jpg,dapur,kamar-tidur,0.516,moved
2023-09-11_CxDiFCYxTMZ,daikuinterior_CxDiFCYxTMZ_5.jpg,kamar-mandi,kamar-tidur,0.6357,moved
2023-09-13_CxID1T4RNL-,daikuinterior_CxID1T4RNL-_0.jpg,kamar-tidur,kamar-tidur,0.7426,moved
2023-09-13_CxID1T4RNL-,daikuinterior_CxID1T4RNL-_1.jpg,kamar-tidur,kamar-tidur,0.7425,moved
2023-09-13_CxID1T4RNL-,daikuinterior_CxID1T4RNL-_2.jpg,kamar-tidur,kamar-tidur,0.5324,moved
2023-09-13_CxID1T4RNL-,daikuinterior_CxID1T4RNL-_3.jpg,furnitur-detail,kamar-tidur,0.4816,moved
2023-09-13_CxID1T4RNL-,daikuinterior_CxID1T4RNL-_4.jpg,kamar-tidur,kamar-tidur,0.7808,moved
2023-09-13_CxID1T4RNL-,daikuinterior_CxID1T4RNL-_5.jpg,kamar-tidur,kamar-tidur,0.6448,moved
2023-09-14_CxKITwaRfmA,daikuinterior_CxKITwaRfmA_0.jpg,ruang-usaha,ruang-usaha,0.9912,moved
2023-09-14_CxKITwaRfmA,daikuinterior_CxKITwaRfmA_1.jpg,ruang-usaha,ruang-usaha,0.9649,moved
2023-09-14_CxKITwaRfmA,daikuinterior_CxKITwaRfmA_2.jpg,ruang-usaha,ruang-usaha,0.9523,moved
2023-09-14_CxKITwaRfmA,daikuinterior_CxKITwaRfmA_3.jpg,ruang-usaha,ruang-usaha,0.9527,moved
2023-09-17_CxSs51CxY5p,daikuinterior_CxSs51CxY5p_0.jpg,ruang-usaha,ruang-usaha,0.4527,moved
2023-09-17_CxSs51CxY5p,daikuinterior_CxSs51CxY5p_1.jpg,ruang-usaha,ruang-usaha,0.6215,moved
2023-09-17_CxSsmatxWHx,daikuinterior_CxSsmatxWHx_0.jpg,kamar-tidur,kamar-tidur,0.8491,moved
2023-09-17_CxSsmatxWHx,daikuinterior_CxSsmatxWHx_1.jpg,kamar-tidur,kamar-tidur,0.7667,moved
2023-09-17_CxSsmatxWHx,daikuinterior_CxSsmatxWHx_2.jpg,kamar-tidur,kamar-tidur,0.7755,moved
2023-09-17_CxSsmatxWHx,daikuinterior_CxSsmatxWHx_3.jpg,kamar-tidur,kamar-tidur,0.7145,moved
2023-09-17_CxSsmatxWHx,daikuinterior_CxSsmatxWHx_4.jpg,kamar-mandi,kamar-tidur,0.8821,moved
2023-09-17_CxSsmatxWHx,daikuinterior_CxSsmatxWHx_5.jpg,kamar-mandi,kamar-tidur,0.4492,moved
2023-09-17_CxSszbLxt9o,daikuinterior_CxSszbLxt9o_0.jpg,ruang-usaha,ruang-usaha,0.9411,moved
2023-09-17_CxSszbLxt9o,daikuinterior_CxSszbLxt9o_1.jpg,ruang-usaha,ruang-usaha,0.9202,moved
2023-09-19_CxW2y2IRSXy,daikuinterior_CxW2y2IRSXy_0.jpg,ruang-usaha,ruang-usaha,0.382,moved
2023-09-19_CxW2y2IRSXy,daikuinterior_CxW2y2IRSXy_1.jpg,dapur,ruang-usaha,0.7262,moved
2023-09-19_CxXELemRkmp,daikuinterior_CxXELemRkmp_0.jpg,ruang-usaha,ruang-usaha,0.6725,moved
2023-09-19_CxXELemRkmp,daikuinterior_CxXELemRkmp_1.jpg,promosi,promosi,0.9363,moved
2023-09-19_CxXELemRkmp,daikuinterior_CxXELemRkmp_2.jpg,perlu-ditinjau,perlu-ditinjau,0.3062,moved
2023-09-19_CxY8DpGSFJx,daikuinterior_CxY8DpGSFJx_0.jpg,furnitur-detail,ruang-usaha,0.4937,moved
2023-09-19_CxY8DpGSFJx,daikuinterior_CxY8DpGSFJx_1.jpg,kamar-mandi,ruang-usaha,0.4755,moved
2023-09-19_CxY8DpGSFJx,daikuinterior_CxY8DpGSFJx_2.jpg,ruang-usaha,ruang-usaha,0.5826,moved
2023-09-19_CxY8DpGSFJx,daikuinterior_CxY8DpGSFJx_3.jpg,ruang-usaha,ruang-usaha,0.3742,moved
2023-09-20_CxacdazRcYF,daikuinterior_CxacdazRcYF_0.jpg,ruang-usaha,ruang-usaha,0.4963,moved
2023-09-20_CxacdazRcYF,daikuinterior_CxacdazRcYF_1.jpg,ruang-usaha,ruang-usaha,0.7082,moved
2023-09-20_CxacdazRcYF,daikuinterior_CxacdazRcYF_2.jpg,ruang-usaha,ruang-usaha,0.5606,moved
2023-09-20_CxacdazRcYF,daikuinterior_CxacdazRcYF_3.jpg,ruang-usaha,ruang-usaha,0.852,moved
2023-09-20_CxacdazRcYF,daikuinterior_CxacdazRcYF_4.jpg,ruang-usaha,ruang-usaha,0.4698,moved
2023-09-20_CxacdazRcYF,daikuinterior_CxacdazRcYF_5.jpg,furnitur-detail,ruang-usaha,0.5073,moved
2023-09-20_CxacdazRcYF,daikuinterior_CxacdazRcYF_6.jpg,furnitur-detail,ruang-usaha,0.4785,moved
2023-09-21_CxcHXIrStie,daikuinterior_CxcHXIrStie_0.jpg,ruang-usaha,ruang-usaha,0.4445,moved
2023-09-21_CxcHXIrStie,daikuinterior_CxcHXIrStie_1.jpg,ruang-usaha,ruang-usaha,0.3872,moved
2023-09-21_CxcHXIrStie,daikuinterior_CxcHXIrStie_2.jpg,ruang-usaha,ruang-usaha,0.6075,moved
2023-09-21_CxcHXIrStie,daikuinterior_CxcHXIrStie_3.jpg,ruang-usaha,ruang-usaha,0.8279,moved
2023-09-25_CxmX5K1xhIJ,daikuinterior_CxmX5K1xhIJ_0.jpg,dapur,dapur,0.8296,moved
2023-09-25_CxmX5K1xhIJ,daikuinterior_CxmX5K1xhIJ_1.jpg,dapur,dapur,0.9154,moved
2023-09-25_CxmX5K1xhIJ,daikuinterior_CxmX5K1xhIJ_2.jpg,dapur,dapur,0.9429,moved
2023-09-25_CxmX5K1xhIJ,daikuinterior_CxmX5K1xhIJ_3.jpg,dapur,dapur,0.9536,moved
2023-09-25_CxmX5K1xhIJ,daikuinterior_CxmX5K1xhIJ_4.jpg,dapur,dapur,0.9219,moved
2023-09-25_CxmX5K1xhIJ,daikuinterior_CxmX5K1xhIJ_5.jpg,dapur,dapur,0.9546,moved
2023-09-25_CxmX5K1xhIJ,daikuinterior_CxmX5K1xhIJ_6.jpg,dapur,dapur,0.8593,moved
2023-09-25_CxmX5K1xhIJ,daikuinterior_CxmX5K1xhIJ_7.jpg,dapur,dapur,0.6493,moved
2023-09-25_CxmXOysRQQk,daikuinterior_CxmXOysRQQk_0.jpg,perlu-ditinjau,perlu-ditinjau,0.3041,moved
2023-09-25_CxmXOysRQQk,daikuinterior_CxmXOysRQQk_1.jpg,ruang-usaha,ruang-usaha,0.5742,moved
2023-09-25_CxmXOysRQQk,daikuinterior_CxmXOysRQQk_2.jpg,ruang-usaha,ruang-usaha,0.4735,moved
2023-09-25_CxmXOysRQQk,daikuinterior_CxmXOysRQQk_3.jpg,furnitur-detail,ruang-usaha,0.5393,moved
2023-09-25_CxnAEcIR5pB,daikuinterior_CxnAEcIR5pB_0.jpg,eksterior,eksterior,0.9935,moved
2023-09-25_CxnAEcIR5pB,daikuinterior_CxnAEcIR5pB_1.jpg,eksterior,eksterior,0.9919,moved
2023-09-25_CxnAEcIR5pB,daikuinterior_CxnAEcIR5pB_2.jpg,eksterior,eksterior,0.9851,moved
2023-09-25_CxnAEcIR5pB,daikuinterior_CxnAEcIR5pB_3.jpg,perlu-ditinjau,perlu-ditinjau,0.2675,moved
2023-09-25_CxnAEcIR5pB,daikuinterior_CxnAEcIR5pB_4.jpg,eksterior,eksterior,0.6169,moved
2023-09-25_CxnAOUnR6uT,daikuinterior_CxnAOUnR6uT_0.jpg,eksterior,eksterior,0.9878,moved
2023-09-25_CxnAOUnR6uT,daikuinterior_CxnAOUnR6uT_1.jpg,eksterior,eksterior,0.9903,moved
2023-09-25_CxnAOUnR6uT,daikuinterior_CxnAOUnR6uT_2.jpg,eksterior,eksterior,0.9845,moved
2023-09-25_CxnAOUnR6uT,daikuinterior_CxnAOUnR6uT_3.jpg,eksterior,eksterior,0.385,moved
2023-09-27_Cxr0c1mRtjd,daikuinterior_Cxr0c1mRtjd_0.jpg,ruang-usaha,ruang-usaha,0.6023,moved
2023-09-27_Cxr0c1mRtjd,daikuinterior_Cxr0c1mRtjd_1.jpg,ruang-usaha,ruang-usaha,0.4609,moved
2023-09-27_Cxr0WNzxOrc,daikuinterior_Cxr0WNzxOrc_0.jpg,ruang-usaha,kamar-mandi,0.4665,moved
2023-09-27_Cxr0WNzxOrc,daikuinterior_Cxr0WNzxOrc_1.jpg,kamar-mandi,kamar-mandi,0.4494,moved
2023-09-27_Cxr0WNzxOrc,daikuinterior_Cxr0WNzxOrc_2.jpg,kamar-mandi,kamar-mandi,0.8205,moved
2023-09-28_CxvIVuuRmf_,daikuinterior_CxvIVuuRmf__0.jpg,dapur,dapur,0.9156,moved
2023-09-28_CxvIVuuRmf_,daikuinterior_CxvIVuuRmf__1.jpg,dapur,dapur,0.9246,moved
2023-09-28_CxvIVuuRmf_,daikuinterior_CxvIVuuRmf__2.jpg,dapur,dapur,0.8073,moved
2023-09-28_CxvIVuuRmf_,daikuinterior_CxvIVuuRmf__3.jpg,dapur,dapur,0.761,moved
2023-09-28_CxvIVuuRmf_,daikuinterior_CxvIVuuRmf__4.jpg,dapur,dapur,0.752,moved
2023-09-29_CxxJ_vFxYgL,daikuinterior_CxxJ_vFxYgL_0.jpg,dapur,kamar-mandi,0.6036,moved
2023-09-29_CxxJ_vFxYgL,daikuinterior_CxxJ_vFxYgL_1.jpg,kamar-mandi,kamar-mandi,0.6299,moved
2023-09-29_CxxJ_vFxYgL,daikuinterior_CxxJ_vFxYgL_2.jpg,kamar-mandi,kamar-mandi,0.4051,moved
2023-09-29_CxxJ_vFxYgL,daikuinterior_CxxJ_vFxYgL_3.jpg,kamar-mandi,kamar-mandi,0.8006,moved
2023-09-29_CxxKHjyRQ2m,daikuinterior_CxxKHjyRQ2m_0.jpg,ruang-usaha,ruang-usaha,0.8359,moved
2023-09-29_CxxKHjyRQ2m,daikuinterior_CxxKHjyRQ2m_1.jpg,ruang-usaha,ruang-usaha,0.9302,moved
2023-09-29_CxxKHjyRQ2m,daikuinterior_CxxKHjyRQ2m_2.jpg,ruang-usaha,ruang-usaha,0.6864,moved
2023-09-29_CxxKHjyRQ2m,daikuinterior_CxxKHjyRQ2m_3.jpg,furnitur-detail,ruang-usaha,0.3961,moved
2023-09-29_CxxKHjyRQ2m,daikuinterior_CxxKHjyRQ2m_4.jpg,furnitur-detail,ruang-usaha,0.4796,moved
2023-09-29_CxxKHjyRQ2m,daikuinterior_CxxKHjyRQ2m_5.jpg,ruang-usaha,ruang-usaha,0.6956,moved
2023-09-30_CxzxsRXx5TQ,daikuinterior_CxzxsRXx5TQ_0.jpg,ruang-usaha,ruang-usaha,0.6908,moved
2023-10-02_Cx4vCRzxxFd,daikuinterior_Cx4vCRzxxFd_0.jpg,kamar-tidur,kamar-tidur,0.7219,moved
2023-10-02_Cx4vCRzxxFd,daikuinterior_Cx4vCRzxxFd_1.jpg,kamar-tidur,kamar-tidur,0.8911,moved
2023-10-02_Cx4vCRzxxFd,daikuinterior_Cx4vCRzxxFd_2.jpg,kamar-mandi,kamar-tidur,0.4149,moved
2023-10-02_Cx4vCRzxxFd,daikuinterior_Cx4vCRzxxFd_3.jpg,kamar-tidur,kamar-tidur,0.8071,moved
2023-10-02_Cx5Z5o6xhDt,daikuinterior_Cx5Z5o6xhDt_0.jpg,dapur,dapur,0.856,moved
2023-10-02_Cx5Z5o6xhDt,daikuinterior_Cx5Z5o6xhDt_1.jpg,dapur,dapur,0.5018,moved
2023-10-02_Cx5Z5o6xhDt,daikuinterior_Cx5Z5o6xhDt_2.jpg,furnitur-detail,dapur,0.7292,moved
2023-10-02_Cx5Z5o6xhDt,daikuinterior_Cx5Z5o6xhDt_3.jpg,kamar-mandi,dapur,0.6276,moved
2023-10-02_Cx5Z5o6xhDt,daikuinterior_Cx5Z5o6xhDt_4.jpg,kamar-mandi,dapur,0.4803,moved
2023-10-03_Cx7P0NeRVr-,daikuinterior_Cx7P0NeRVr-_0.jpg,kamar-tidur,kamar-tidur,0.5804,moved
2023-10-03_Cx7P0NeRVr-,daikuinterior_Cx7P0NeRVr-_1.jpg,perlu-ditinjau,perlu-ditinjau,0.3215,moved
2023-10-03_Cx7PRq3xZj5,daikuinterior_Cx7PRq3xZj5_0.jpg,dapur,dapur,0.9059,moved
2023-10-03_Cx7PRq3xZj5,daikuinterior_Cx7PRq3xZj5_1.jpg,dapur,dapur,0.9024,moved
2023-10-03_Cx7PRq3xZj5,daikuinterior_Cx7PRq3xZj5_2.jpg,dapur,dapur,0.9239,moved
2023-10-03_Cx7PRq3xZj5,daikuinterior_Cx7PRq3xZj5_3.jpg,dapur,dapur,0.7934,moved
2023-10-03_Cx7PRq3xZj5,daikuinterior_Cx7PRq3xZj5_4.jpg,dapur,dapur,0.9206,moved
2023-10-03_Cx7Pr_MRyrx,daikuinterior_Cx7Pr_MRyrx_0.jpg,perlu-ditinjau,perlu-ditinjau,0.295,moved
2023-10-03_Cx7Pr_MRyrx,daikuinterior_Cx7Pr_MRyrx_1.jpg,kamar-mandi,kamar-mandi,0.3698,moved
2023-10-03_Cx7Pr_MRyrx,daikuinterior_Cx7Pr_MRyrx_2.jpg,kamar-mandi,kamar-mandi,0.4625,moved
2023-10-03_Cx7Pr_MRyrx,daikuinterior_Cx7Pr_MRyrx_3.jpg,perlu-ditinjau,perlu-ditinjau,0.6346,moved
2023-10-03_Cx7Pr_MRyrx,daikuinterior_Cx7Pr_MRyrx_4.jpg,furnitur-detail,kamar-mandi,0.4409,moved
2023-10-03_Cx7_-rixB3W,daikuinterior_Cx7_-rixB3W_0.jpg,furnitur-detail,furnitur-detail,0.6282,moved
2023-10-03_Cx7_-rixB3W,daikuinterior_Cx7_-rixB3W_1.jpg,kamar-tidur,furnitur-detail,0.8405,moved
2023-10-03_Cx7_-rixB3W,daikuinterior_Cx7_-rixB3W_2.jpg,kamar-tidur,furnitur-detail,0.8366,moved
2023-10-03_Cx7_-rixB3W,daikuinterior_Cx7_-rixB3W_3.jpg,furnitur-detail,furnitur-detail,0.5652,moved
2023-10-03_Cx7_5FTxwwm,daikuinterior_Cx7_5FTxwwm_0.jpg,kamar-tidur,kamar-tidur,0.9254,moved
2023-10-03_Cx7_5FTxwwm,daikuinterior_Cx7_5FTxwwm_1.jpg,kamar-tidur,kamar-tidur,0.9038,moved
2023-10-03_Cx7_5FTxwwm,daikuinterior_Cx7_5FTxwwm_2.jpg,kamar-tidur,kamar-tidur,0.8885,moved
2023-10-03_Cx7_cqYR670,daikuinterior_Cx7_cqYR670_0.jpg,ruang-usaha,ruang-usaha,0.6262,moved
2023-10-03_Cx7_cqYR670,daikuinterior_Cx7_cqYR670_1.jpg,furnitur-detail,ruang-usaha,0.5345,moved
2023-10-03_Cx7_cqYR670,daikuinterior_Cx7_cqYR670_2.jpg,ruang-usaha,ruang-usaha,0.5642,moved
2023-10-03_Cx7_cqYR670,daikuinterior_Cx7_cqYR670_3.jpg,furnitur-detail,ruang-usaha,0.7436,moved
2023-10-03_Cx7_fPOxW_k,daikuinterior_Cx7_fPOxW_k_0.jpg,furnitur-detail,ruang-usaha,0.4273,moved
2023-10-03_Cx7_fPOxW_k,daikuinterior_Cx7_fPOxW_k_1.jpg,ruang-usaha,ruang-usaha,0.5648,moved
2023-10-03_Cx7_fPOxW_k,daikuinterior_Cx7_fPOxW_k_2.jpg,ruang-usaha,ruang-usaha,0.6326,moved
2023-10-03_Cx7_fPOxW_k,daikuinterior_Cx7_fPOxW_k_3.jpg,ruang-usaha,ruang-usaha,0.9275,moved
2023-10-03_Cx7_iucRZ84,daikuinterior_Cx7_iucRZ84_0.jpg,ruang-usaha,ruang-usaha,0.4182,moved
2023-10-03_Cx7_iucRZ84,daikuinterior_Cx7_iucRZ84_1.jpg,ruang-usaha,ruang-usaha,0.6688,moved
2023-10-03_Cx7_iucRZ84,daikuinterior_Cx7_iucRZ84_2.jpg,ruang-usaha,ruang-usaha,0.8387,moved
2023-10-03_Cx7_iucRZ84,daikuinterior_Cx7_iucRZ84_3.jpg,ruang-usaha,ruang-usaha,0.4327,moved
2023-10-03_Cx8AhKPR7fa,daikuinterior_Cx8AhKPR7fa_0.jpg,kamar-mandi,furnitur-detail,0.9561,moved
2023-10-03_Cx8AhKPR7fa,daikuinterior_Cx8AhKPR7fa_1.jpg,kamar-mandi,furnitur-detail,0.9167,moved
2023-10-03_Cx8AhKPR7fa,daikuinterior_Cx8AhKPR7fa_2.jpg,furnitur-detail,furnitur-detail,0.7765,moved
2023-10-03_Cx8AhKPR7fa,daikuinterior_Cx8AhKPR7fa_3.jpg,furnitur-detail,furnitur-detail,0.5027,moved
2023-10-03_Cx8AhKPR7fa,daikuinterior_Cx8AhKPR7fa_4.jpg,furnitur-detail,furnitur-detail,0.759,moved
2023-10-03_Cx8AhKPR7fa,daikuinterior_Cx8AhKPR7fa_5.jpg,furnitur-detail,furnitur-detail,0.4084,moved
2023-10-03_Cx8AhKPR7fa,daikuinterior_Cx8AhKPR7fa_6.jpg,furnitur-detail,furnitur-detail,0.6472,moved
2023-10-03_Cx8AhKPR7fa,daikuinterior_Cx8AhKPR7fa_7.jpg,ruang-usaha,furnitur-detail,0.4858,moved
2023-10-03_Cx8AIW0Rqi8,daikuinterior_Cx8AIW0Rqi8_0.jpg,furnitur-detail,furnitur-detail,0.3999,moved
2023-10-03_Cx8AOXQxesq,daikuinterior_Cx8AOXQxesq_0.jpg,furnitur-detail,furnitur-detail,0.6421,moved
2023-10-03_Cx8AOXQxesq,daikuinterior_Cx8AOXQxesq_1.jpg,furnitur-detail,furnitur-detail,0.3477,moved
2023-10-03_Cx8ATp1RdsM,daikuinterior_Cx8ATp1RdsM_0.jpg,ruang-usaha,ruang-usaha,0.4458,moved
2023-10-03_Cx8ATp1RdsM,daikuinterior_Cx8ATp1RdsM_1.jpg,kamar-mandi,ruang-usaha,0.3939,moved
2023-10-04_Cx-2BFjRrXt,daikuinterior_Cx-2BFjRrXt_0.jpg,furnitur-detail,furnitur-detail,0.6865,moved
2023-10-04_Cx-tDSERHI4,daikuinterior_Cx-tDSERHI4_0.jpg,furnitur-detail,furnitur-detail,0.6143,moved
2023-10-06_CyDKQTpRLAw,daikuinterior_CyDKQTpRLAw_0.jpg,eksterior,eksterior,0.9975,moved
2023-10-06_CyDKQTpRLAw,daikuinterior_CyDKQTpRLAw_1.jpg,eksterior,eksterior,0.9738,moved
2023-10-06_CyDKScpR_rF,daikuinterior_CyDKScpR_rF_0.jpg,eksterior,eksterior,0.9936,moved
2023-10-06_CyDKScpR_rF,daikuinterior_CyDKScpR_rF_1.jpg,eksterior,eksterior,0.9978,moved
2023-10-06_CyDukZFxMn7,daikuinterior_CyDukZFxMn7_0.jpg,dapur,dapur,0.7636,moved
2023-10-06_CyDukZFxMn7,daikuinterior_CyDukZFxMn7_1.jpg,furnitur-detail,dapur,0.5015,moved
2023-10-09_CyMlOc6SMBt,daikuinterior_CyMlOc6SMBt_0.jpg,furnitur-detail,furnitur-detail,0.4973,moved
2023-10-09_CyMlOc6SMBt,daikuinterior_CyMlOc6SMBt_1.jpg,furnitur-detail,furnitur-detail,0.4585,moved
2023-10-09_CyMlOc6SMBt,daikuinterior_CyMlOc6SMBt_2.jpg,furnitur-detail,furnitur-detail,0.6493,moved
2023-10-09_CyMlOc6SMBt,daikuinterior_CyMlOc6SMBt_3.jpg,ruang-usaha,furnitur-detail,0.5458,moved
2023-10-09_CyMlOc6SMBt,daikuinterior_CyMlOc6SMBt_4.jpg,furnitur-detail,furnitur-detail,0.3713,moved
2023-10-11_CyQdbhQx5xL,daikuinterior_CyQdbhQx5xL_0.jpg,dapur,dapur,0.8836,moved
2023-10-11_CyQdbhQx5xL,daikuinterior_CyQdbhQx5xL_1.jpg,dapur,dapur,0.6632,moved
2023-10-11_CyQdbhQx5xL,daikuinterior_CyQdbhQx5xL_2.jpg,dapur,dapur,0.9035,moved
2023-10-11_CyQdbhQx5xL,daikuinterior_CyQdbhQx5xL_3.jpg,dapur,dapur,0.9171,moved
2023-10-11_CyQdbhQx5xL,daikuinterior_CyQdbhQx5xL_4.jpg,dapur,dapur,0.928,moved
2023-10-11_CyQdbhQx5xL,daikuinterior_CyQdbhQx5xL_5.jpg,dapur,dapur,0.9157,moved
2023-10-11_CyQdbhQx5xL,daikuinterior_CyQdbhQx5xL_6.jpg,dapur,dapur,0.9723,moved
2023-10-11_CyQdbhQx5xL,daikuinterior_CyQdbhQx5xL_7.jpg,dapur,dapur,0.9339,moved
2023-10-11_CyQdtPFRNNO,daikuinterior_CyQdtPFRNNO_0.jpg,eksterior,eksterior,0.8751,moved
2023-10-11_CyQdtPFRNNO,daikuinterior_CyQdtPFRNNO_1.jpg,perlu-ditinjau,perlu-ditinjau,0.6874,moved
2023-10-11_CyQdtPFRNNO,daikuinterior_CyQdtPFRNNO_2.jpg,perlu-ditinjau,perlu-ditinjau,0.3487,moved
2023-10-11_CyQdtPFRNNO,daikuinterior_CyQdtPFRNNO_3.jpg,eksterior,eksterior,0.5782,moved
2023-10-12_CySJlHeRJaK,daikuinterior_CySJlHeRJaK_0.jpg,eksterior,furnitur-detail,0.4759,moved
2023-10-12_CySJlHeRJaK,daikuinterior_CySJlHeRJaK_1.jpg,furnitur-detail,furnitur-detail,0.6898,moved
2023-10-12_CySJlHeRJaK,daikuinterior_CySJlHeRJaK_2.jpg,furnitur-detail,furnitur-detail,0.5118,moved
2023-10-13_CyVfjbsxsKJ,daikuinterior_CyVfjbsxsKJ_0.jpg,furnitur-detail,furnitur-detail,0.6102,moved
2023-10-13_CyVfjbsxsKJ,daikuinterior_CyVfjbsxsKJ_1.jpg,furnitur-detail,furnitur-detail,0.6224,moved
2023-10-16_CycQpEYx666,daikuinterior_CycQpEYx666_0.jpg,dapur,dapur,0.8317,moved
2023-10-16_CycQpEYx666,daikuinterior_CycQpEYx666_1.jpg,dapur,dapur,0.4385,moved
2023-10-16_CycQpEYx666,daikuinterior_CycQpEYx666_2.jpg,kamar-mandi,dapur,0.4115,moved
2023-10-16_CycQpEYx666,daikuinterior_CycQpEYx666_3.jpg,dapur,dapur,0.4106,moved
2023-10-16_CycQpEYx666,daikuinterior_CycQpEYx666_4.jpg,dapur,dapur,0.6614,moved
2023-10-16_CycRMIGx5VZ,daikuinterior_CycRMIGx5VZ_0.jpg,perlu-ditinjau,perlu-ditinjau,0.2345,moved
2023-10-16_CycRMIGx5VZ,daikuinterior_CycRMIGx5VZ_1.jpg,kamar-mandi,ruang-usaha,0.4149,moved
2023-10-16_CycRMIGx5VZ,daikuinterior_CycRMIGx5VZ_2.jpg,ruang-usaha,ruang-usaha,0.5824,moved
2023-10-16_CycRMIGx5VZ,daikuinterior_CycRMIGx5VZ_3.jpg,ruang-usaha,ruang-usaha,0.5439,moved
2023-10-16_CycRMIGx5VZ,daikuinterior_CycRMIGx5VZ_4.jpg,ruang-usaha,ruang-usaha,0.6553,moved
2023-10-16_CycRMIGx5VZ,daikuinterior_CycRMIGx5VZ_5.jpg,furnitur-detail,ruang-usaha,0.5339,moved
2023-10-16_CycRMIGx5VZ,daikuinterior_CycRMIGx5VZ_6.jpg,furnitur-detail,ruang-usaha,0.373,moved
2023-10-16_CycRMIGx5VZ,daikuinterior_CycRMIGx5VZ_7.jpg,kamar-mandi,ruang-usaha,0.6679,moved
2023-10-16_CydTOekRoJu,daikuinterior_CydTOekRoJu_0.jpg,ruang-usaha,ruang-usaha,0.4205,moved
2023-10-16_CydTOekRoJu,daikuinterior_CydTOekRoJu_1.jpg,perlu-ditinjau,perlu-ditinjau,0.3341,moved
2023-10-17_Cye4_MyR7S9,daikuinterior_Cye4_MyR7S9_0.jpg,dapur,dapur,0.8881,moved
2023-10-17_Cye4_MyR7S9,daikuinterior_Cye4_MyR7S9_1.jpg,dapur,dapur,0.9177,moved
2023-10-17_Cye4_MyR7S9,daikuinterior_Cye4_MyR7S9_2.jpg,dapur,dapur,0.9211,moved
2023-10-17_Cye4_MyR7S9,daikuinterior_Cye4_MyR7S9_3.jpg,dapur,dapur,0.8354,moved
2023-10-17_Cye4_MyR7S9,daikuinterior_Cye4_MyR7S9_4.jpg,dapur,dapur,0.4345,moved
2023-10-17_Cye4_MyR7S9,daikuinterior_Cye4_MyR7S9_5.jpg,perlu-ditinjau,perlu-ditinjau,0.3329,moved
2023-10-17_Cye4_MyR7S9,daikuinterior_Cye4_MyR7S9_6.jpg,dapur,dapur,0.7792,moved
2023-10-17_Cye4_MyR7S9,daikuinterior_Cye4_MyR7S9_7.jpg,kamar-mandi,dapur,0.5658,moved
2023-10-17_Cye4_MyR7S9,daikuinterior_Cye4_MyR7S9_8.jpg,kamar-mandi,dapur,0.6788,moved
2023-10-17_Cye4_MyR7S9,daikuinterior_Cye4_MyR7S9_9.jpg,kamar-mandi,dapur,0.7709,moved
2023-10-17_CygBwUVRUsa,daikuinterior_CygBwUVRUsa_0.jpg,furnitur-detail,furnitur-detail,0.6494,moved
2023-10-17_CygBwUVRUsa,daikuinterior_CygBwUVRUsa_1.jpg,furnitur-detail,furnitur-detail,0.4269,moved
2023-10-18_CyiA-qDxFJu,daikuinterior_CyiA-qDxFJu_0.jpg,eksterior,eksterior,0.9915,moved
2023-10-18_CyiA-qDxFJu,daikuinterior_CyiA-qDxFJu_1.jpg,eksterior,eksterior,0.6826,moved
2023-10-18_CyiA-qDxFJu,daikuinterior_CyiA-qDxFJu_2.jpg,ruang-usaha,eksterior,0.7419,moved
2023-10-18_CyiA-qDxFJu,daikuinterior_CyiA-qDxFJu_3.jpg,eksterior,eksterior,0.6059,moved
2023-10-18_CyiAzJmRvvv,daikuinterior_CyiAzJmRvvv_0.jpg,eksterior,eksterior,0.5281,moved
2023-10-18_CyiAzJmRvvv,daikuinterior_CyiAzJmRvvv_1.jpg,eksterior,eksterior,0.9841,moved
2023-10-18_CyiAzJmRvvv,daikuinterior_CyiAzJmRvvv_2.jpg,ruang-usaha,eksterior,0.8395,moved
2023-10-18_CyiAzJmRvvv,daikuinterior_CyiAzJmRvvv_3.jpg,ruang-usaha,eksterior,0.4769,moved
2023-10-18_CyiBCjlRGRy,daikuinterior_CyiBCjlRGRy_0.jpg,eksterior,eksterior,0.9471,moved
2023-10-18_CyiBCjlRGRy,daikuinterior_CyiBCjlRGRy_1.jpg,eksterior,eksterior,0.991,moved
2023-10-18_CyiBCjlRGRy,daikuinterior_CyiBCjlRGRy_2.jpg,eksterior,eksterior,0.9909,moved
2023-10-18_CyiBCjlRGRy,daikuinterior_CyiBCjlRGRy_3.jpg,eksterior,eksterior,0.9922,moved
2023-10-18_CyiVkKNxjet,daikuinterior_CyiVkKNxjet_0.jpg,furnitur-detail,furnitur-detail,0.6348,moved
2023-10-18_CyiVkKNxjet,daikuinterior_CyiVkKNxjet_1.jpg,furnitur-detail,furnitur-detail,0.707,moved
2023-10-18_CyiVkKNxjet,daikuinterior_CyiVkKNxjet_2.jpg,furnitur-detail,furnitur-detail,0.614,moved
2023-10-18_CyiVkKNxjet,daikuinterior_CyiVkKNxjet_3.jpg,furnitur-detail,furnitur-detail,0.5778,moved
2023-10-18_CyiVkKNxjet,daikuinterior_CyiVkKNxjet_4.jpg,kamar-mandi,furnitur-detail,0.8589,moved
2023-10-19_CykM3qhRe_a,daikuinterior_CykM3qhRe_a_0.jpg,kamar-tidur,kamar-tidur,0.8885,moved
2023-10-19_CykM3qhRe_a,daikuinterior_CykM3qhRe_a_1.jpg,kamar-tidur,kamar-tidur,0.9454,moved
2023-10-19_CykM3qhRe_a,daikuinterior_CykM3qhRe_a_2.jpg,kamar-tidur,kamar-tidur,0.8842,moved
2023-10-19_CykM3qhRe_a,daikuinterior_CykM3qhRe_a_3.jpg,furnitur-detail,kamar-tidur,0.5393,moved
2023-10-19_CykM3qhRe_a,daikuinterior_CykM3qhRe_a_4.jpg,kamar-mandi,kamar-tidur,0.5124,moved
2023-10-19_CykM3qhRe_a,daikuinterior_CykM3qhRe_a_5.jpg,furnitur-detail,kamar-tidur,0.5255,moved
2023-10-19_CykM3qhRe_a,daikuinterior_CykM3qhRe_a_6.jpg,kamar-tidur,kamar-tidur,0.5735,moved
2023-10-19_CykN1PjxpCW,daikuinterior_CykN1PjxpCW_0.jpg,ruang-keluarga,ruang-keluarga,0.594,moved
2023-10-19_CykNp7dx9f2,daikuinterior_CykNp7dx9f2_0.jpg,ruang-keluarga,ruang-keluarga,0.594,moved
2023-10-19_CykNwPGxDc8,daikuinterior_CykNwPGxDc8_0.jpg,furnitur-detail,furnitur-detail,0.5097,moved
2023-10-19_CykPdqoxo83,daikuinterior_CykPdqoxo83_0.jpg,dapur,dapur,0.8975,moved
2023-10-19_CykPdqoxo83,daikuinterior_CykPdqoxo83_1.jpg,dapur,dapur,0.4557,moved
2023-10-19_CykPs-oxndw,daikuinterior_CykPs-oxndw_0.jpg,ruang-keluarga,ruang-keluarga,0.4308,moved
2023-10-20_CynZK-HREuf,daikuinterior_CynZK-HREuf_0.jpg,furnitur-detail,furnitur-detail,0.8514,moved
2023-10-20_CynZK-HREuf,daikuinterior_CynZK-HREuf_1.jpg,kamar-mandi,furnitur-detail,0.6916,moved
2023-10-20_CynZK-HREuf,daikuinterior_CynZK-HREuf_2.jpg,furnitur-detail,furnitur-detail,0.6145,moved
2023-10-20_CynZK-HREuf,daikuinterior_CynZK-HREuf_3.jpg,furnitur-detail,furnitur-detail,0.6567,moved
2023-10-20_CynZK-HREuf,daikuinterior_CynZK-HREuf_4.jpg,furnitur-detail,furnitur-detail,0.776,moved
2023-10-20_CynZK-HREuf,daikuinterior_CynZK-HREuf_5.jpg,furnitur-detail,furnitur-detail,0.6814,moved
2023-10-20_CynZK-HREuf,daikuinterior_CynZK-HREuf_6.jpg,furnitur-detail,furnitur-detail,0.8085,moved
2023-10-20_CynZK-HREuf,daikuinterior_CynZK-HREuf_7.jpg,furnitur-detail,furnitur-detail,0.8165,moved
2023-10-20_CyoxfQMy2f0,daikuinterior_CyoxfQMy2f0_0.jpg,ruang-usaha,furnitur-detail,0.8378,moved
2023-10-20_CyoxfQMy2f0,daikuinterior_CyoxfQMy2f0_1.jpg,ruang-usaha,furnitur-detail,0.5293,moved
2023-10-20_CyoxfQMy2f0,daikuinterior_CyoxfQMy2f0_2.jpg,furnitur-detail,furnitur-detail,0.491,moved
2023-10-20_CyoxfQMy2f0,daikuinterior_CyoxfQMy2f0_3.jpg,furnitur-detail,furnitur-detail,0.5249,moved
2023-10-20_CyoxfQMy2f0,daikuinterior_CyoxfQMy2f0_4.jpg,furnitur-detail,furnitur-detail,0.495,moved
2023-10-20_CyoxfQMy2f0,daikuinterior_CyoxfQMy2f0_5.jpg,furnitur-detail,furnitur-detail,0.6207,moved
2023-10-20_CyoxfQMy2f0,daikuinterior_CyoxfQMy2f0_6.jpg,furnitur-detail,furnitur-detail,0.4619,moved
2023-10-20_CyoxSwDSNlg,daikuinterior_CyoxSwDSNlg_0.jpg,perlu-ditinjau,perlu-ditinjau,0.3189,moved
2023-10-20_CyoxSwDSNlg,daikuinterior_CyoxSwDSNlg_1.jpg,ruang-usaha,ruang-usaha,0.9899,moved
2023-10-20_CyoxSwDSNlg,daikuinterior_CyoxSwDSNlg_2.jpg,ruang-usaha,ruang-usaha,0.9672,moved
2023-10-20_CyoxSwDSNlg,daikuinterior_CyoxSwDSNlg_3.jpg,perlu-ditinjau,perlu-ditinjau,0.2326,moved
2023-10-20_CyoxSwDSNlg,daikuinterior_CyoxSwDSNlg_4.jpg,ruang-usaha,ruang-usaha,0.5305,moved
2023-10-20_CyoxSwDSNlg,daikuinterior_CyoxSwDSNlg_5.jpg,ruang-usaha,ruang-usaha,0.9695,moved
2023-10-20_CyoxSwDSNlg,daikuinterior_CyoxSwDSNlg_6.jpg,ruang-usaha,ruang-usaha,0.9227,moved
2023-10-20_CyoxxDySdyh,daikuinterior_CyoxxDySdyh_0.jpg,furnitur-detail,furnitur-detail,0.5352,moved
2023-10-23_CyveJUrRXu2,daikuinterior_CyveJUrRXu2_0.jpg,kamar-mandi,kamar-mandi,0.9221,moved
2023-10-23_CyveJUrRXu2,daikuinterior_CyveJUrRXu2_1.jpg,kamar-mandi,kamar-mandi,0.944,moved
2023-10-23_CyveOuJx7L6,daikuinterior_CyveOuJx7L6_0.jpg,furnitur-detail,furnitur-detail,0.5817,moved
2023-10-23_CyveOuJx7L6,daikuinterior_CyveOuJx7L6_1.jpg,furnitur-detail,furnitur-detail,0.5514,moved
2023-10-23_CyveOuJx7L6,daikuinterior_CyveOuJx7L6_2.jpg,kamar-mandi,furnitur-detail,0.847,moved
2023-10-24_CyxU8zcx0WU,daikuinterior_CyxU8zcx0WU_0.jpg,ruang-usaha,ruang-usaha,0.8471,moved
2023-10-24_CyxU8zcx0WU,daikuinterior_CyxU8zcx0WU_1.jpg,ruang-usaha,ruang-usaha,0.9394,moved
2023-10-24_CyxU8zcx0WU,daikuinterior_CyxU8zcx0WU_2.jpg,ruang-usaha,ruang-usaha,0.9487,moved
2023-10-24_CyxU8zcx0WU,daikuinterior_CyxU8zcx0WU_3.jpg,ruang-usaha,ruang-usaha,0.5679,moved
2023-10-24_CyxzcXhxVag,daikuinterior_CyxzcXhxVag_0.jpg,dapur,dapur,0.9125,moved
2023-10-24_CyxzcXhxVag,daikuinterior_CyxzcXhxVag_1.jpg,ruang-usaha,dapur,0.5898,moved
2023-10-24_CyxzcXhxVag,daikuinterior_CyxzcXhxVag_2.jpg,dapur,dapur,0.9266,moved
2023-10-24_CyxztF8RZhr,daikuinterior_CyxztF8RZhr_0.jpg,kamar-mandi,kamar-mandi,0.91,moved
2023-10-25_Cy0h6SIR0kj,daikuinterior_Cy0h6SIR0kj_0.jpg,dapur,dapur,0.9607,moved
2023-10-25_Cy0h6SIR0kj,daikuinterior_Cy0h6SIR0kj_1.jpg,dapur,dapur,0.9625,moved
2023-10-25_Cy0h6SIR0kj,daikuinterior_Cy0h6SIR0kj_2.jpg,dapur,dapur,0.7004,moved
2023-10-25_Cy0h6SIR0kj,daikuinterior_Cy0h6SIR0kj_3.jpg,dapur,dapur,0.9678,moved
2023-10-25_Cy0h6SIR0kj,daikuinterior_Cy0h6SIR0kj_4.jpg,dapur,dapur,0.9513,moved
2023-10-25_Cy0h6SIR0kj,daikuinterior_Cy0h6SIR0kj_5.jpg,dapur,dapur,0.6187,moved
2023-10-26_Cy3FKIdxEDJ,daikuinterior_Cy3FKIdxEDJ_0.jpg,dapur,dapur,0.9307,moved
2023-10-26_Cy3FKIdxEDJ,daikuinterior_Cy3FKIdxEDJ_1.jpg,dapur,dapur,0.8999,moved
2023-10-26_Cy3FKIdxEDJ,daikuinterior_Cy3FKIdxEDJ_2.jpg,dapur,dapur,0.9211,moved
2023-10-26_Cy3FKIdxEDJ,daikuinterior_Cy3FKIdxEDJ_3.jpg,dapur,dapur,0.9396,moved
2023-10-26_Cy3Gg1gxQLy,daikuinterior_Cy3Gg1gxQLy_0.jpg,ruang-usaha,furnitur-detail,0.466,moved
2023-10-26_Cy3Gg1gxQLy,daikuinterior_Cy3Gg1gxQLy_1.jpg,furnitur-detail,furnitur-detail,0.3923,moved
2023-10-26_Cy3Gg1gxQLy,daikuinterior_Cy3Gg1gxQLy_2.jpg,furnitur-detail,furnitur-detail,0.6902,moved
2023-10-26_Cy3T1hrR7Lt,daikuinterior_Cy3T1hrR7Lt_0.jpg,kamar-mandi,kamar-mandi,0.9763,moved
2023-10-26_Cy3T1hrR7Lt,daikuinterior_Cy3T1hrR7Lt_1.jpg,kamar-mandi,kamar-mandi,0.989,moved
2023-10-26_Cy3T1hrR7Lt,daikuinterior_Cy3T1hrR7Lt_2.jpg,kamar-mandi,kamar-mandi,0.973,moved
2023-10-26_Cy3T1hrR7Lt,daikuinterior_Cy3T1hrR7Lt_3.jpg,kamar-mandi,kamar-mandi,0.9866,moved
2023-10-26_Cy3T7GzxqqS,daikuinterior_Cy3T7GzxqqS_0.jpg,kamar-mandi,kamar-mandi,0.9862,moved
2023-10-26_Cy3T7GzxqqS,daikuinterior_Cy3T7GzxqqS_1.jpg,kamar-mandi,kamar-mandi,0.9916,moved
2023-10-26_Cy3T7GzxqqS,daikuinterior_Cy3T7GzxqqS_2.jpg,kamar-mandi,kamar-mandi,0.9912,moved
2023-10-26_Cy3T7GzxqqS,daikuinterior_Cy3T7GzxqqS_3.jpg,kamar-mandi,kamar-mandi,0.9841,moved
2023-10-26_Cy3T7GzxqqS,daikuinterior_Cy3T7GzxqqS_4.jpg,kamar-mandi,kamar-mandi,0.9905,moved
2023-10-26_Cy3T7GzxqqS,daikuinterior_Cy3T7GzxqqS_5.jpg,kamar-mandi,kamar-mandi,0.9834,moved
2023-10-28_Cy7s6ssRi1R,daikuinterior_Cy7s6ssRi1R_0.jpg,dapur,dapur,0.7212,moved
2023-10-28_Cy7s6ssRi1R,daikuinterior_Cy7s6ssRi1R_1.jpg,dapur,dapur,0.8428,moved
2023-10-28_Cy7s6ssRi1R,daikuinterior_Cy7s6ssRi1R_2.jpg,furnitur-detail,dapur,0.4752,moved
2023-10-28_Cy7sf4uxK4E,daikuinterior_Cy7sf4uxK4E_0.jpg,furnitur-detail,furnitur-detail,0.8985,moved
2023-10-28_Cy7sf4uxK4E,daikuinterior_Cy7sf4uxK4E_1.jpg,furnitur-detail,furnitur-detail,0.804,moved
2023-10-28_Cy7sf4uxK4E,daikuinterior_Cy7sf4uxK4E_2.jpg,furnitur-detail,furnitur-detail,0.7943,moved
2023-10-28_Cy7spUvRsrm,daikuinterior_Cy7spUvRsrm_0.jpg,furnitur-detail,furnitur-detail,0.6952,moved
2023-10-28_Cy7spUvRsrm,daikuinterior_Cy7spUvRsrm_1.jpg,furnitur-detail,furnitur-detail,0.4822,moved
2023-10-28_Cy7spUvRsrm,daikuinterior_Cy7spUvRsrm_2.jpg,furnitur-detail,furnitur-detail,0.7611,moved
2023-10-28_Cy7spUvRsrm,daikuinterior_Cy7spUvRsrm_3.jpg,kamar-mandi,furnitur-detail,0.9286,moved
2023-10-28_Cy7spUvRsrm,daikuinterior_Cy7spUvRsrm_4.jpg,kamar-mandi,furnitur-detail,0.9613,moved
2023-10-30_CzAVUIUxMWM,daikuinterior_CzAVUIUxMWM_0.jpg,furnitur-detail,furnitur-detail,0.7056,moved
2023-10-30_CzAVVA2xpEO,daikuinterior_CzAVVA2xpEO_0.jpg,furnitur-detail,furnitur-detail,0.8209,moved
2023-10-31_CzC7pT-RxXj,daikuinterior_CzC7pT-RxXj_0.jpg,ruang-usaha,ruang-usaha,0.5548,moved
2023-10-31_CzC7pT-RxXj,daikuinterior_CzC7pT-RxXj_2.jpg,furnitur-detail,ruang-usaha,0.4568,moved
2023-11-02_CzJLPtmR3Q4,daikuinterior_CzJLPtmR3Q4_0.jpg,furnitur-detail,furnitur-detail,0.6931,moved
2023-11-02_CzJLPtmR3Q4,daikuinterior_CzJLPtmR3Q4_1.jpg,furnitur-detail,furnitur-detail,0.8535,moved
2023-11-02_CzJLPtmR3Q4,daikuinterior_CzJLPtmR3Q4_2.jpg,furnitur-detail,furnitur-detail,0.8151,moved
2023-11-02_CzJLPtmR3Q4,daikuinterior_CzJLPtmR3Q4_3.jpg,furnitur-detail,furnitur-detail,0.7145,moved
2023-11-02_CzJLPtmR3Q4,daikuinterior_CzJLPtmR3Q4_4.jpg,furnitur-detail,furnitur-detail,0.7012,moved
2023-11-02_CzJLPtmR3Q4,daikuinterior_CzJLPtmR3Q4_5.jpg,furnitur-detail,furnitur-detail,0.5455,moved
2023-11-03_CzLbE0gxtnv,daikuinterior_CzLbE0gxtnv_0.jpg,perlu-ditinjau,perlu-ditinjau,0.3821,moved
2023-11-03_CzLbE0gxtnv,daikuinterior_CzLbE0gxtnv_1.jpg,kamar-tidur,kamar-tidur,0.8325,moved
2023-11-03_CzLbE0gxtnv,daikuinterior_CzLbE0gxtnv_2.jpg,kamar-mandi,kamar-tidur,0.8124,moved
2023-11-03_CzLbE0gxtnv,daikuinterior_CzLbE0gxtnv_3.jpg,kamar-tidur,kamar-tidur,0.9332,moved
2023-11-03_CzM86nXSTGf,daikuinterior_CzM86nXSTGf_0.jpg,ruang-usaha,ruang-usaha,0.7803,moved
2023-11-03_CzM86nXSTGf,daikuinterior_CzM86nXSTGf_2.jpg,ruang-usaha,ruang-usaha,0.9532,moved
2023-11-06_CzUs8-oSTHv,daikuinterior_CzUs8-oSTHv_0.jpg,dapur,dapur,0.8051,moved
2023-11-06_CzUs8-oSTHv,daikuinterior_CzUs8-oSTHv_1.jpg,dapur,dapur,0.4824,moved
2023-11-06_CzUs8-oSTHv,daikuinterior_CzUs8-oSTHv_2.jpg,kamar-mandi,dapur,0.5268,moved
2023-11-06_CzUtn3SSwts,daikuinterior_CzUtn3SSwts_0.jpg,kamar-mandi,kamar-mandi,0.7203,moved
2023-11-06_CzUtn3SSwts,daikuinterior_CzUtn3SSwts_1.jpg,furnitur-detail,kamar-mandi,0.3503,moved
2023-11-07_CzVxDgLx2aU,daikuinterior_CzVxDgLx2aU_0.jpg,kamar-mandi,kamar-mandi,0.9314,moved
2023-11-07_CzVxDgLx2aU,daikuinterior_CzVxDgLx2aU_1.jpg,kamar-mandi,kamar-mandi,0.9594,moved
2023-11-07_CzVxDgLx2aU,daikuinterior_CzVxDgLx2aU_2.jpg,kamar-mandi,kamar-mandi,0.8675,moved
2023-11-07_CzWHcwrxA5x,daikuinterior_CzWHcwrxA5x_0.jpg,dapur,dapur,0.9642,moved
2023-11-07_CzWHcwrxA5x,daikuinterior_CzWHcwrxA5x_1.jpg,dapur,dapur,0.9066,moved
2023-11-07_CzWHcwrxA5x,daikuinterior_CzWHcwrxA5x_2.jpg,dapur,dapur,0.9432,moved
2023-11-07_CzWHcwrxA5x,daikuinterior_CzWHcwrxA5x_3.jpg,dapur,dapur,0.9515,moved
2023-11-07_CzWHN6mRyuy,daikuinterior_CzWHN6mRyuy_0.jpg,kamar-mandi,kamar-mandi,0.8407,moved
2023-11-07_CzWHN6mRyuy,daikuinterior_CzWHN6mRyuy_1.jpg,kamar-mandi,kamar-mandi,0.8361,moved
2023-11-07_CzWHN6mRyuy,daikuinterior_CzWHN6mRyuy_2.jpg,dapur,kamar-mandi,0.5705,moved
2023-11-07_CzWHN6mRyuy,daikuinterior_CzWHN6mRyuy_3.jpg,dapur,kamar-mandi,0.5972,moved
2023-11-07_CzWHN6mRyuy,daikuinterior_CzWHN6mRyuy_4.jpg,kamar-mandi,kamar-mandi,0.4997,moved
2023-11-07_CzWHN6mRyuy,daikuinterior_CzWHN6mRyuy_5.jpg,ruang-usaha,kamar-mandi,0.5765,moved
2023-11-07_CzWHN6mRyuy,daikuinterior_CzWHN6mRyuy_6.jpg,kamar-mandi,kamar-mandi,0.9124,moved
2023-11-07_CzWHN6mRyuy,daikuinterior_CzWHN6mRyuy_7.jpg,kamar-mandi,kamar-mandi,0.7258,moved
2023-11-07_CzWICEtRYZZ,daikuinterior_CzWICEtRYZZ_0.jpg,kamar-mandi,furnitur-detail,0.4404,moved
2023-11-07_CzWICEtRYZZ,daikuinterior_CzWICEtRYZZ_1.jpg,furnitur-detail,furnitur-detail,0.4955,moved
2023-11-07_CzWICEtRYZZ,daikuinterior_CzWICEtRYZZ_2.jpg,furnitur-detail,furnitur-detail,0.6453,moved
2023-11-07_CzWICEtRYZZ,daikuinterior_CzWICEtRYZZ_3.jpg,furnitur-detail,furnitur-detail,0.6309,moved
2023-11-07_CzWICEtRYZZ,daikuinterior_CzWICEtRYZZ_4.jpg,kamar-mandi,furnitur-detail,0.3774,moved
2023-11-07_CzWICEtRYZZ,daikuinterior_CzWICEtRYZZ_5.jpg,furnitur-detail,furnitur-detail,0.4677,moved
2023-11-07_CzWICEtRYZZ,daikuinterior_CzWICEtRYZZ_6.jpg,ruang-kerja,furnitur-detail,0.3662,moved
2023-11-07_CzWICEtRYZZ,daikuinterior_CzWICEtRYZZ_7.jpg,ruang-keluarga,furnitur-detail,0.4548,moved
2023-11-07_CzWICEtRYZZ,daikuinterior_CzWICEtRYZZ_8.jpg,dapur,furnitur-detail,0.3981,moved
2023-11-09_CzaNawZxLBX,daikuinterior_CzaNawZxLBX_0.jpg,furnitur-detail,furnitur-detail,0.7603,moved
2023-11-09_CzaNawZxLBX,daikuinterior_CzaNawZxLBX_1.jpg,furnitur-detail,furnitur-detail,0.5796,moved
2023-11-09_CzaNawZxLBX,daikuinterior_CzaNawZxLBX_2.jpg,furnitur-detail,furnitur-detail,0.5716,moved
2023-11-09_CzaNawZxLBX,daikuinterior_CzaNawZxLBX_3.jpg,furnitur-detail,furnitur-detail,0.7995,moved
2023-11-09_CzaNawZxLBX,daikuinterior_CzaNawZxLBX_4.jpg,kamar-mandi,furnitur-detail,0.5772,moved
2023-11-09_CzaNawZxLBX,daikuinterior_CzaNawZxLBX_5.jpg,furnitur-detail,furnitur-detail,0.769,moved
2023-11-09_CzaNawZxLBX,daikuinterior_CzaNawZxLBX_6.jpg,furnitur-detail,furnitur-detail,0.7417,moved
2023-11-09_CzaRcQjRtxX,daikuinterior_CzaRcQjRtxX_0.jpg,furnitur-detail,furnitur-detail,0.7045,moved
2023-11-09_CzaRcQjRtxX,daikuinterior_CzaRcQjRtxX_1.jpg,furnitur-detail,furnitur-detail,0.7202,moved
2023-11-09_CzaRYp_RoHR,daikuinterior_CzaRYp_RoHR_0.jpg,furnitur-detail,furnitur-detail,0.5906,moved
2023-11-09_CzaRYp_RoHR,daikuinterior_CzaRYp_RoHR_1.jpg,furnitur-detail,furnitur-detail,0.7202,moved
2023-11-09_CzaXI0OxVAt,daikuinterior_CzaXI0OxVAt_0.jpg,dapur,dapur,0.9171,moved
2023-11-09_CzaXI0OxVAt,daikuinterior_CzaXI0OxVAt_1.jpg,dapur,dapur,0.8877,moved
2023-11-09_CzaXI0OxVAt,daikuinterior_CzaXI0OxVAt_2.jpg,dapur,dapur,0.9279,moved
2023-11-09_CzaXI0OxVAt,daikuinterior_CzaXI0OxVAt_3.jpg,perlu-ditinjau,perlu-ditinjau,0.3271,moved
2023-11-09_CzaXI0OxVAt,daikuinterior_CzaXI0OxVAt_4.jpg,dapur,dapur,0.9382,moved
2023-11-10_CzdrHiOR9as,daikuinterior_CzdrHiOR9as_0.jpg,kamar-mandi,kamar-mandi,0.9756,moved
2023-11-10_CzdrHiOR9as,daikuinterior_CzdrHiOR9as_1.jpg,kamar-mandi,kamar-mandi,0.9661,moved
2023-11-10_CzdrHiOR9as,daikuinterior_CzdrHiOR9as_2.jpg,kamar-mandi,kamar-mandi,0.9685,moved
2023-11-10_CzdrHiOR9as,daikuinterior_CzdrHiOR9as_3.jpg,kamar-mandi,kamar-mandi,0.9676,moved
2023-11-10_CzdrHiOR9as,daikuinterior_CzdrHiOR9as_4.jpg,kamar-mandi,kamar-mandi,0.9819,moved
2023-11-11_CzfY4fwRGtO,daikuinterior_CzfY4fwRGtO_0.jpg,ruang-kerja,ruang-kerja,0.5249,moved
2023-11-11_CzfY4fwRGtO,daikuinterior_CzfY4fwRGtO_1.jpg,ruang-kerja,ruang-kerja,0.8579,moved
2023-11-11_CzfY4fwRGtO,daikuinterior_CzfY4fwRGtO_2.jpg,ruang-kerja,ruang-kerja,0.7984,moved
2023-11-13_CzlOomVRASr,daikuinterior_CzlOomVRASr_0.jpg,ruang-keluarga,furnitur-detail,0.4946,moved
2023-11-13_CzlOomVRASr,daikuinterior_CzlOomVRASr_1.jpg,furnitur-detail,furnitur-detail,0.5791,moved
2023-11-13_CzlOomVRASr,daikuinterior_CzlOomVRASr_2.jpg,furnitur-detail,furnitur-detail,0.8161,moved
2023-11-13_CzlOomVRASr,daikuinterior_CzlOomVRASr_3.jpg,furnitur-detail,furnitur-detail,0.6366,moved
2023-11-13_CzlOomVRASr,daikuinterior_CzlOomVRASr_4.jpg,furnitur-detail,furnitur-detail,0.7216,moved
2023-11-13_CzlOomVRASr,daikuinterior_CzlOomVRASr_5.jpg,ruang-keluarga,furnitur-detail,0.5012,moved
2023-11-15_Czqs9d2xl6J,daikuinterior_Czqs9d2xl6J_0.jpg,kamar-tidur,kamar-tidur,0.8336,moved
2023-11-15_Czqs9d2xl6J,daikuinterior_Czqs9d2xl6J_1.jpg,kamar-tidur,kamar-tidur,0.8695,moved
2023-11-15_Czqs9d2xl6J,daikuinterior_Czqs9d2xl6J_2.jpg,kamar-tidur,kamar-tidur,0.8141,moved
2023-11-15_Czqs9d2xl6J,daikuinterior_Czqs9d2xl6J_3.jpg,kamar-tidur,kamar-tidur,0.543,moved
2023-11-15_CzqtB9TR_Oe,daikuinterior_CzqtB9TR_Oe_0.jpg,kamar-tidur,kamar-tidur,0.8311,moved
2023-11-15_CzqtB9TR_Oe,daikuinterior_CzqtB9TR_Oe_1.jpg,kamar-tidur,kamar-tidur,0.764,moved
2023-11-15_CzqtB9TR_Oe,daikuinterior_CzqtB9TR_Oe_2.jpg,kamar-tidur,kamar-tidur,0.6928,moved
2023-11-15_CzqtI-sRuII,daikuinterior_CzqtI-sRuII_0.jpg,kamar-tidur,kamar-tidur,0.8524,moved
2023-11-15_CzqtI-sRuII,daikuinterior_CzqtI-sRuII_1.jpg,kamar-tidur,kamar-tidur,0.8182,moved
2023-11-15_CzqtI-sRuII,daikuinterior_CzqtI-sRuII_2.jpg,kamar-tidur,kamar-tidur,0.8117,moved
2023-11-15_CzqtOU1xbOv,daikuinterior_CzqtOU1xbOv_0.jpg,kamar-tidur,kamar-tidur,0.8419,moved
2023-11-15_CzqtOU1xbOv,daikuinterior_CzqtOU1xbOv_1.jpg,kamar-tidur,kamar-tidur,0.906,moved
2023-11-15_CzqtOU1xbOv,daikuinterior_CzqtOU1xbOv_2.jpg,kamar-tidur,kamar-tidur,0.9247,moved
2023-11-15_CzqtOU1xbOv,daikuinterior_CzqtOU1xbOv_3.jpg,kamar-tidur,kamar-tidur,0.8148,moved
2023-11-15_CzqtS44xqGs,daikuinterior_CzqtS44xqGs_0.jpg,kamar-tidur,kamar-tidur,0.7822,moved
2023-11-15_CzqtS44xqGs,daikuinterior_CzqtS44xqGs_1.jpg,kamar-tidur,kamar-tidur,0.878,moved
2023-11-15_CzqtS44xqGs,daikuinterior_CzqtS44xqGs_2.jpg,kamar-tidur,kamar-tidur,0.8303,moved
2023-11-15_CzqtS44xqGs,daikuinterior_CzqtS44xqGs_3.jpg,kamar-tidur,kamar-tidur,0.8605,moved
2023-11-15_CzrxVMYSarG,daikuinterior_CzrxVMYSarG_0.jpg,furnitur-detail,furnitur-detail,0.529,moved
2023-11-15_CzrxVMYSarG,daikuinterior_CzrxVMYSarG_1.jpg,eksterior,furnitur-detail,0.6119,moved
2023-11-15_CzrxVMYSarG,daikuinterior_CzrxVMYSarG_2.jpg,kamar-tidur,furnitur-detail,0.6968,moved
2023-11-15_CzrxVMYSarG,daikuinterior_CzrxVMYSarG_3.jpg,perlu-ditinjau,perlu-ditinjau,0.2613,moved
2023-11-15_CzrxVMYSarG,daikuinterior_CzrxVMYSarG_4.jpg,furnitur-detail,furnitur-detail,0.5579,moved
2023-11-15_CzrxVMYSarG,daikuinterior_CzrxVMYSarG_5.jpg,perlu-ditinjau,perlu-ditinjau,0.2385,moved
2023-11-15_CzrxVMYSarG,daikuinterior_CzrxVMYSarG_6.jpg,perlu-ditinjau,perlu-ditinjau,0.3317,moved
2023-11-22_Cz7mw9MxCof,daikuinterior_Cz7mw9MxCof_0.jpg,furnitur-detail,furnitur-detail,0.601,moved
2023-11-22_Cz7mw9MxCof,daikuinterior_Cz7mw9MxCof_1.jpg,perlu-ditinjau,perlu-ditinjau,0.3009,moved
2023-11-22_Cz7mw9MxCof,daikuinterior_Cz7mw9MxCof_2.jpg,perlu-ditinjau,perlu-ditinjau,0.314,moved
2023-11-22_Cz7mw9MxCof,daikuinterior_Cz7mw9MxCof_3.jpg,furnitur-detail,furnitur-detail,0.6388,moved
2023-11-22_Cz7mw9MxCof,daikuinterior_Cz7mw9MxCof_4.jpg,furnitur-detail,furnitur-detail,0.5526,moved
2023-11-23_Cz-3_EdRya7,daikuinterior_Cz-3_EdRya7_0.jpg,furnitur-detail,furnitur-detail,0.7474,moved
2023-11-23_Cz-3_EdRya7,daikuinterior_Cz-3_EdRya7_1.jpg,furnitur-detail,furnitur-detail,0.5546,moved
2023-11-23_Cz-3_EdRya7,daikuinterior_Cz-3_EdRya7_2.jpg,ruang-usaha,furnitur-detail,0.4713,moved
2023-11-23_Cz-3_EdRya7,daikuinterior_Cz-3_EdRya7_3.jpg,ruang-usaha,furnitur-detail,0.8582,moved
2023-11-23_Cz-3_EdRya7,daikuinterior_Cz-3_EdRya7_4.jpg,furnitur-detail,furnitur-detail,0.8516,moved
2023-11-27_C0IgrI5xSO8,daikuinterior_C0IgrI5xSO8_0.jpg,dapur,dapur,0.9265,moved
2023-11-27_C0IgrI5xSO8,daikuinterior_C0IgrI5xSO8_1.jpg,dapur,dapur,0.9488,moved
2023-11-27_C0IgrI5xSO8,daikuinterior_C0IgrI5xSO8_2.jpg,dapur,dapur,0.6653,moved
2023-11-27_C0IgrI5xSO8,daikuinterior_C0IgrI5xSO8_3.jpg,dapur,dapur,0.9082,moved
2023-11-27_C0IgrI5xSO8,daikuinterior_C0IgrI5xSO8_4.jpg,furnitur-detail,dapur,0.4471,moved
2023-11-27_C0IgrI5xSO8,daikuinterior_C0IgrI5xSO8_5.jpg,furnitur-detail,dapur,0.3777,moved
2023-11-28_C0LU8xnRnb3,daikuinterior_C0LU8xnRnb3_0.jpg,furnitur-detail,furnitur-detail,0.6633,moved
2023-11-28_C0LU8xnRnb3,daikuinterior_C0LU8xnRnb3_1.jpg,furnitur-detail,furnitur-detail,0.6724,moved
2023-11-28_C0LU8xnRnb3,daikuinterior_C0LU8xnRnb3_2.jpg,furnitur-detail,furnitur-detail,0.7662,moved
2023-11-28_C0LU8xnRnb3,daikuinterior_C0LU8xnRnb3_3.jpg,furnitur-detail,furnitur-detail,0.6724,moved
2023-11-28_C0LU8xnRnb3,daikuinterior_C0LU8xnRnb3_4.jpg,furnitur-detail,furnitur-detail,0.8288,moved
2023-11-29_C0N4_bCxvNx,daikuinterior_C0N4_bCxvNx_0.jpg,dapur,dapur,0.9478,moved
2023-11-29_C0N4_bCxvNx,daikuinterior_C0N4_bCxvNx_1.jpg,dapur,dapur,0.9209,moved
2023-11-29_C0N4_bCxvNx,daikuinterior_C0N4_bCxvNx_2.jpg,dapur,dapur,0.9644,moved
2023-11-29_C0N4_bCxvNx,daikuinterior_C0N4_bCxvNx_3.jpg,dapur,dapur,0.9473,moved
2023-11-29_C0N4_bCxvNx,daikuinterior_C0N4_bCxvNx_4.jpg,dapur,dapur,0.8539,moved
2023-11-29_C0N4_bCxvNx,daikuinterior_C0N4_bCxvNx_5.jpg,dapur,dapur,0.9274,moved
2023-11-29_C0N4_bCxvNx,daikuinterior_C0N4_bCxvNx_6.jpg,dapur,dapur,0.9365,moved
2023-11-29_C0N4_bCxvNx,daikuinterior_C0N4_bCxvNx_7.jpg,dapur,dapur,0.9064,moved
2023-11-30_C0QLnnSxcGS,daikuinterior_C0QLnnSxcGS_0.jpg,furnitur-detail,furnitur-detail,0.5185,moved
2023-11-30_C0QLnnSxcGS,daikuinterior_C0QLnnSxcGS_1.jpg,furnitur-detail,furnitur-detail,0.7466,moved
2023-11-30_C0QLnnSxcGS,daikuinterior_C0QLnnSxcGS_2.jpg,furnitur-detail,furnitur-detail,0.7086,moved
2023-11-30_C0QLnnSxcGS,daikuinterior_C0QLnnSxcGS_3.jpg,furnitur-detail,furnitur-detail,0.6514,moved
2023-12-04_C0awKtvR56g,daikuinterior_C0awKtvR56g_0.jpg,furnitur-detail,eksterior,0.7446,moved
2023-12-04_C0awKtvR56g,daikuinterior_C0awKtvR56g_1.jpg,eksterior,eksterior,0.7642,moved
2023-12-04_C0awKtvR56g,daikuinterior_C0awKtvR56g_2.jpg,eksterior,eksterior,0.6272,moved
2023-12-04_C0awKtvR56g,daikuinterior_C0awKtvR56g_3.jpg,perlu-ditinjau,perlu-ditinjau,0.265,moved
2023-12-05_C0deu9pRsG4,daikuinterior_C0deu9pRsG4_0.jpg,eksterior,eksterior,0.946,moved
2023-12-05_C0deu9pRsG4,daikuinterior_C0deu9pRsG4_1.jpg,perlu-ditinjau,perlu-ditinjau,0.274,moved
2023-12-05_C0deu9pRsG4,daikuinterior_C0deu9pRsG4_2.jpg,eksterior,eksterior,0.9792,moved
2023-12-05_C0deu9pRsG4,daikuinterior_C0deu9pRsG4_3.jpg,eksterior,eksterior,0.7659,moved
2023-12-05_C0deu9pRsG4,daikuinterior_C0deu9pRsG4_4.jpg,eksterior,eksterior,0.5305,moved
2023-12-06_C0f3nMcRFq0,daikuinterior_C0f3nMcRFq0_0.jpg,furnitur-detail,ruang-usaha,0.4736,moved
2023-12-06_C0f3nMcRFq0,daikuinterior_C0f3nMcRFq0_1.jpg,ruang-usaha,ruang-usaha,0.6568,moved
2023-12-06_C0f3nMcRFq0,daikuinterior_C0f3nMcRFq0_2.jpg,ruang-usaha,ruang-usaha,0.5629,moved
2023-12-06_C0f3nMcRFq0,daikuinterior_C0f3nMcRFq0_3.jpg,perlu-ditinjau,perlu-ditinjau,0.2669,moved
2023-12-06_C0f3nMcRFq0,daikuinterior_C0f3nMcRFq0_4.jpg,ruang-usaha,ruang-usaha,0.6712,moved
2023-12-07_C0iWyt-Relq,daikuinterior_C0iWyt-Relq_0.jpg,dapur,dapur,0.8428,moved
2023-12-07_C0iWyt-Relq,daikuinterior_C0iWyt-Relq_1.jpg,dapur,dapur,0.5216,moved
2023-12-07_C0iWyt-Relq,daikuinterior_C0iWyt-Relq_2.jpg,dapur,dapur,0.8014,moved
2023-12-07_C0iWyt-Relq,daikuinterior_C0iWyt-Relq_3.jpg,dapur,dapur,0.7515,moved
2023-12-08_C0lAc0mRZSn,daikuinterior_C0lAc0mRZSn_0.jpg,furnitur-detail,furnitur-detail,0.5232,moved
2023-12-08_C0lAc0mRZSn,daikuinterior_C0lAc0mRZSn_1.jpg,kamar-mandi,furnitur-detail,0.8632,moved
2023-12-08_C0lAc0mRZSn,daikuinterior_C0lAc0mRZSn_2.jpg,furnitur-detail,furnitur-detail,0.566,moved
2023-12-10_C0qBW1hxACj,daikuinterior_C0qBW1hxACj_0.jpg,kamar-mandi,kamar-mandi,0.4346,moved
2023-12-10_C0qBW1hxACj,daikuinterior_C0qBW1hxACj_1.jpg,kamar-mandi,kamar-mandi,0.3736,moved
2023-12-10_C0qBW1hxACj,daikuinterior_C0qBW1hxACj_2.jpg,kamar-tidur,kamar-mandi,0.3616,moved
2023-12-10_C0qBW1hxACj,daikuinterior_C0qBW1hxACj_3.jpg,dapur,kamar-mandi,0.579,moved
2023-12-11_C0sfB6bRWJs,daikuinterior_C0sfB6bRWJs_0.jpg,ruang-usaha,ruang-usaha,0.6882,moved
2023-12-11_C0sfB6bRWJs,daikuinterior_C0sfB6bRWJs_1.jpg,kamar-mandi,ruang-usaha,0.7592,moved
2023-12-11_C0sfB6bRWJs,daikuinterior_C0sfB6bRWJs_2.jpg,ruang-usaha,ruang-usaha,0.9546,moved
2023-12-12_C0v35CPSbWl,daikuinterior_C0v35CPSbWl_0.jpg,dapur,dapur,0.4097,moved
2023-12-12_C0v35CPSbWl,daikuinterior_C0v35CPSbWl_1.jpg,furnitur-detail,dapur,0.4033,moved
2023-12-12_C0v35CPSbWl,daikuinterior_C0v35CPSbWl_2.jpg,dapur,dapur,0.3667,moved
2023-12-12_C0v35CPSbWl,daikuinterior_C0v35CPSbWl_3.jpg,furnitur-detail,dapur,0.4439,moved
2023-12-13_C0yO9iDx9Sl,daikuinterior_C0yO9iDx9Sl_0.jpg,ruang-usaha,ruang-usaha,0.6901,moved
2023-12-13_C0yO9iDx9Sl,daikuinterior_C0yO9iDx9Sl_1.jpg,furnitur-detail,ruang-usaha,0.3935,moved
2023-12-13_C0yO9iDx9Sl,daikuinterior_C0yO9iDx9Sl_2.jpg,ruang-usaha,ruang-usaha,0.4635,moved
2023-12-13_C0yO9iDx9Sl,daikuinterior_C0yO9iDx9Sl_3.jpg,ruang-usaha,ruang-usaha,0.3444,moved
2023-12-14_C002rarxjjg,daikuinterior_C002rarxjjg_0.jpg,furnitur-detail,ruang-usaha,0.4114,moved
2023-12-14_C002rarxjjg,daikuinterior_C002rarxjjg_1.jpg,ruang-usaha,ruang-usaha,0.8001,moved
2023-12-14_C002rarxjjg,daikuinterior_C002rarxjjg_2.jpg,ruang-usaha,ruang-usaha,0.6543,moved
2023-12-14_C002rarxjjg,daikuinterior_C002rarxjjg_3.jpg,ruang-usaha,ruang-usaha,0.3471,moved
2023-12-14_C002rarxjjg,daikuinterior_C002rarxjjg_4.jpg,ruang-usaha,ruang-usaha,0.8535,moved
2023-12-14_C002rarxjjg,daikuinterior_C002rarxjjg_5.jpg,furnitur-detail,ruang-usaha,0.4969,moved
2023-12-15_C02zWAXxqFj,daikuinterior_C02zWAXxqFj_0.jpg,ruang-usaha,kamar-mandi,0.5368,moved
2023-12-15_C02zWAXxqFj,daikuinterior_C02zWAXxqFj_1.jpg,ruang-usaha,kamar-mandi,0.3563,moved
2023-12-15_C02zWAXxqFj,daikuinterior_C02zWAXxqFj_2.jpg,kamar-mandi,kamar-mandi,0.4037,moved
2023-12-15_C02zWAXxqFj,daikuinterior_C02zWAXxqFj_3.jpg,kamar-tidur,kamar-mandi,0.5362,moved
2023-12-15_C02zWAXxqFj,daikuinterior_C02zWAXxqFj_4.jpg,kamar-mandi,kamar-mandi,0.5799,moved
2023-12-15_C02zWAXxqFj,daikuinterior_C02zWAXxqFj_5.jpg,kamar-mandi,kamar-mandi,0.9349,moved
2023-12-15_C02zWAXxqFj,daikuinterior_C02zWAXxqFj_6.jpg,furnitur-detail,kamar-mandi,0.4032,moved
2023-12-15_C02zWAXxqFj,daikuinterior_C02zWAXxqFj_7.jpg,furnitur-detail,kamar-mandi,0.4641,moved
2023-12-15_C03dK4Gx7HG,daikuinterior_C03dK4Gx7HG_0.jpg,dapur,dapur,0.7365,moved
2023-12-15_C03dK4Gx7HG,daikuinterior_C03dK4Gx7HG_1.jpg,kamar-mandi,dapur,0.5916,moved
2023-12-15_C03dK4Gx7HG,daikuinterior_C03dK4Gx7HG_2.jpg,dapur,dapur,0.8139,moved
2023-12-15_C03dK4Gx7HG,daikuinterior_C03dK4Gx7HG_3.jpg,kamar-mandi,dapur,0.6294,moved
2023-12-15_C03dK4Gx7HG,daikuinterior_C03dK4Gx7HG_4.jpg,dapur,dapur,0.7798,moved
2023-12-15_C03dK4Gx7HG,daikuinterior_C03dK4Gx7HG_5.jpg,dapur,dapur,0.6178,moved
2023-12-15_C03dK4Gx7HG,daikuinterior_C03dK4Gx7HG_6.jpg,kamar-mandi,dapur,0.8568,moved
2023-12-15_C03dK4Gx7HG,daikuinterior_C03dK4Gx7HG_7.jpg,kamar-mandi,dapur,0.7747,moved
2023-12-15_C03eWanRmqz,daikuinterior_C03eWanRmqz_0.jpg,perlu-ditinjau,perlu-ditinjau,0.2574,moved
2023-12-15_C03eWanRmqz,daikuinterior_C03eWanRmqz_1.jpg,kamar-mandi,kamar-mandi,0.4883,moved
2023-12-15_C03eWanRmqz,daikuinterior_C03eWanRmqz_2.jpg,furnitur-detail,kamar-mandi,0.4087,moved
2023-12-15_C03eWanRmqz,daikuinterior_C03eWanRmqz_3.jpg,kamar-tidur,kamar-mandi,0.6352,moved
2023-12-16_C05zmjTxX0a,daikuinterior_C05zmjTxX0a_0.jpg,kamar-mandi,kamar-mandi,0.5879,moved
2023-12-16_C05zmjTxX0a,daikuinterior_C05zmjTxX0a_1.jpg,kamar-mandi,kamar-mandi,0.8878,moved
2023-12-16_C05zmjTxX0a,daikuinterior_C05zmjTxX0a_2.jpg,kamar-mandi,kamar-mandi,0.9033,moved
2023-12-16_C05zmjTxX0a,daikuinterior_C05zmjTxX0a_3.jpg,furnitur-detail,kamar-mandi,0.5176,moved
2023-12-16_C05zmjTxX0a,daikuinterior_C05zmjTxX0a_4.jpg,furnitur-detail,kamar-mandi,0.5013,moved
2023-12-19_C1BcT6BR7ez,daikuinterior_C1BcT6BR7ez_0.jpg,kamar-mandi,furnitur-detail,0.9466,moved
2023-12-19_C1BcT6BR7ez,daikuinterior_C1BcT6BR7ez_1.jpg,furnitur-detail,furnitur-detail,0.5059,moved
2023-12-19_C1BcT6BR7ez,daikuinterior_C1BcT6BR7ez_2.jpg,furnitur-detail,furnitur-detail,0.3916,moved
2023-12-19_C1BcT6BR7ez,daikuinterior_C1BcT6BR7ez_3.jpg,furnitur-detail,furnitur-detail,0.3591,moved
2023-12-19_C1BcT6BR7ez,daikuinterior_C1BcT6BR7ez_4.jpg,furnitur-detail,furnitur-detail,0.3415,moved
2023-12-19_C1BcT6BR7ez,daikuinterior_C1BcT6BR7ez_5.jpg,furnitur-detail,furnitur-detail,0.5591,moved
2023-12-19_C1BGy_uxdhl,daikuinterior_C1BGy_uxdhl_0.jpg,kamar-tidur,kamar-mandi,0.3937,moved
2023-12-19_C1BGy_uxdhl,daikuinterior_C1BGy_uxdhl_1.jpg,furnitur-detail,kamar-mandi,0.5481,moved
2023-12-19_C1BGy_uxdhl,daikuinterior_C1BGy_uxdhl_2.jpg,kamar-mandi,kamar-mandi,0.4908,moved
2023-12-19_C1BGy_uxdhl,daikuinterior_C1BGy_uxdhl_3.jpg,kamar-mandi,kamar-mandi,0.5549,moved
2023-12-19_C1BGy_uxdhl,daikuinterior_C1BGy_uxdhl_4.jpg,kamar-mandi,kamar-mandi,0.6603,moved
2023-12-19_C1BGy_uxdhl,daikuinterior_C1BGy_uxdhl_5.jpg,furnitur-detail,kamar-mandi,0.3514,moved
2023-12-20_C1DuPPSRX0C,daikuinterior_C1DuPPSRX0C_0.jpg,eksterior,eksterior,0.9974,moved
2023-12-20_C1DuPPSRX0C,daikuinterior_C1DuPPSRX0C_1.jpg,eksterior,eksterior,0.9804,moved
2023-12-20_C1DuPPSRX0C,daikuinterior_C1DuPPSRX0C_2.jpg,eksterior,eksterior,0.9949,moved
2023-12-20_C1DuPPSRX0C,daikuinterior_C1DuPPSRX0C_3.jpg,eksterior,eksterior,0.9936,moved
2023-12-20_C1DuPPSRX0C,daikuinterior_C1DuPPSRX0C_4.jpg,eksterior,eksterior,0.9938,moved
2023-12-22_C1JXH-Vxhba,daikuinterior_C1JXH-Vxhba_0.jpg,furnitur-detail,furnitur-detail,0.438,moved
2023-12-22_C1JXH-Vxhba,daikuinterior_C1JXH-Vxhba_1.jpg,perlu-ditinjau,perlu-ditinjau,0.3168,moved
2023-12-22_C1JXH-Vxhba,daikuinterior_C1JXH-Vxhba_2.jpg,ruang-usaha,furnitur-detail,0.632,moved
2023-12-22_C1JXH-Vxhba,daikuinterior_C1JXH-Vxhba_3.jpg,perlu-ditinjau,perlu-ditinjau,0.2932,moved
2023-12-23_C1L0kRwRV1o,daikuinterior_C1L0kRwRV1o_0.jpg,furnitur-detail,furnitur-detail,0.7622,moved
2023-12-23_C1L0kRwRV1o,daikuinterior_C1L0kRwRV1o_1.jpg,furnitur-detail,furnitur-detail,0.7143,moved
2023-12-23_C1L0kRwRV1o,daikuinterior_C1L0kRwRV1o_2.jpg,furnitur-detail,furnitur-detail,0.6306,moved
2023-12-23_C1L0kRwRV1o,daikuinterior_C1L0kRwRV1o_3.jpg,furnitur-detail,furnitur-detail,0.6276,moved
2023-12-24_C1N2Lv3yWvp,daikuinterior_C1N2Lv3yWvp_0.jpg,furnitur-detail,furnitur-detail,0.7948,moved
2023-12-24_C1N2Lv3yWvp,daikuinterior_C1N2Lv3yWvp_1.jpg,furnitur-detail,furnitur-detail,0.8455,moved
2023-12-24_C1N2Lv3yWvp,daikuinterior_C1N2Lv3yWvp_2.jpg,furnitur-detail,furnitur-detail,0.7307,moved
2023-12-24_C1N2Lv3yWvp,daikuinterior_C1N2Lv3yWvp_3.jpg,furnitur-detail,furnitur-detail,0.5203,moved
2023-12-24_C1N2Lv3yWvp,daikuinterior_C1N2Lv3yWvp_4.jpg,furnitur-detail,furnitur-detail,0.5423,moved
2023-12-24_C1N2Lv3yWvp,daikuinterior_C1N2Lv3yWvp_5.jpg,furnitur-detail,furnitur-detail,0.7592,moved
2023-12-24_C1N2Lv3yWvp,daikuinterior_C1N2Lv3yWvp_6.jpg,furnitur-detail,furnitur-detail,0.6051,moved
2023-12-24_C1N2Lv3yWvp,daikuinterior_C1N2Lv3yWvp_7.jpg,perlu-ditinjau,perlu-ditinjau,0.2884,moved
2023-12-24_C1N2Lv3yWvp,daikuinterior_C1N2Lv3yWvp_8.jpg,furnitur-detail,furnitur-detail,0.5173,moved
2023-12-24_C1N2Lv3yWvp,daikuinterior_C1N2Lv3yWvp_9.jpg,kamar-tidur,furnitur-detail,0.3853,moved
2023-12-25_C1QrmHrxdYz,daikuinterior_C1QrmHrxdYz_0.jpg,ruang-usaha,ruang-usaha,0.4983,moved
2023-12-25_C1QrmHrxdYz,daikuinterior_C1QrmHrxdYz_1.jpg,furnitur-detail,ruang-usaha,0.3547,moved
2023-12-28_C1YcetuRFgg,daikuinterior_C1YcetuRFgg_0.jpg,eksterior,eksterior,0.9728,moved
2023-12-28_C1YcetuRFgg,daikuinterior_C1YcetuRFgg_1.jpg,eksterior,eksterior,0.9378,moved
2023-12-28_C1YcetuRFgg,daikuinterior_C1YcetuRFgg_2.jpg,eksterior,eksterior,0.7399,moved
2023-12-28_C1YcetuRFgg,daikuinterior_C1YcetuRFgg_3.jpg,eksterior,eksterior,0.6067,moved
2023-12-28_C1YcetuRFgg,daikuinterior_C1YcetuRFgg_4.jpg,ruang-usaha,eksterior,0.3796,moved
2023-12-28_C1YcetuRFgg,daikuinterior_C1YcetuRFgg_5.jpg,perlu-ditinjau,perlu-ditinjau,0.4354,moved
2023-12-29_C1a4BMzRTW4,daikuinterior_C1a4BMzRTW4_0.jpg,furnitur-detail,furnitur-detail,0.553,moved
2023-12-29_C1a4BMzRTW4,daikuinterior_C1a4BMzRTW4_1.jpg,furnitur-detail,furnitur-detail,0.5983,moved
2023-12-29_C1a4BMzRTW4,daikuinterior_C1a4BMzRTW4_2.jpg,furnitur-detail,furnitur-detail,0.5109,moved
2023-12-29_C1a4BMzRTW4,daikuinterior_C1a4BMzRTW4_3.jpg,ruang-kerja,furnitur-detail,0.4465,moved
2023-12-29_C1a4BMzRTW4,daikuinterior_C1a4BMzRTW4_4.jpg,furnitur-detail,furnitur-detail,0.4014,moved
2023-12-29_C1a4BMzRTW4,daikuinterior_C1a4BMzRTW4_5.jpg,furnitur-detail,furnitur-detail,0.5965,moved
2023-12-29_C1a4BMzRTW4,daikuinterior_C1a4BMzRTW4_6.jpg,kamar-tidur,furnitur-detail,0.4361,moved
2023-12-29_C1a4BMzRTW4,daikuinterior_C1a4BMzRTW4_7.jpg,kamar-tidur,furnitur-detail,0.4877,moved
2024-01-04_C1qR5VYxCru,daikuinterior_C1qR5VYxCru_0.jpg,kamar-tidur,kamar-tidur,0.4466,moved
2024-01-04_C1qR5VYxCru,daikuinterior_C1qR5VYxCru_1.jpg,ruang-usaha,kamar-tidur,0.8438,moved
2024-01-04_C1qR5VYxCru,daikuinterior_C1qR5VYxCru_2.jpg,furnitur-detail,kamar-tidur,0.4428,moved
2024-01-05_C1s3cVZRajZ,daikuinterior_C1s3cVZRajZ_0.jpg,furnitur-detail,furnitur-detail,0.5943,moved
2024-01-05_C1s3cVZRajZ,daikuinterior_C1s3cVZRajZ_1.jpg,perlu-ditinjau,perlu-ditinjau,0.2996,moved
2024-01-05_C1s3cVZRajZ,daikuinterior_C1s3cVZRajZ_2.jpg,furnitur-detail,furnitur-detail,0.4932,moved
2024-01-05_C1s3cVZRajZ,daikuinterior_C1s3cVZRajZ_3.jpg,furnitur-detail,furnitur-detail,0.6651,moved
2024-01-05_C1s3cVZRajZ,daikuinterior_C1s3cVZRajZ_4.jpg,perlu-ditinjau,perlu-ditinjau,0.3104,moved
2024-01-05_C1s3cVZRajZ,daikuinterior_C1s3cVZRajZ_5.jpg,furnitur-detail,furnitur-detail,0.4619,moved
2024-01-05_C1s3cVZRajZ,daikuinterior_C1s3cVZRajZ_6.jpg,furnitur-detail,furnitur-detail,0.7126,moved
2024-01-05_C1s3cVZRajZ,daikuinterior_C1s3cVZRajZ_7.jpg,furnitur-detail,furnitur-detail,0.7898,moved
2024-01-06_C1ve_1Sxijq,daikuinterior_C1ve_1Sxijq_0.jpg,dapur,dapur,0.9656,moved
2024-01-06_C1ve_1Sxijq,daikuinterior_C1ve_1Sxijq_1.jpg,dapur,dapur,0.9313,moved
2024-01-06_C1ve_1Sxijq,daikuinterior_C1ve_1Sxijq_2.jpg,furnitur-detail,dapur,0.4395,moved
2024-01-06_C1ve_1Sxijq,daikuinterior_C1ve_1Sxijq_3.jpg,dapur,dapur,0.7041,moved
2024-01-06_C1ve_1Sxijq,daikuinterior_C1ve_1Sxijq_4.jpg,dapur,dapur,0.7869,moved
2024-01-06_C1ve_1Sxijq,daikuinterior_C1ve_1Sxijq_5.jpg,furnitur-detail,dapur,0.7859,moved
2024-01-06_C1ve_1Sxijq,daikuinterior_C1ve_1Sxijq_6.jpg,furnitur-detail,dapur,0.3946,moved
2024-01-08_C10ld7QRQdz,daikuinterior_C10ld7QRQdz_0.jpg,kamar-tidur,kamar-tidur,0.9338,moved
2024-01-08_C10ld7QRQdz,daikuinterior_C10ld7QRQdz_1.jpg,kamar-tidur,kamar-tidur,0.9501,moved
2024-01-08_C10ld7QRQdz,daikuinterior_C10ld7QRQdz_2.jpg,kamar-tidur,kamar-tidur,0.9102,moved
2024-01-08_C10ld7QRQdz,daikuinterior_C10ld7QRQdz_3.jpg,kamar-tidur,kamar-tidur,0.9079,moved
2024-01-08_C10ld7QRQdz,daikuinterior_C10ld7QRQdz_4.jpg,kamar-tidur,kamar-tidur,0.9417,moved
2024-01-09_C13Gch_xMeh,daikuinterior_C13Gch_xMeh_0.jpg,dapur,dapur,0.9446,moved
2024-01-09_C13Gch_xMeh,daikuinterior_C13Gch_xMeh_1.jpg,dapur,dapur,0.8034,moved
2024-01-09_C13Gch_xMeh,daikuinterior_C13Gch_xMeh_2.jpg,dapur,dapur,0.9399,moved
2024-01-09_C13Gch_xMeh,daikuinterior_C13Gch_xMeh_3.jpg,dapur,dapur,0.7909,moved
2024-01-09_C13Gch_xMeh,daikuinterior_C13Gch_xMeh_4.jpg,dapur,dapur,0.8765,moved
2024-01-12_C1_V0B1xNGh,daikuinterior_C1_V0B1xNGh_0.jpg,dapur,dapur,0.8493,moved
2024-01-12_C1_V0B1xNGh,daikuinterior_C1_V0B1xNGh_1.jpg,dapur,dapur,0.9067,moved
2024-01-12_C1_V0B1xNGh,daikuinterior_C1_V0B1xNGh_2.jpg,dapur,dapur,0.9261,moved
2024-01-12_C1_V0B1xNGh,daikuinterior_C1_V0B1xNGh_3.jpg,dapur,dapur,0.7609,moved
2024-01-13_C2Btv-OxYiV,daikuinterior_C2Btv-OxYiV_0.jpg,kamar-tidur,furnitur-detail,0.6247,moved
2024-01-13_C2Btv-OxYiV,daikuinterior_C2Btv-OxYiV_1.jpg,kamar-mandi,furnitur-detail,0.8966,moved
2024-01-13_C2Btv-OxYiV,daikuinterior_C2Btv-OxYiV_2.jpg,furnitur-detail,furnitur-detail,0.4449,moved
2024-01-13_C2Btv-OxYiV,daikuinterior_C2Btv-OxYiV_3.jpg,ruang-usaha,furnitur-detail,0.4107,moved
2024-01-13_C2Btv-OxYiV,daikuinterior_C2Btv-OxYiV_4.jpg,furnitur-detail,furnitur-detail,0.5794,moved
2024-01-13_C2Btv-OxYiV,daikuinterior_C2Btv-OxYiV_5.jpg,ruang-usaha,furnitur-detail,0.3694,moved
2024-01-15_C2Goo6kxRT0,daikuinterior_C2Goo6kxRT0_0.jpg,kamar-mandi,kamar-mandi,0.738,moved
2024-01-15_C2Goo6kxRT0,daikuinterior_C2Goo6kxRT0_1.jpg,furnitur-detail,kamar-mandi,0.6038,moved
2024-01-15_C2Goo6kxRT0,daikuinterior_C2Goo6kxRT0_2.jpg,perlu-ditinjau,perlu-ditinjau,0.2441,moved
2024-01-15_C2Goo6kxRT0,daikuinterior_C2Goo6kxRT0_3.jpg,kamar-mandi,kamar-mandi,0.7984,moved
2024-01-15_C2Goo6kxRT0,daikuinterior_C2Goo6kxRT0_4.jpg,furnitur-detail,kamar-mandi,0.3968,moved
2024-01-15_C2Goo6kxRT0,daikuinterior_C2Goo6kxRT0_5.jpg,kamar-mandi,kamar-mandi,0.4349,moved
2024-01-15_C2Gt_RMxC5Z,daikuinterior_C2Gt_RMxC5Z_0.jpg,furnitur-detail,furnitur-detail,0.9064,moved
2024-01-15_C2Gt_RMxC5Z,daikuinterior_C2Gt_RMxC5Z_1.jpg,furnitur-detail,furnitur-detail,0.7381,moved
2024-01-15_C2Gt_RMxC5Z,daikuinterior_C2Gt_RMxC5Z_2.jpg,furnitur-detail,furnitur-detail,0.7744,moved
2024-01-15_C2Gt_RMxC5Z,daikuinterior_C2Gt_RMxC5Z_3.jpg,furnitur-detail,furnitur-detail,0.79,moved
2024-01-16_C2JotmIRb-N,daikuinterior_C2JotmIRb-N_0.jpg,kamar-tidur,kamar-tidur,0.9144,moved
2024-01-16_C2JotmIRb-N,daikuinterior_C2JotmIRb-N_1.jpg,kamar-tidur,kamar-tidur,0.8805,moved
2024-01-16_C2JotmIRb-N,daikuinterior_C2JotmIRb-N_2.jpg,kamar-tidur,kamar-tidur,0.6867,moved
2024-01-16_C2JotmIRb-N,daikuinterior_C2JotmIRb-N_3.jpg,kamar-tidur,kamar-tidur,0.8452,moved
2024-01-16_C2JotmIRb-N,daikuinterior_C2JotmIRb-N_4.jpg,kamar-tidur,kamar-tidur,0.9562,moved
2024-01-17_C2LxX2vRNAx,daikuinterior_C2LxX2vRNAx_0.jpg,kamar-tidur,kamar-tidur,0.7795,moved
2024-01-17_C2LxX2vRNAx,daikuinterior_C2LxX2vRNAx_1.jpg,kamar-tidur,kamar-tidur,0.8835,moved
2024-01-17_C2LxX2vRNAx,daikuinterior_C2LxX2vRNAx_2.jpg,furnitur-detail,kamar-tidur,0.382,moved
2024-01-17_C2LxX2vRNAx,daikuinterior_C2LxX2vRNAx_3.jpg,furnitur-detail,kamar-tidur,0.3969,moved
2024-01-17_C2LxX2vRNAx,daikuinterior_C2LxX2vRNAx_4.jpg,kamar-tidur,kamar-tidur,0.6649,moved
2024-01-17_C2LxX2vRNAx,daikuinterior_C2LxX2vRNAx_5.jpg,furnitur-detail,kamar-tidur,0.4974,moved
2024-01-17_C2LxX2vRNAx,daikuinterior_C2LxX2vRNAx_6.jpg,kamar-tidur,kamar-tidur,0.6705,moved
2024-01-18_C2OX6_3RMK0,daikuinterior_C2OX6_3RMK0_0.jpg,kamar-mandi,kamar-mandi,0.9845,moved
2024-01-18_C2OX6_3RMK0,daikuinterior_C2OX6_3RMK0_1.jpg,kamar-mandi,kamar-mandi,0.9628,moved
2024-01-18_C2OX6_3RMK0,daikuinterior_C2OX6_3RMK0_2.jpg,kamar-mandi,kamar-mandi,0.9829,moved
2024-01-19_C2Q-sv2RwWe,daikuinterior_C2Q-sv2RwWe_0.jpg,dapur,ruang-usaha,0.3467,moved
2024-01-19_C2Q-sv2RwWe,daikuinterior_C2Q-sv2RwWe_1.jpg,ruang-usaha,ruang-usaha,0.7436,moved
2024-01-19_C2Q-sv2RwWe,daikuinterior_C2Q-sv2RwWe_2.jpg,ruang-usaha,ruang-usaha,0.6576,moved
2024-01-19_C2Q6zQZxnAk,daikuinterior_C2Q6zQZxnAk_0.jpg,dapur,dapur,0.8454,moved
2024-01-19_C2Q6zQZxnAk,daikuinterior_C2Q6zQZxnAk_1.jpg,dapur,dapur,0.7998,moved
2024-01-19_C2Q6zQZxnAk,daikuinterior_C2Q6zQZxnAk_2.jpg,dapur,dapur,0.9603,moved
2024-01-19_C2Q6zQZxnAk,daikuinterior_C2Q6zQZxnAk_3.jpg,dapur,dapur,0.7953,moved
2024-01-19_C2Q6zQZxnAk,daikuinterior_C2Q6zQZxnAk_4.jpg,dapur,dapur,0.9343,moved
2024-01-19_C2Q6zQZxnAk,daikuinterior_C2Q6zQZxnAk_5.jpg,dapur,dapur,0.9073,moved
2024-01-19_C2Q6zQZxnAk,daikuinterior_C2Q6zQZxnAk_6.jpg,dapur,dapur,0.89,moved
2024-01-19_C2Q6zQZxnAk,daikuinterior_C2Q6zQZxnAk_7.jpg,dapur,dapur,0.9132,moved
2024-01-20_C2T0ePGRZ6n,daikuinterior_C2T0ePGRZ6n_0.jpg,furnitur-detail,furnitur-detail,0.5638,moved
2024-01-20_C2T0ePGRZ6n,daikuinterior_C2T0ePGRZ6n_1.jpg,kamar-mandi,furnitur-detail,0.9313,moved
2024-01-20_C2T0ePGRZ6n,daikuinterior_C2T0ePGRZ6n_2.jpg,furnitur-detail,furnitur-detail,0.47,moved
2024-01-20_C2T0ePGRZ6n,daikuinterior_C2T0ePGRZ6n_3.jpg,furnitur-detail,furnitur-detail,0.509,moved
2024-01-20_C2T0ePGRZ6n,daikuinterior_C2T0ePGRZ6n_4.jpg,kamar-mandi,furnitur-detail,0.6135,moved
2024-01-20_C2TfPXLRNNA,daikuinterior_C2TfPXLRNNA_0.jpg,kamar-mandi,kamar-tidur,0.8025,moved
2024-01-20_C2TfPXLRNNA,daikuinterior_C2TfPXLRNNA_1.jpg,kamar-tidur,kamar-tidur,0.7304,moved
2024-01-20_C2TfPXLRNNA,daikuinterior_C2TfPXLRNNA_2.jpg,kamar-tidur,kamar-tidur,0.8164,moved
2024-01-20_C2TfPXLRNNA,daikuinterior_C2TfPXLRNNA_3.jpg,kamar-mandi,kamar-tidur,0.7635,moved
2024-01-20_C2TfPXLRNNA,daikuinterior_C2TfPXLRNNA_4.jpg,kamar-tidur,kamar-tidur,0.9111,moved
2024-01-20_C2TfPXLRNNA,daikuinterior_C2TfPXLRNNA_5.jpg,kamar-tidur,kamar-tidur,0.801,moved
2024-01-20_C2TfPXLRNNA,daikuinterior_C2TfPXLRNNA_6.jpg,kamar-tidur,kamar-tidur,0.8211,moved
2024-01-21_C2WF9HExdBj,daikuinterior_C2WF9HExdBj_0.jpg,kamar-mandi,kamar-mandi,0.4912,moved
2024-01-21_C2WF9HExdBj,daikuinterior_C2WF9HExdBj_1.jpg,kamar-mandi,kamar-mandi,0.3883,moved
2024-01-21_C2WF9HExdBj,daikuinterior_C2WF9HExdBj_2.jpg,furnitur-detail,kamar-mandi,0.4533,moved
2024-01-21_C2WF9HExdBj,daikuinterior_C2WF9HExdBj_3.jpg,kamar-mandi,kamar-mandi,0.5993,moved
2024-01-22_C2YscJTRnPj,daikuinterior_C2YscJTRnPj_0.jpg,furnitur-detail,kamar-mandi,0.5329,moved
2024-01-22_C2YscJTRnPj,daikuinterior_C2YscJTRnPj_1.jpg,kamar-mandi,kamar-mandi,0.8384,moved
2024-01-22_C2YscJTRnPj,daikuinterior_C2YscJTRnPj_2.jpg,furnitur-detail,kamar-mandi,0.484,moved
2024-01-22_C2YscJTRnPj,daikuinterior_C2YscJTRnPj_3.jpg,ruang-usaha,kamar-mandi,0.3914,moved
2024-01-22_C2YscJTRnPj,daikuinterior_C2YscJTRnPj_4.jpg,kamar-mandi,kamar-mandi,0.3961,moved
2024-01-22_C2YscJTRnPj,daikuinterior_C2YscJTRnPj_5.jpg,kamar-mandi,kamar-mandi,0.563,moved
2024-01-23_C2bTH2vxsgg,daikuinterior_C2bTH2vxsgg_0.jpg,dapur,dapur,0.9348,moved
2024-01-23_C2bTH2vxsgg,daikuinterior_C2bTH2vxsgg_1.jpg,dapur,dapur,0.9333,moved
2024-01-23_C2bTH2vxsgg,daikuinterior_C2bTH2vxsgg_2.jpg,dapur,dapur,0.8546,moved
2024-01-23_C2bTH2vxsgg,daikuinterior_C2bTH2vxsgg_3.jpg,dapur,dapur,0.9141,moved
2024-01-23_C2bTH2vxsgg,daikuinterior_C2bTH2vxsgg_4.jpg,dapur,dapur,0.8962,moved
2024-01-23_C2bTH2vxsgg,daikuinterior_C2bTH2vxsgg_5.jpg,dapur,dapur,0.6634,moved
2024-01-23_C2bTH2vxsgg,daikuinterior_C2bTH2vxsgg_6.jpg,dapur,dapur,0.5543,moved
2024-01-23_C2bTH2vxsgg,daikuinterior_C2bTH2vxsgg_7.jpg,dapur,dapur,0.851,moved
2024-01-23_C2bTH2vxsgg,daikuinterior_C2bTH2vxsgg_8.jpg,dapur,dapur,0.8999,moved
2024-01-24_C2eYMIjx4n1,daikuinterior_C2eYMIjx4n1_0.jpg,ruang-usaha,ruang-usaha,0.7318,moved
2024-01-24_C2eYMIjx4n1,daikuinterior_C2eYMIjx4n1_1.jpg,ruang-usaha,ruang-usaha,0.9805,moved
2024-01-24_C2eYMIjx4n1,daikuinterior_C2eYMIjx4n1_2.jpg,ruang-usaha,ruang-usaha,0.8303,moved
2024-01-24_C2eYMIjx4n1,daikuinterior_C2eYMIjx4n1_3.jpg,ruang-usaha,ruang-usaha,0.723,moved
2024-01-24_C2eYMIjx4n1,daikuinterior_C2eYMIjx4n1_4.jpg,ruang-usaha,ruang-usaha,0.9711,moved
2024-01-24_C2eYMIjx4n1,daikuinterior_C2eYMIjx4n1_5.jpg,ruang-usaha,ruang-usaha,0.9283,moved
2024-01-24_C2eYMIjx4n1,daikuinterior_C2eYMIjx4n1_6.jpg,ruang-usaha,ruang-usaha,0.9266,moved
2024-01-26_C2jFAu0xgfC,daikuinterior_C2jFAu0xgfC_0.jpg,perlu-ditinjau,perlu-ditinjau,0.3705,moved
2024-01-26_C2jFAu0xgfC,daikuinterior_C2jFAu0xgfC_1.jpg,kamar-tidur,ruang-usaha,0.3999,moved
2024-01-26_C2jFAu0xgfC,daikuinterior_C2jFAu0xgfC_2.jpg,kamar-mandi,ruang-usaha,0.389,moved
2024-01-26_C2jFAu0xgfC,daikuinterior_C2jFAu0xgfC_3.jpg,ruang-usaha,ruang-usaha,0.4223,moved
2024-01-26_C2jFAu0xgfC,daikuinterior_C2jFAu0xgfC_4.jpg,ruang-usaha,ruang-usaha,0.3457,moved
2024-01-27_C2lhU1GxuWT,daikuinterior_C2lhU1GxuWT_0.jpg,dapur,dapur,0.9005,moved
2024-01-27_C2lhU1GxuWT,daikuinterior_C2lhU1GxuWT_1.jpg,dapur,dapur,0.8753,moved
2024-01-27_C2lhU1GxuWT,daikuinterior_C2lhU1GxuWT_2.jpg,dapur,dapur,0.8922,moved
2024-01-27_C2lhU1GxuWT,daikuinterior_C2lhU1GxuWT_3.jpg,dapur,dapur,0.8831,moved
2024-01-27_C2lhU1GxuWT,daikuinterior_C2lhU1GxuWT_4.jpg,dapur,dapur,0.8957,moved
2024-01-27_C2lhU1GxuWT,daikuinterior_C2lhU1GxuWT_5.jpg,dapur,dapur,0.8856,moved
2024-01-27_C2lhU1GxuWT,daikuinterior_C2lhU1GxuWT_6.jpg,dapur,dapur,0.924,moved
2024-01-27_C2lhU1GxuWT,daikuinterior_C2lhU1GxuWT_7.jpg,dapur,dapur,0.9547,moved
2024-01-27_C2lhU1GxuWT,daikuinterior_C2lhU1GxuWT_8.jpg,dapur,dapur,0.957,moved
2024-01-27_C2lhU1GxuWT,daikuinterior_C2lhU1GxuWT_9.jpg,dapur,dapur,0.8744,moved
2024-01-29_C2qtH1qxGOW,daikuinterior_C2qtH1qxGOW_0.jpg,kamar-tidur,kamar-tidur,0.8945,moved
2024-01-29_C2qtH1qxGOW,daikuinterior_C2qtH1qxGOW_1.jpg,kamar-tidur,kamar-tidur,0.6991,moved
2024-01-29_C2qtH1qxGOW,daikuinterior_C2qtH1qxGOW_2.jpg,kamar-tidur,kamar-tidur,0.8741,moved
2024-01-29_C2qtH1qxGOW,daikuinterior_C2qtH1qxGOW_3.jpg,kamar-tidur,kamar-tidur,0.7844,moved
2024-01-29_C2qtH1qxGOW,daikuinterior_C2qtH1qxGOW_4.jpg,kamar-mandi,kamar-tidur,0.8342,moved
2024-01-29_C2qtH1qxGOW,daikuinterior_C2qtH1qxGOW_5.jpg,kamar-tidur,kamar-tidur,0.8429,moved
2024-01-30_C2tUAa3Rqjk,daikuinterior_C2tUAa3Rqjk_0.jpg,kamar-tidur,kamar-tidur,0.4892,moved
2024-01-30_C2tUAa3Rqjk,daikuinterior_C2tUAa3Rqjk_1.jpg,furnitur-detail,kamar-tidur,0.5253,moved
2024-01-30_C2tUAa3Rqjk,daikuinterior_C2tUAa3Rqjk_2.jpg,kamar-tidur,kamar-tidur,0.5835,moved
2024-01-30_C2tUAa3Rqjk,daikuinterior_C2tUAa3Rqjk_3.jpg,furnitur-detail,kamar-tidur,0.4682,moved
2024-01-30_C2tUAa3Rqjk,daikuinterior_C2tUAa3Rqjk_4.jpg,kamar-tidur,kamar-tidur,0.8334,moved
2024-01-30_C2tUAa3Rqjk,daikuinterior_C2tUAa3Rqjk_5.jpg,ruang-keluarga,kamar-tidur,0.6562,moved
2024-01-30_C2tUAa3Rqjk,daikuinterior_C2tUAa3Rqjk_6.jpg,kamar-tidur,kamar-tidur,0.8677,moved
2024-02-02_C21fG9PRk6K,daikuinterior_C21fG9PRk6K_0.jpg,dapur,dapur,0.7463,moved
2024-02-02_C21fG9PRk6K,daikuinterior_C21fG9PRk6K_1.jpg,dapur,dapur,0.7459,moved
2024-02-02_C21fG9PRk6K,daikuinterior_C21fG9PRk6K_2.jpg,dapur,dapur,0.6373,moved
2024-02-02_C21fG9PRk6K,daikuinterior_C21fG9PRk6K_3.jpg,dapur,dapur,0.8586,moved
2024-02-02_C21fG9PRk6K,daikuinterior_C21fG9PRk6K_4.jpg,dapur,dapur,0.8163,moved
2024-02-02_C21fG9PRk6K,daikuinterior_C21fG9PRk6K_5.jpg,ruang-usaha,dapur,0.5983,moved
2024-02-02_C21fG9PRk6K,daikuinterior_C21fG9PRk6K_6.jpg,dapur,dapur,0.7,moved
2024-02-03_C23-TbkxmoL,daikuinterior_C23-TbkxmoL_0.jpg,furnitur-detail,furnitur-detail,0.7437,moved
2024-02-03_C23-TbkxmoL,daikuinterior_C23-TbkxmoL_1.jpg,furnitur-detail,furnitur-detail,0.7282,moved
2024-02-03_C23-TbkxmoL,daikuinterior_C23-TbkxmoL_2.jpg,furnitur-detail,furnitur-detail,0.7367,moved
2024-02-03_C23-TbkxmoL,daikuinterior_C23-TbkxmoL_3.jpg,furnitur-detail,furnitur-detail,0.4781,moved
2024-02-03_C23-TbkxmoL,daikuinterior_C23-TbkxmoL_4.jpg,furnitur-detail,furnitur-detail,0.7759,moved
2024-02-03_C23yWSWR6ub,daikuinterior_C23yWSWR6ub_0.jpg,kamar-tidur,kamar-tidur,0.7894,moved
2024-02-03_C23yWSWR6ub,daikuinterior_C23yWSWR6ub_1.jpg,kamar-mandi,kamar-tidur,0.6887,moved
2024-02-03_C23yWSWR6ub,daikuinterior_C23yWSWR6ub_2.jpg,kamar-tidur,kamar-tidur,0.9106,moved
2024-02-03_C23yWSWR6ub,daikuinterior_C23yWSWR6ub_3.jpg,kamar-tidur,kamar-tidur,0.653,moved
2024-02-03_C23yWSWR6ub,daikuinterior_C23yWSWR6ub_4.jpg,kamar-tidur,kamar-tidur,0.8671,moved
2024-02-05_C283rLaRrZY,daikuinterior_C283rLaRrZY_0.jpg,furnitur-detail,ruang-usaha,0.7251,moved
2024-02-05_C283rLaRrZY,daikuinterior_C283rLaRrZY_1.jpg,ruang-usaha,ruang-usaha,0.5949,moved
2024-02-05_C283rLaRrZY,daikuinterior_C283rLaRrZY_2.jpg,ruang-usaha,ruang-usaha,0.5322,moved
2024-02-06_C2_WKpgR7Cl,daikuinterior_C2_WKpgR7Cl_0.jpg,furnitur-detail,furnitur-detail,0.7223,moved
2024-02-06_C2_WKpgR7Cl,daikuinterior_C2_WKpgR7Cl_1.jpg,furnitur-detail,furnitur-detail,0.4352,moved
2024-02-06_C2_WKpgR7Cl,daikuinterior_C2_WKpgR7Cl_2.jpg,furnitur-detail,furnitur-detail,0.8171,moved
2024-02-06_C2_WKpgR7Cl,daikuinterior_C2_WKpgR7Cl_3.jpg,furnitur-detail,furnitur-detail,0.8727,moved
2024-02-07_C3B8WncxdmN,daikuinterior_C3B8WncxdmN_0.jpg,kamar-mandi,kamar-mandi,0.8083,moved
2024-02-07_C3B8WncxdmN,daikuinterior_C3B8WncxdmN_1.jpg,kamar-mandi,kamar-mandi,0.921,moved
2024-02-07_C3B8WncxdmN,daikuinterior_C3B8WncxdmN_2.jpg,kamar-mandi,kamar-mandi,0.7173,moved
2024-02-07_C3B8WncxdmN,daikuinterior_C3B8WncxdmN_3.jpg,perlu-ditinjau,perlu-ditinjau,0.2971,moved
2024-02-07_C3B8WncxdmN,daikuinterior_C3B8WncxdmN_4.jpg,ruang-keluarga,kamar-mandi,0.4772,moved
2024-02-07_C3CVecwRrJK,daikuinterior_C3CVecwRrJK_0.jpg,kamar-tidur,kamar-tidur,0.4798,moved
2024-02-07_C3CVecwRrJK,daikuinterior_C3CVecwRrJK_1.jpg,kamar-tidur,kamar-tidur,0.4104,moved
2024-02-07_C3CVecwRrJK,daikuinterior_C3CVecwRrJK_2.jpg,furnitur-detail,kamar-tidur,0.547,moved
2024-02-07_C3CVecwRrJK,daikuinterior_C3CVecwRrJK_3.jpg,furnitur-detail,kamar-tidur,0.5549,moved
2024-02-07_C3CVecwRrJK,daikuinterior_C3CVecwRrJK_4.jpg,furnitur-detail,kamar-tidur,0.4404,moved
2024-02-07_C3CVecwRrJK,daikuinterior_C3CVecwRrJK_5.jpg,kamar-mandi,kamar-tidur,0.8432,moved
2024-02-07_C3CVecwRrJK,daikuinterior_C3CVecwRrJK_6.jpg,kamar-tidur,kamar-tidur,0.7179,moved
2024-02-07_C3CVecwRrJK,daikuinterior_C3CVecwRrJK_7.jpg,kamar-tidur,kamar-tidur,0.3603,moved
2024-02-07_C3CVecwRrJK,daikuinterior_C3CVecwRrJK_8.jpg,furnitur-detail,kamar-tidur,0.3999,moved
2024-02-07_C3ED7AYyjfU,daikuinterior_C3ED7AYyjfU_0.jpg,promosi,promosi,0.9723,moved
2024-02-09_C3G8XK7xyUW,daikuinterior_C3G8XK7xyUW_0.jpg,kamar-mandi,kamar-mandi,0.8515,moved
2024-02-09_C3G8XK7xyUW,daikuinterior_C3G8XK7xyUW_1.jpg,kamar-mandi,kamar-mandi,0.7544,moved
2024-02-09_C3G8XK7xyUW,daikuinterior_C3G8XK7xyUW_2.jpg,kamar-mandi,kamar-mandi,0.8011,moved
2024-02-10_C3JltrTRvdT,daikuinterior_C3JltrTRvdT_0.jpg,ruang-usaha,furnitur-detail,0.9296,moved
2024-02-10_C3JltrTRvdT,daikuinterior_C3JltrTRvdT_1.jpg,furnitur-detail,furnitur-detail,0.5286,moved
2024-02-10_C3JltrTRvdT,daikuinterior_C3JltrTRvdT_2.jpg,furnitur-detail,furnitur-detail,0.7786,moved
2024-02-10_C3JYbmGyKL4,daikuinterior_C3JYbmGyKL4_0.jpg,promosi,promosi,0.9974,moved
2024-02-11_C3Mpwl-RRTI,daikuinterior_C3Mpwl-RRTI_0.jpg,ruang-usaha,kamar-mandi,0.3824,moved
2024-02-11_C3Mpwl-RRTI,daikuinterior_C3Mpwl-RRTI_1.jpg,furnitur-detail,kamar-mandi,0.4033,moved
2024-02-11_C3Mpwl-RRTI,daikuinterior_C3Mpwl-RRTI_2.jpg,furnitur-detail,kamar-mandi,0.3471,moved
2024-02-11_C3Mpwl-RRTI,daikuinterior_C3Mpwl-RRTI_3.jpg,kamar-mandi,kamar-mandi,0.9366,moved
2024-02-11_C3Mpwl-RRTI,daikuinterior_C3Mpwl-RRTI_4.jpg,kamar-mandi,kamar-mandi,0.8129,moved
2024-02-11_C3Mpwl-RRTI,daikuinterior_C3Mpwl-RRTI_5.jpg,perlu-ditinjau,perlu-ditinjau,0.3209,moved
2024-02-11_C3Mpwl-RRTI,daikuinterior_C3Mpwl-RRTI_6.jpg,kamar-mandi,kamar-mandi,0.5861,moved
2024-02-16_C3Z48VPRw3Q,daikuinterior_C3Z48VPRw3Q_0.jpg,perlu-ditinjau,perlu-ditinjau,0.2987,moved
2024-02-16_C3Z48VPRw3Q,daikuinterior_C3Z48VPRw3Q_1.jpg,kamar-mandi,kamar-mandi,0.3702,moved
2024-02-16_C3Z48VPRw3Q,daikuinterior_C3Z48VPRw3Q_2.jpg,ruang-usaha,kamar-mandi,0.4429,moved
2024-02-16_C3Z48VPRw3Q,daikuinterior_C3Z48VPRw3Q_3.jpg,ruang-keluarga,kamar-mandi,0.4015,moved
2024-02-16_C3Z48VPRw3Q,daikuinterior_C3Z48VPRw3Q_4.jpg,kamar-mandi,kamar-mandi,0.8946,moved
2024-02-19_C3g30EaRgON,daikuinterior_C3g30EaRgON_0.jpg,ruang-keluarga,kamar-mandi,0.54,moved
2024-02-19_C3g30EaRgON,daikuinterior_C3g30EaRgON_1.jpg,kamar-mandi,kamar-mandi,0.6138,moved
2024-02-19_C3g30EaRgON,daikuinterior_C3g30EaRgON_2.jpg,kamar-mandi,kamar-mandi,0.7329,moved
2024-02-19_C3g30EaRgON,daikuinterior_C3g30EaRgON_3.jpg,kamar-mandi,kamar-mandi,0.5105,moved
2024-02-21_C3m9iWQxVdS,daikuinterior_C3m9iWQxVdS_0.jpg,furnitur-detail,furnitur-detail,0.4716,moved
2024-02-21_C3m9iWQxVdS,daikuinterior_C3m9iWQxVdS_1.jpg,perlu-ditinjau,perlu-ditinjau,0.2784,moved
2024-02-21_C3m9iWQxVdS,daikuinterior_C3m9iWQxVdS_2.jpg,furnitur-detail,furnitur-detail,0.4997,moved
2024-02-21_C3m9iWQxVdS,daikuinterior_C3m9iWQxVdS_3.jpg,perlu-ditinjau,perlu-ditinjau,0.3313,moved
2024-02-21_C3m9iWQxVdS,daikuinterior_C3m9iWQxVdS_4.jpg,ruang-usaha,furnitur-detail,0.3621,moved
2024-02-21_C3m9iWQxVdS,daikuinterior_C3m9iWQxVdS_5.jpg,furnitur-detail,furnitur-detail,0.6409,moved
2024-02-21_C3m9iWQxVdS,daikuinterior_C3m9iWQxVdS_6.jpg,furnitur-detail,furnitur-detail,0.3887,moved
2024-02-21_C3m9iWQxVdS,daikuinterior_C3m9iWQxVdS_7.jpg,ruang-keluarga,furnitur-detail,0.4385,moved
2024-02-21_C3m9iWQxVdS,daikuinterior_C3m9iWQxVdS_8.jpg,furnitur-detail,furnitur-detail,0.6798,moved
2024-02-21_C3mqfspxelj,daikuinterior_C3mqfspxelj_0.jpg,dapur,dapur,0.8171,moved
2024-02-21_C3mqfspxelj,daikuinterior_C3mqfspxelj_1.jpg,dapur,dapur,0.9531,moved
2024-02-21_C3mqfspxelj,daikuinterior_C3mqfspxelj_2.jpg,dapur,dapur,0.8713,moved
2024-02-22_C3pkbvFxnIo,daikuinterior_C3pkbvFxnIo_0.jpg,furnitur-detail,furnitur-detail,0.687,moved
2024-02-22_C3pkbvFxnIo,daikuinterior_C3pkbvFxnIo_1.jpg,furnitur-detail,furnitur-detail,0.8532,moved
2024-02-22_C3pkbvFxnIo,daikuinterior_C3pkbvFxnIo_2.jpg,furnitur-detail,furnitur-detail,0.4932,moved
2024-02-22_C3pkbvFxnIo,daikuinterior_C3pkbvFxnIo_3.jpg,furnitur-detail,furnitur-detail,0.6386,moved
2024-02-22_C3pkbvFxnIo,daikuinterior_C3pkbvFxnIo_4.jpg,furnitur-detail,furnitur-detail,0.5973,moved
2024-02-22_C3pkbvFxnIo,daikuinterior_C3pkbvFxnIo_5.jpg,furnitur-detail,furnitur-detail,0.7277,moved
2024-02-22_C3pkbvFxnIo,daikuinterior_C3pkbvFxnIo_6.jpg,furnitur-detail,furnitur-detail,0.6812,moved
2024-02-22_C3pkbvFxnIo,daikuinterior_C3pkbvFxnIo_7.jpg,furnitur-detail,furnitur-detail,0.7299,moved
2024-02-22_C3pksxFxlaL,daikuinterior_C3pksxFxlaL_0.jpg,perlu-ditinjau,perlu-ditinjau,0.3036,moved
2024-02-22_C3pksxFxlaL,daikuinterior_C3pksxFxlaL_1.jpg,furnitur-detail,furnitur-detail,0.5799,moved
2024-02-22_C3pksxFxlaL,daikuinterior_C3pksxFxlaL_2.jpg,furnitur-detail,furnitur-detail,0.5717,moved
2024-02-22_C3pksxFxlaL,daikuinterior_C3pksxFxlaL_3.jpg,furnitur-detail,furnitur-detail,0.5923,moved
2024-02-22_C3pksxFxlaL,daikuinterior_C3pksxFxlaL_4.jpg,ruang-keluarga,furnitur-detail,0.4443,moved
2024-02-22_C3pksxFxlaL,daikuinterior_C3pksxFxlaL_5.jpg,furnitur-detail,furnitur-detail,0.4793,moved
2024-02-22_C3pksxFxlaL,daikuinterior_C3pksxFxlaL_6.jpg,furnitur-detail,furnitur-detail,0.6412,moved
2024-02-22_C3pkwPbR2rr,daikuinterior_C3pkwPbR2rr_0.jpg,furnitur-detail,furnitur-detail,0.6125,moved
2024-02-22_C3pkwPbR2rr,daikuinterior_C3pkwPbR2rr_1.jpg,kamar-mandi,furnitur-detail,0.4108,moved
2024-02-22_C3pkwPbR2rr,daikuinterior_C3pkwPbR2rr_2.jpg,kamar-mandi,furnitur-detail,0.514,moved
2024-02-22_C3pkwPbR2rr,daikuinterior_C3pkwPbR2rr_3.jpg,furnitur-detail,furnitur-detail,0.6675,moved
2024-02-22_C3pkwPbR2rr,daikuinterior_C3pkwPbR2rr_4.jpg,furnitur-detail,furnitur-detail,0.6473,moved
2024-02-22_C3pkwPbR2rr,daikuinterior_C3pkwPbR2rr_5.jpg,furnitur-detail,furnitur-detail,0.6038,moved
2024-02-22_C3plFu2R2Q9,daikuinterior_C3plFu2R2Q9_0.jpg,furnitur-detail,furnitur-detail,0.8707,moved
2024-02-22_C3plFu2R2Q9,daikuinterior_C3plFu2R2Q9_1.jpg,furnitur-detail,furnitur-detail,0.7157,moved
2024-02-22_C3plFu2R2Q9,daikuinterior_C3plFu2R2Q9_2.jpg,furnitur-detail,furnitur-detail,0.8241,moved
2024-02-22_C3plFu2R2Q9,daikuinterior_C3plFu2R2Q9_3.jpg,furnitur-detail,furnitur-detail,0.8325,moved
2024-02-22_C3plR0Dxf9e,daikuinterior_C3plR0Dxf9e_0.jpg,ruang-usaha,ruang-usaha,0.7155,moved
2024-02-22_C3plR0Dxf9e,daikuinterior_C3plR0Dxf9e_1.jpg,perlu-ditinjau,perlu-ditinjau,0.3285,moved
2024-02-22_C3plR0Dxf9e,daikuinterior_C3plR0Dxf9e_2.jpg,kamar-mandi,ruang-usaha,0.6766,moved
2024-02-22_C3plR0Dxf9e,daikuinterior_C3plR0Dxf9e_3.jpg,ruang-usaha,ruang-usaha,0.6361,moved
2024-02-22_C3plR0Dxf9e,daikuinterior_C3plR0Dxf9e_4.jpg,eksterior,ruang-usaha,0.6684,moved
2024-02-22_C3plR0Dxf9e,daikuinterior_C3plR0Dxf9e_5.jpg,ruang-usaha,ruang-usaha,0.5996,moved
2024-02-22_C3plR0Dxf9e,daikuinterior_C3plR0Dxf9e_6.jpg,furnitur-detail,ruang-usaha,0.4193,moved
2024-02-23_C3r01kyRM-I,daikuinterior_C3r01kyRM-I_0.jpg,ruang-usaha,furnitur-detail,0.514,moved
2024-02-23_C3r01kyRM-I,daikuinterior_C3r01kyRM-I_1.jpg,perlu-ditinjau,perlu-ditinjau,0.2866,moved
2024-02-23_C3r01kyRM-I,daikuinterior_C3r01kyRM-I_2.jpg,furnitur-detail,furnitur-detail,0.5106,moved
2024-02-23_C3r01kyRM-I,daikuinterior_C3r01kyRM-I_3.jpg,furnitur-detail,furnitur-detail,0.5292,moved
2024-02-23_C3r01kyRM-I,daikuinterior_C3r01kyRM-I_4.jpg,perlu-ditinjau,perlu-ditinjau,0.3122,moved
2024-02-23_C3r01kyRM-I,daikuinterior_C3r01kyRM-I_5.jpg,furnitur-detail,furnitur-detail,0.5235,moved
2024-02-23_C3r01kyRM-I,daikuinterior_C3r01kyRM-I_6.jpg,furnitur-detail,furnitur-detail,0.5634,moved
2024-02-23_C3r01kyRM-I,daikuinterior_C3r01kyRM-I_7.jpg,kamar-mandi,furnitur-detail,0.8775,moved
2024-02-23_C3r0acSRanF,daikuinterior_C3r0acSRanF_0.jpg,ruang-usaha,ruang-usaha,0.992,moved
2024-02-23_C3r0acSRanF,daikuinterior_C3r0acSRanF_1.jpg,ruang-usaha,ruang-usaha,0.9686,moved
2024-02-23_C3r0acSRanF,daikuinterior_C3r0acSRanF_2.jpg,ruang-usaha,ruang-usaha,0.9885,moved
2024-02-23_C3r0acSRanF,daikuinterior_C3r0acSRanF_3.jpg,ruang-usaha,ruang-usaha,0.9875,moved
2024-02-23_C3r0acSRanF,daikuinterior_C3r0acSRanF_4.jpg,ruang-usaha,ruang-usaha,0.9459,moved
2024-02-23_C3r0acSRanF,daikuinterior_C3r0acSRanF_5.jpg,ruang-usaha,ruang-usaha,0.9493,moved
2024-02-23_C3r0acSRanF,daikuinterior_C3r0acSRanF_6.jpg,ruang-usaha,ruang-usaha,0.9854,moved
2024-02-23_C3r0p5DxDGd,daikuinterior_C3r0p5DxDGd_0.jpg,ruang-usaha,ruang-usaha,0.3481,moved
2024-02-23_C3r0p5DxDGd,daikuinterior_C3r0p5DxDGd_1.jpg,furnitur-detail,ruang-usaha,0.4018,moved
2024-02-23_C3r0p5DxDGd,daikuinterior_C3r0p5DxDGd_2.jpg,ruang-usaha,ruang-usaha,0.3938,moved
2024-02-23_C3r0u4nRr-O,daikuinterior_C3r0u4nRr-O_0.jpg,dapur,dapur,0.9041,moved
2024-02-23_C3r0u4nRr-O,daikuinterior_C3r0u4nRr-O_1.jpg,dapur,dapur,0.9174,moved
2024-02-23_C3r0u4nRr-O,daikuinterior_C3r0u4nRr-O_2.jpg,dapur,dapur,0.9294,moved
2024-02-23_C3r0u4nRr-O,daikuinterior_C3r0u4nRr-O_3.jpg,dapur,dapur,0.9347,moved
2024-02-23_C3r0u4nRr-O,daikuinterior_C3r0u4nRr-O_4.jpg,dapur,dapur,0.7237,moved
2024-02-23_C3r0u4nRr-O,daikuinterior_C3r0u4nRr-O_5.jpg,dapur,dapur,0.831,moved
2024-02-23_C3r0u4nRr-O,daikuinterior_C3r0u4nRr-O_6.jpg,dapur,dapur,0.8867,moved
2024-02-23_C3r0u4nRr-O,daikuinterior_C3r0u4nRr-O_7.jpg,dapur,dapur,0.6346,moved
2024-02-23_C3r0u4nRr-O,daikuinterior_C3r0u4nRr-O_8.jpg,dapur,dapur,0.8153,moved
2024-02-23_C3r0u4nRr-O,daikuinterior_C3r0u4nRr-O_9.jpg,kamar-mandi,dapur,0.4892,moved
2024-02-23_C3r0VhuxfnG,daikuinterior_C3r0VhuxfnG_0.jpg,foto-orang,foto-orang,0.485,moved
2024-02-23_C3r0VhuxfnG,daikuinterior_C3r0VhuxfnG_1.jpg,foto-orang,foto-orang,0.5402,moved
2024-02-23_C3r0VhuxfnG,daikuinterior_C3r0VhuxfnG_2.jpg,foto-orang,foto-orang,0.907,moved
2024-02-23_C3r0VhuxfnG,daikuinterior_C3r0VhuxfnG_3.jpg,foto-orang,foto-orang,0.8351,moved
2024-02-23_C3r0VhuxfnG,daikuinterior_C3r0VhuxfnG_4.jpg,foto-orang,foto-orang,0.7491,moved
2024-02-23_C3r0VhuxfnG,daikuinterior_C3r0VhuxfnG_5.jpg,foto-orang,foto-orang,0.743,moved
2024-02-23_C3r0VhuxfnG,daikuinterior_C3r0VhuxfnG_6.jpg,foto-orang,foto-orang,0.5061,moved
2024-02-23_C3r0VhuxfnG,daikuinterior_C3r0VhuxfnG_7.jpg,foto-orang,foto-orang,0.7491,moved
2024-02-23_C3r0VhuxfnG,daikuinterior_C3r0VhuxfnG_8.jpg,foto-orang,foto-orang,0.6084,moved
2024-02-23_C3r1G1xxP55,daikuinterior_C3r1G1xxP55_0.jpg,furnitur-detail,furnitur-detail,0.3873,moved
2024-02-23_C3r1G1xxP55,daikuinterior_C3r1G1xxP55_1.jpg,dapur,furnitur-detail,0.4797,moved
2024-02-23_C3r1G1xxP55,daikuinterior_C3r1G1xxP55_2.jpg,kamar-mandi,furnitur-detail,0.9238,moved
2024-02-23_C3r1ShmxLE8,daikuinterior_C3r1ShmxLE8_0.jpg,eksterior,eksterior,0.9273,moved
2024-02-23_C3r1ShmxLE8,daikuinterior_C3r1ShmxLE8_1.jpg,ruang-usaha,eksterior,0.3754,moved
2024-02-23_C3rEZ6sxd2n,daikuinterior_C3rEZ6sxd2n_0.jpg,perlu-ditinjau,perlu-ditinjau,0.2739,moved
2024-02-23_C3rEZ6sxd2n,daikuinterior_C3rEZ6sxd2n_1.jpg,furnitur-detail,furnitur-detail,0.4079,moved
2024-02-23_C3rEZ6sxd2n,daikuinterior_C3rEZ6sxd2n_2.jpg,furnitur-detail,furnitur-detail,0.4959,moved
2024-02-23_C3rpmI-RR45,daikuinterior_C3rpmI-RR45_0.jpg,perlu-ditinjau,perlu-ditinjau,0.3169,moved
2024-02-23_C3rpmI-RR45,daikuinterior_C3rpmI-RR45_1.jpg,promosi,promosi,0.6951,moved
2024-02-23_C3rpmI-RR45,daikuinterior_C3rpmI-RR45_2.jpg,ruang-usaha,ruang-usaha,0.4593,moved
2024-02-23_C3rpmI-RR45,daikuinterior_C3rpmI-RR45_3.jpg,promosi,promosi,0.8402,moved
2024-02-23_C3rpmI-RR45,daikuinterior_C3rpmI-RR45_4.jpg,ruang-usaha,ruang-usaha,0.5089,moved
2024-02-23_C3rvbPgxxBQ,daikuinterior_C3rvbPgxxBQ_0.jpg,furnitur-detail,furnitur-detail,0.6334,moved
2024-02-23_C3rvbPgxxBQ,daikuinterior_C3rvbPgxxBQ_1.jpg,furnitur-detail,furnitur-detail,0.7953,moved
2024-02-23_C3rvbPgxxBQ,daikuinterior_C3rvbPgxxBQ_2.jpg,furnitur-detail,furnitur-detail,0.8182,moved
2024-02-23_C3rvbPgxxBQ,daikuinterior_C3rvbPgxxBQ_3.jpg,furnitur-detail,furnitur-detail,0.9124,moved
2024-02-23_C3rvbPgxxBQ,daikuinterior_C3rvbPgxxBQ_4.jpg,furnitur-detail,furnitur-detail,0.9309,moved
2024-02-23_C3rvbPgxxBQ,daikuinterior_C3rvbPgxxBQ_5.jpg,furnitur-detail,furnitur-detail,0.6906,moved
2024-02-23_C3rvbPgxxBQ,daikuinterior_C3rvbPgxxBQ_6.jpg,furnitur-detail,furnitur-detail,0.8215,moved
2024-02-23_C3rvKxjx70b,daikuinterior_C3rvKxjx70b_0.jpg,kamar-tidur,kamar-tidur,0.525,moved
2024-02-23_C3rvKxjx70b,daikuinterior_C3rvKxjx70b_1.jpg,kamar-tidur,kamar-tidur,0.6714,moved
2024-02-23_C3rvKxjx70b,daikuinterior_C3rvKxjx70b_2.jpg,kamar-tidur,kamar-tidur,0.4462,moved
2024-02-23_C3rvKxjx70b,daikuinterior_C3rvKxjx70b_3.jpg,kamar-tidur,kamar-tidur,0.6029,moved
2024-02-23_C3rvKxjx70b,daikuinterior_C3rvKxjx70b_4.jpg,kamar-mandi,kamar-tidur,0.8282,moved
2024-02-23_C3rvR-GxMz5,daikuinterior_C3rvR-GxMz5_0.jpg,furnitur-detail,ruang-usaha,0.5039,moved
2024-02-23_C3rvR-GxMz5,daikuinterior_C3rvR-GxMz5_1.jpg,ruang-usaha,ruang-usaha,0.4404,moved
2024-02-23_C3rvR-GxMz5,daikuinterior_C3rvR-GxMz5_2.jpg,ruang-usaha,ruang-usaha,0.4885,moved
2024-02-23_C3ryx3QRHzh,daikuinterior_C3ryx3QRHzh_0.jpg,kamar-mandi,kamar-mandi,0.4253,moved
2024-02-23_C3ryx3QRHzh,daikuinterior_C3ryx3QRHzh_1.jpg,furnitur-detail,kamar-mandi,0.5203,moved
2024-02-23_C3ryx3QRHzh,daikuinterior_C3ryx3QRHzh_2.jpg,furnitur-detail,kamar-mandi,0.5101,moved
2024-02-23_C3ryx3QRHzh,daikuinterior_C3ryx3QRHzh_3.jpg,kamar-mandi,kamar-mandi,0.8648,moved
2024-02-23_C3rzDA1Ruwj,daikuinterior_C3rzDA1Ruwj_0.jpg,kamar-tidur,kamar-tidur,0.4924,moved
2024-02-23_C3rzDA1Ruwj,daikuinterior_C3rzDA1Ruwj_1.jpg,furnitur-detail,kamar-tidur,0.5081,moved
2024-02-23_C3rzDA1Ruwj,daikuinterior_C3rzDA1Ruwj_2.jpg,kamar-tidur,kamar-tidur,0.8683,moved
2024-02-23_C3rzDA1Ruwj,daikuinterior_C3rzDA1Ruwj_3.jpg,kamar-tidur,kamar-tidur,0.8425,moved
2024-02-23_C3rzDA1Ruwj,daikuinterior_C3rzDA1Ruwj_4.jpg,furnitur-detail,kamar-tidur,0.4939,moved
2024-02-23_C3rzDA1Ruwj,daikuinterior_C3rzDA1Ruwj_5.jpg,kamar-tidur,kamar-tidur,0.5308,moved
2024-02-23_C3rzDA1Ruwj,daikuinterior_C3rzDA1Ruwj_6.jpg,ruang-keluarga,kamar-tidur,0.6518,moved
2024-02-24_C3uJHJaxy8Q,daikuinterior_C3uJHJaxy8Q_0.jpg,eksterior,eksterior,0.3961,moved
2024-02-24_C3uJHJaxy8Q,daikuinterior_C3uJHJaxy8Q_1.jpg,promosi,promosi,0.6362,moved
2024-02-24_C3uJHJaxy8Q,daikuinterior_C3uJHJaxy8Q_2.jpg,ruang-usaha,eksterior,0.461,moved
2024-02-24_C3uJHJaxy8Q,daikuinterior_C3uJHJaxy8Q_3.jpg,eksterior,eksterior,0.6271,moved
2024-02-24_C3uJHJaxy8Q,daikuinterior_C3uJHJaxy8Q_4.jpg,eksterior,eksterior,0.7351,moved
2024-02-24_C3uJHJaxy8Q,daikuinterior_C3uJHJaxy8Q_5.jpg,furnitur-detail,eksterior,0.6681,moved
2024-02-24_C3uJHJaxy8Q,daikuinterior_C3uJHJaxy8Q_6.jpg,furnitur-detail,eksterior,0.6297,moved
2024-02-25_C3w0WkeR6dX,daikuinterior_C3w0WkeR6dX_0.jpg,furnitur-detail,furnitur-detail,0.5731,moved
2024-02-25_C3w0WkeR6dX,daikuinterior_C3w0WkeR6dX_1.jpg,perlu-ditinjau,perlu-ditinjau,0.3673,moved
2024-02-25_C3w0WkeR6dX,daikuinterior_C3w0WkeR6dX_2.jpg,furnitur-detail,furnitur-detail,0.4626,moved
2024-02-25_C3w0WkeR6dX,daikuinterior_C3w0WkeR6dX_3.jpg,furnitur-detail,furnitur-detail,0.6564,moved
2024-02-25_C3xTaF3xp4j,daikuinterior_C3xTaF3xp4j_0.jpg,dapur,dapur,0.8984,moved
2024-02-25_C3xTaF3xp4j,daikuinterior_C3xTaF3xp4j_1.jpg,dapur,dapur,0.7943,moved
2024-02-25_C3xTaF3xp4j,daikuinterior_C3xTaF3xp4j_2.jpg,dapur,dapur,0.9316,moved
2024-02-25_C3xTaF3xp4j,daikuinterior_C3xTaF3xp4j_3.jpg,dapur,dapur,0.8499,moved
2024-02-25_C3xTaF3xp4j,daikuinterior_C3xTaF3xp4j_4.jpg,dapur,dapur,0.9576,moved
2024-02-25_C3xTaF3xp4j,daikuinterior_C3xTaF3xp4j_5.jpg,dapur,dapur,0.7768,moved
2024-02-25_C3xTaF3xp4j,daikuinterior_C3xTaF3xp4j_6.jpg,dapur,dapur,0.8823,moved
2024-02-25_C3xTd4NRoNT,daikuinterior_C3xTd4NRoNT_0.jpg,ruang-usaha,ruang-usaha,0.6706,moved
2024-02-25_C3xTd4NRoNT,daikuinterior_C3xTd4NRoNT_1.jpg,ruang-usaha,ruang-usaha,0.7759,moved
2024-02-25_C3xTd4NRoNT,daikuinterior_C3xTd4NRoNT_2.jpg,dapur,ruang-usaha,0.3509,moved
2024-02-26_C3y7T8RROaC,daikuinterior_C3y7T8RROaC_0.jpg,ruang-usaha,ruang-usaha,0.9952,moved
2024-02-26_C3y7T8RROaC,daikuinterior_C3y7T8RROaC_1.jpg,ruang-usaha,ruang-usaha,0.9925,moved
2024-02-26_C3y7T8RROaC,daikuinterior_C3y7T8RROaC_2.jpg,ruang-usaha,ruang-usaha,0.9951,moved
2024-02-26_C3y7T8RROaC,daikuinterior_C3y7T8RROaC_3.jpg,dapur,ruang-usaha,0.7919,moved
2024-02-26_C3y7T8RROaC,daikuinterior_C3y7T8RROaC_4.jpg,ruang-usaha,ruang-usaha,0.9931,moved
2024-02-26_C3y7T8RROaC,daikuinterior_C3y7T8RROaC_5.jpg,dapur,ruang-usaha,0.7419,moved
2024-02-26_C3y7T8RROaC,daikuinterior_C3y7T8RROaC_6.jpg,ruang-usaha,ruang-usaha,0.9915,moved
2024-02-26_C3y7T8RROaC,daikuinterior_C3y7T8RROaC_7.jpg,ruang-usaha,ruang-usaha,0.6982,moved
2024-02-26_C3y7T8RROaC,daikuinterior_C3y7T8RROaC_8.jpg,ruang-usaha,ruang-usaha,0.7516,moved
2024-02-26_C3y7T8RROaC,daikuinterior_C3y7T8RROaC_9.jpg,furnitur-detail,ruang-usaha,0.5549,moved
2024-02-26_C3z-5KWxGMB,daikuinterior_C3z-5KWxGMB_0.jpg,furnitur-detail,furnitur-detail,0.4951,moved
2024-02-26_C3z-5KWxGMB,daikuinterior_C3z-5KWxGMB_1.jpg,perlu-ditinjau,perlu-ditinjau,0.279,moved
2024-02-26_C3z-5KWxGMB,daikuinterior_C3z-5KWxGMB_2.jpg,furnitur-detail,furnitur-detail,0.4065,moved
2024-02-26_C3z-E1gRN2_,daikuinterior_C3z-E1gRN2__0.jpg,furnitur-detail,furnitur-detail,0.6934,moved
2024-02-26_C3z-E1gRN2_,daikuinterior_C3z-E1gRN2__1.jpg,furnitur-detail,furnitur-detail,0.7824,moved
2024-02-26_C3z-E1gRN2_,daikuinterior_C3z-E1gRN2__2.jpg,furnitur-detail,furnitur-detail,0.4245,moved
2024-02-26_C3z-E1gRN2_,daikuinterior_C3z-E1gRN2__3.jpg,furnitur-detail,furnitur-detail,0.5212,moved
2024-02-26_C3z-L6jRvgw,daikuinterior_C3z-L6jRvgw_0.jpg,furnitur-detail,furnitur-detail,0.5766,moved
2024-02-26_C3z-L6jRvgw,daikuinterior_C3z-L6jRvgw_1.jpg,ruang-keluarga,furnitur-detail,0.6688,moved
2024-02-26_C3z-na9Rrno,daikuinterior_C3z-na9Rrno_0.jpg,kamar-mandi,kamar-mandi,0.8744,moved
2024-02-26_C3z-na9Rrno,daikuinterior_C3z-na9Rrno_1.jpg,kamar-tidur,kamar-mandi,0.6556,moved
2024-02-26_C3z-na9Rrno,daikuinterior_C3z-na9Rrno_2.jpg,furnitur-detail,kamar-mandi,0.3637,moved
2024-02-26_C3z-RU7x_77,daikuinterior_C3z-RU7x_77_0.jpg,ruang-usaha,ruang-usaha,0.4138,moved
2024-02-26_C3z-RU7x_77,daikuinterior_C3z-RU7x_77_1.jpg,furnitur-detail,ruang-usaha,0.5106,moved
2024-02-26_C3z-wtqR2yk,daikuinterior_C3z-wtqR2yk_0.jpg,ruang-keluarga,ruang-keluarga,0.6439,moved
2024-02-26_C3z-wtqR2yk,daikuinterior_C3z-wtqR2yk_1.jpg,furnitur-detail,ruang-keluarga,0.4065,moved
2024-02-26_C3z-wtqR2yk,daikuinterior_C3z-wtqR2yk_2.jpg,furnitur-detail,ruang-keluarga,0.5343,moved
2024-02-26_C3z-wtqR2yk,daikuinterior_C3z-wtqR2yk_3.jpg,ruang-keluarga,ruang-keluarga,0.4947,moved
2024-02-26_C3z-ZE7xllE,daikuinterior_C3z-ZE7xllE_0.jpg,dapur,dapur,0.6923,moved
2024-02-26_C3z-ZE7xllE,daikuinterior_C3z-ZE7xllE_1.jpg,ruang-usaha,dapur,0.3646,moved
2024-02-26_C3z9-QARFt8,daikuinterior_C3z9-QARFt8_0.jpg,dapur,dapur,0.7366,moved
2024-02-26_C3z9-QARFt8,daikuinterior_C3z9-QARFt8_1.jpg,dapur,dapur,0.8106,moved
2024-02-26_C3z9-QARFt8,daikuinterior_C3z9-QARFt8_2.jpg,dapur,dapur,0.8857,moved
2024-02-26_C3z9-QARFt8,daikuinterior_C3z9-QARFt8_3.jpg,dapur,dapur,0.9108,moved
2024-02-26_C3z_AVoR59o,daikuinterior_C3z_AVoR59o_0.jpg,ruang-usaha,kamar-mandi,0.7746,moved
2024-02-26_C3z_AVoR59o,daikuinterior_C3z_AVoR59o_1.jpg,kamar-mandi,kamar-mandi,0.9355,moved
2024-02-26_C3z_AVoR59o,daikuinterior_C3z_AVoR59o_2.jpg,kamar-mandi,kamar-mandi,0.7427,moved
2024-02-26_C3z_AVoR59o,daikuinterior_C3z_AVoR59o_3.jpg,kamar-mandi,kamar-mandi,0.715,moved
2024-02-26_C3z_AVoR59o,daikuinterior_C3z_AVoR59o_4.jpg,kamar-mandi,kamar-mandi,0.7579,moved
2024-02-26_C3z_HKbRTbl,daikuinterior_C3z_HKbRTbl_0.jpg,ruang-usaha,kamar-mandi,0.7746,moved
2024-02-26_C3z_HKbRTbl,daikuinterior_C3z_HKbRTbl_1.jpg,kamar-mandi,kamar-mandi,0.8226,moved
2024-02-26_C3z_HKbRTbl,daikuinterior_C3z_HKbRTbl_2.jpg,kamar-mandi,kamar-mandi,0.8579,moved
2024-02-26_C3z_HKbRTbl,daikuinterior_C3z_HKbRTbl_3.jpg,kamar-mandi,kamar-mandi,0.4603,moved
2024-02-26_C3z_HKbRTbl,daikuinterior_C3z_HKbRTbl_4.jpg,kamar-mandi,kamar-mandi,0.8273,moved
2024-02-26_C3z_Vd0RXx6,daikuinterior_C3z_Vd0RXx6_0.jpg,ruang-usaha,ruang-usaha,0.8251,moved
2024-02-27_C317Y3BRGFK,daikuinterior_C317Y3BRGFK_0.jpg,furnitur-detail,furnitur-detail,0.6449,moved
2024-02-27_C317Y3BRGFK,daikuinterior_C317Y3BRGFK_1.jpg,furnitur-detail,furnitur-detail,0.671,moved
2024-02-27_C317Y3BRGFK,daikuinterior_C317Y3BRGFK_2.jpg,ruang-usaha,furnitur-detail,0.7524,moved
2024-02-27_C317Y3BRGFK,daikuinterior_C317Y3BRGFK_3.jpg,furnitur-detail,furnitur-detail,0.5539,moved
2024-02-27_C317Y3BRGFK,daikuinterior_C317Y3BRGFK_4.jpg,furnitur-detail,furnitur-detail,0.5192,moved
2024-02-27_C31U5yLxenI,daikuinterior_C31U5yLxenI_0.jpg,furnitur-detail,furnitur-detail,0.6488,moved
2024-02-27_C31U5yLxenI,daikuinterior_C31U5yLxenI_1.jpg,furnitur-detail,furnitur-detail,0.8733,moved
2024-02-27_C31U5yLxenI,daikuinterior_C31U5yLxenI_2.jpg,furnitur-detail,furnitur-detail,0.6206,moved
2024-02-27_C31U5yLxenI,daikuinterior_C31U5yLxenI_3.jpg,ruang-usaha,furnitur-detail,0.5364,moved
2024-02-27_C31U5yLxenI,daikuinterior_C31U5yLxenI_4.jpg,furnitur-detail,furnitur-detail,0.6573,moved
2024-02-27_C31U5yLxenI,daikuinterior_C31U5yLxenI_5.jpg,furnitur-detail,furnitur-detail,0.7325,moved
2024-02-27_C31U5yLxenI,daikuinterior_C31U5yLxenI_6.jpg,furnitur-detail,furnitur-detail,0.5577,moved
2024-02-27_C31w598xEVo,daikuinterior_C31w598xEVo_0.jpg,kamar-mandi,kamar-mandi,0.3972,moved
2024-02-27_C31w598xEVo,daikuinterior_C31w598xEVo_1.jpg,dapur,kamar-mandi,0.6663,moved
2024-02-27_C32B0lVxjPg,daikuinterior_C32B0lVxjPg_0.jpg,kamar-mandi,furnitur-detail,0.5347,moved
2024-02-27_C32B0lVxjPg,daikuinterior_C32B0lVxjPg_1.jpg,furnitur-detail,furnitur-detail,0.5778,moved
2024-02-27_C32B0lVxjPg,daikuinterior_C32B0lVxjPg_2.jpg,furnitur-detail,furnitur-detail,0.5687,moved
2024-02-27_C32B0lVxjPg,daikuinterior_C32B0lVxjPg_3.jpg,furnitur-detail,furnitur-detail,0.5688,moved
2024-02-27_C32B0lVxjPg,daikuinterior_C32B0lVxjPg_4.jpg,perlu-ditinjau,perlu-ditinjau,0.282,moved
2024-02-27_C32B0lVxjPg,daikuinterior_C32B0lVxjPg_5.jpg,furnitur-detail,furnitur-detail,0.6126,moved
2024-02-27_C32B0lVxjPg,daikuinterior_C32B0lVxjPg_6.jpg,ruang-usaha,furnitur-detail,0.6117,moved
2024-02-27_C32B0lVxjPg,daikuinterior_C32B0lVxjPg_7.jpg,ruang-usaha,furnitur-detail,0.5274,moved
2024-02-27_C32M-y2xNQB,daikuinterior_C32M-y2xNQB_0.jpg,kamar-mandi,kamar-mandi,0.6588,moved
2024-02-27_C32M-y2xNQB,daikuinterior_C32M-y2xNQB_1.jpg,ruang-keluarga,kamar-mandi,0.5667,moved
2024-02-27_C32M-y2xNQB,daikuinterior_C32M-y2xNQB_2.jpg,furnitur-detail,kamar-mandi,0.4749,moved
2024-02-28_C33-pEdxixl,daikuinterior_C33-pEdxixl_0.jpg,dapur,dapur,0.9465,moved
2024-02-28_C33-pEdxixl,daikuinterior_C33-pEdxixl_1.jpg,dapur,dapur,0.9439,moved
2024-02-28_C33-pEdxixl,daikuinterior_C33-pEdxixl_2.jpg,dapur,dapur,0.8043,moved
2024-02-28_C34A8llxFFK,daikuinterior_C34A8llxFFK_0.jpg,dapur,dapur,0.8041,moved
2024-02-28_C34A8llxFFK,daikuinterior_C34A8llxFFK_1.jpg,dapur,dapur,0.9533,moved
2024-02-28_C34A8llxFFK,daikuinterior_C34A8llxFFK_2.jpg,dapur,dapur,0.8431,moved
2024-02-28_C34AbwoxjON,daikuinterior_C34AbwoxjON_0.jpg,furnitur-detail,furnitur-detail,0.5615,moved
2024-02-28_C34AbwoxjON,daikuinterior_C34AbwoxjON_1.jpg,furnitur-detail,furnitur-detail,0.5626,moved
2024-02-28_C34AbwoxjON,daikuinterior_C34AbwoxjON_2.jpg,kamar-mandi,furnitur-detail,0.8664,moved
2024-02-28_C34AbwoxjON,daikuinterior_C34AbwoxjON_3.jpg,furnitur-detail,furnitur-detail,0.4531,moved
2024-02-28_C34AbwoxjON,daikuinterior_C34AbwoxjON_4.jpg,furnitur-detail,furnitur-detail,0.6349,moved
2024-02-28_C34AbwoxjON,daikuinterior_C34AbwoxjON_5.jpg,perlu-ditinjau,perlu-ditinjau,0.7177,moved
2024-02-28_C34arwdxzPr,daikuinterior_C34arwdxzPr_0.jpg,kamar-tidur,furnitur-detail,0.8168,moved
2024-02-28_C34arwdxzPr,daikuinterior_C34arwdxzPr_1.jpg,kamar-tidur,furnitur-detail,0.7969,moved
2024-02-28_C34arwdxzPr,daikuinterior_C34arwdxzPr_2.jpg,furnitur-detail,furnitur-detail,0.7008,moved
2024-02-28_C34arwdxzPr,daikuinterior_C34arwdxzPr_3.jpg,furnitur-detail,furnitur-detail,0.767,moved
2024-02-28_C34arwdxzPr,daikuinterior_C34arwdxzPr_4.jpg,ruang-usaha,furnitur-detail,0.5938,moved
2024-02-28_C34arwdxzPr,daikuinterior_C34arwdxzPr_5.jpg,furnitur-detail,furnitur-detail,0.8592,moved
2024-02-28_C34arwdxzPr,daikuinterior_C34arwdxzPr_6.jpg,furnitur-detail,furnitur-detail,0.6527,moved
2024-02-28_C34arwdxzPr,daikuinterior_C34arwdxzPr_7.jpg,furnitur-detail,furnitur-detail,0.7907,moved
2024-02-28_C34arwdxzPr,daikuinterior_C34arwdxzPr_8.jpg,furnitur-detail,furnitur-detail,0.4498,moved
2024-02-28_C34arwdxzPr,daikuinterior_C34arwdxzPr_9.jpg,furnitur-detail,furnitur-detail,0.6786,moved
2024-02-28_C34Kb0Wxppr,daikuinterior_C34Kb0Wxppr_0.jpg,furnitur-detail,dapur,0.4644,moved
2024-02-28_C34Kb0Wxppr,daikuinterior_C34Kb0Wxppr_1.jpg,furnitur-detail,dapur,0.4158,moved
2024-02-28_C34Kb0Wxppr,daikuinterior_C34Kb0Wxppr_2.jpg,dapur,dapur,0.8969,moved
2024-02-28_C34Kb0Wxppr,daikuinterior_C34Kb0Wxppr_3.jpg,dapur,dapur,0.642,moved
2024-02-28_C34Kb0Wxppr,daikuinterior_C34Kb0Wxppr_4.jpg,ruang-usaha,dapur,0.5328,moved
2024-02-28_C34Kb0Wxppr,daikuinterior_C34Kb0Wxppr_5.jpg,ruang-usaha,dapur,0.3834,moved
2024-02-28_C34Kb0Wxppr,daikuinterior_C34Kb0Wxppr_6.jpg,kamar-mandi,dapur,0.655,moved
2024-02-28_C34Kb0Wxppr,daikuinterior_C34Kb0Wxppr_7.jpg,dapur,dapur,0.4716,moved
2024-02-28_C34Kb0Wxppr,daikuinterior_C34Kb0Wxppr_8.jpg,perlu-ditinjau,perlu-ditinjau,0.2654,moved
2024-02-28_C34LhOBR170,daikuinterior_C34LhOBR170_0.jpg,kamar-mandi,kamar-mandi,0.8244,moved
2024-02-28_C34LhOBR170,daikuinterior_C34LhOBR170_1.jpg,kamar-mandi,kamar-mandi,0.8436,moved
2024-02-28_C34LhOBR170,daikuinterior_C34LhOBR170_2.jpg,foto-orang,foto-orang,0.4424,moved
2024-02-28_C34LhOBR170,daikuinterior_C34LhOBR170_3.jpg,furnitur-detail,kamar-mandi,0.7651,moved
2024-02-28_C34M43RRZhG,daikuinterior_C34M43RRZhG_0.jpg,kamar-mandi,furnitur-detail,0.9752,moved
2024-02-28_C34M43RRZhG,daikuinterior_C34M43RRZhG_1.jpg,furnitur-detail,furnitur-detail,0.6261,moved
2024-02-28_C34M43RRZhG,daikuinterior_C34M43RRZhG_2.jpg,kamar-mandi,furnitur-detail,0.8904,moved
2024-02-28_C34M43RRZhG,daikuinterior_C34M43RRZhG_3.jpg,furnitur-detail,furnitur-detail,0.5157,moved
2024-02-28_C34M43RRZhG,daikuinterior_C34M43RRZhG_4.jpg,kamar-mandi,furnitur-detail,0.5241,moved
2024-02-28_C34M43RRZhG,daikuinterior_C34M43RRZhG_5.jpg,furnitur-detail,furnitur-detail,0.4611,moved
2024-02-28_C34M43RRZhG,daikuinterior_C34M43RRZhG_6.jpg,furnitur-detail,furnitur-detail,0.7441,moved
2024-02-28_C34YroHxH-p,daikuinterior_C34YroHxH-p_0.jpg,furnitur-detail,furnitur-detail,0.7789,moved
2024-02-28_C34YroHxH-p,daikuinterior_C34YroHxH-p_1.jpg,furnitur-detail,furnitur-detail,0.8336,moved
2024-02-28_C34YroHxH-p,daikuinterior_C34YroHxH-p_2.jpg,furnitur-detail,furnitur-detail,0.8336,moved
2024-02-28_C34YroHxH-p,daikuinterior_C34YroHxH-p_3.jpg,furnitur-detail,furnitur-detail,0.8336,moved
2024-02-28_C34ZbHPRwX3,daikuinterior_C34ZbHPRwX3_0.jpg,dapur,dapur,0.8732,moved
2024-02-28_C34ZbHPRwX3,daikuinterior_C34ZbHPRwX3_1.jpg,dapur,dapur,0.8736,moved
2024-02-28_C34ZbHPRwX3,daikuinterior_C34ZbHPRwX3_2.jpg,dapur,dapur,0.8475,moved
2024-02-28_C34ZbHPRwX3,daikuinterior_C34ZbHPRwX3_3.jpg,ruang-usaha,dapur,0.5449,moved
2024-02-28_C34ZbHPRwX3,daikuinterior_C34ZbHPRwX3_4.jpg,ruang-makan,dapur,0.3579,moved
2024-02-28_C34ZbHPRwX3,daikuinterior_C34ZbHPRwX3_5.jpg,dapur,dapur,0.8621,moved
2024-02-28_C34ZbHPRwX3,daikuinterior_C34ZbHPRwX3_6.jpg,dapur,dapur,0.5501,moved
2024-02-28_C34ZbHPRwX3,daikuinterior_C34ZbHPRwX3_7.jpg,dapur,dapur,0.8926,moved
2024-02-28_C34ZbHPRwX3,daikuinterior_C34ZbHPRwX3_8.jpg,dapur,dapur,0.5612,moved
2024-02-28_C34ZbHPRwX3,daikuinterior_C34ZbHPRwX3_9.jpg,dapur,dapur,0.7539,moved
2024-02-29_C36hsnqRBqI,daikuinterior_C36hsnqRBqI_0.jpg,promosi,promosi,0.5962,moved
2024-02-29_C36hsnqRBqI,daikuinterior_C36hsnqRBqI_1.jpg,promosi,promosi,0.6391,moved
2024-02-29_C36hsnqRBqI,daikuinterior_C36hsnqRBqI_2.jpg,promosi,promosi,0.5109,moved
2024-02-29_C36vMDzRLWS,daikuinterior_C36vMDzRLWS_0.jpg,kamar-tidur,kamar-tidur,0.9253,moved
2024-02-29_C36vMDzRLWS,daikuinterior_C36vMDzRLWS_1.jpg,furnitur-detail,kamar-tidur,0.588,moved
2024-02-29_C36vMDzRLWS,daikuinterior_C36vMDzRLWS_2.jpg,kamar-tidur,kamar-tidur,0.5193,moved
2024-02-29_C36vMDzRLWS,daikuinterior_C36vMDzRLWS_3.jpg,furnitur-detail,kamar-tidur,0.7892,moved
2024-02-29_C36vMDzRLWS,daikuinterior_C36vMDzRLWS_4.jpg,kamar-mandi,kamar-tidur,0.5674,moved
2024-03-01_C39Gj8Rx8uh,daikuinterior_C39Gj8Rx8uh_0.jpg,kamar-mandi,furnitur-detail,0.8029,moved
2024-03-01_C39Gj8Rx8uh,daikuinterior_C39Gj8Rx8uh_1.jpg,furnitur-detail,furnitur-detail,0.4488,moved
2024-03-01_C39Gj8Rx8uh,daikuinterior_C39Gj8Rx8uh_2.jpg,furnitur-detail,furnitur-detail,0.4575,moved
2024-03-01_C39GynJx4uY,daikuinterior_C39GynJx4uY_0.jpg,kamar-tidur,kamar-tidur,0.7448,moved
2024-03-01_C39GynJx4uY,daikuinterior_C39GynJx4uY_1.jpg,furnitur-detail,kamar-tidur,0.6606,moved
2024-03-01_C39GynJx4uY,daikuinterior_C39GynJx4uY_2.jpg,furnitur-detail,kamar-tidur,0.4748,moved
2024-03-01_C39GynJx4uY,daikuinterior_C39GynJx4uY_3.jpg,kamar-tidur,kamar-tidur,0.9242,moved
2024-03-01_C39GynJx4uY,daikuinterior_C39GynJx4uY_4.jpg,kamar-tidur,kamar-tidur,0.7059,moved
2024-03-01_C39GynJx4uY,daikuinterior_C39GynJx4uY_5.jpg,furnitur-detail,kamar-tidur,0.7653,moved
2024-03-01_C39rAaOxjKy,daikuinterior_C39rAaOxjKy_0.jpg,perlu-ditinjau,perlu-ditinjau,0.2624,moved
2024-03-01_C39rAaOxjKy,daikuinterior_C39rAaOxjKy_1.jpg,kamar-mandi,kamar-mandi,0.543,moved
2024-03-01_C39rAaOxjKy,daikuinterior_C39rAaOxjKy_2.jpg,kamar-mandi,kamar-mandi,0.5829,moved
2024-03-01_C39rAaOxjKy,daikuinterior_C39rAaOxjKy_3.jpg,perlu-ditinjau,perlu-ditinjau,0.2437,moved
2024-03-01_C39rAaOxjKy,daikuinterior_C39rAaOxjKy_4.jpg,dapur,kamar-mandi,0.399,moved
2024-03-01_C39rAaOxjKy,daikuinterior_C39rAaOxjKy_5.jpg,perlu-ditinjau,perlu-ditinjau,0.4464,moved
2024-03-03_C4Cq-x1xC-6,daikuinterior_C4Cq-x1xC-6_0.jpg,furnitur-detail,furnitur-detail,0.7488,moved
2024-03-03_C4Cq-x1xC-6,daikuinterior_C4Cq-x1xC-6_1.jpg,furnitur-detail,furnitur-detail,0.6747,moved
2024-03-03_C4Cq-x1xC-6,daikuinterior_C4Cq-x1xC-6_2.jpg,furnitur-detail,furnitur-detail,0.7727,moved
2024-03-04_C4FCnuzx-iS,daikuinterior_C4FCnuzx-iS_0.jpg,ruang-usaha,ruang-usaha,0.6147,moved
2024-03-04_C4FCnuzx-iS,daikuinterior_C4FCnuzx-iS_1.jpg,ruang-usaha,ruang-usaha,0.8507,moved
2024-03-04_C4FCnuzx-iS,daikuinterior_C4FCnuzx-iS_2.jpg,ruang-usaha,ruang-usaha,0.5371,moved
2024-03-04_C4FCnuzx-iS,daikuinterior_C4FCnuzx-iS_3.jpg,ruang-usaha,ruang-usaha,0.7222,moved
2024-03-04_C4FCnuzx-iS,daikuinterior_C4FCnuzx-iS_4.jpg,furnitur-detail,ruang-usaha,0.3856,moved
2024-03-04_C4FCnuzx-iS,daikuinterior_C4FCnuzx-iS_5.jpg,kamar-mandi,ruang-usaha,0.8637,moved
2024-03-05_C4HUxh_RPft,daikuinterior_C4HUxh_RPft_0.jpg,kamar-tidur,kamar-tidur,0.8955,moved
2024-03-05_C4HUxh_RPft,daikuinterior_C4HUxh_RPft_1.jpg,kamar-tidur,kamar-tidur,0.5036,moved
2024-03-05_C4HUxh_RPft,daikuinterior_C4HUxh_RPft_2.jpg,furnitur-detail,kamar-tidur,0.826,moved
2024-03-05_C4HWgRdREyp,daikuinterior_C4HWgRdREyp_0.jpg,dapur,dapur,0.5618,moved
2024-03-05_C4HWgRdREyp,daikuinterior_C4HWgRdREyp_1.jpg,furnitur-detail,dapur,0.6453,moved
2024-03-05_C4HWgRdREyp,daikuinterior_C4HWgRdREyp_2.jpg,kamar-tidur,dapur,0.7118,moved
2024-03-05_C4HZgUsxjku,daikuinterior_C4HZgUsxjku_0.jpg,ruang-usaha,ruang-usaha,0.8721,moved
2024-03-05_C4HZgUsxjku,daikuinterior_C4HZgUsxjku_1.jpg,ruang-usaha,ruang-usaha,0.8021,moved
2024-03-05_C4HZgUsxjku,daikuinterior_C4HZgUsxjku_2.jpg,furnitur-detail,ruang-usaha,0.5097,moved
2024-03-05_C4HZgUsxjku,daikuinterior_C4HZgUsxjku_3.jpg,ruang-usaha,ruang-usaha,0.964,moved
2024-03-05_C4HZgUsxjku,daikuinterior_C4HZgUsxjku_4.jpg,ruang-usaha,ruang-usaha,0.5673,moved
2024-03-05_C4HZgUsxjku,daikuinterior_C4HZgUsxjku_5.jpg,ruang-usaha,ruang-usaha,0.6758,moved
2024-03-05_C4HZgUsxjku,daikuinterior_C4HZgUsxjku_6.jpg,furnitur-detail,ruang-usaha,0.7356,moved
2024-03-06_C4KXHcUxr5y,daikuinterior_C4KXHcUxr5y_0.jpg,ruang-usaha,ruang-usaha,0.5213,moved
2024-03-06_C4KXHcUxr5y,daikuinterior_C4KXHcUxr5y_1.jpg,ruang-usaha,ruang-usaha,0.972,moved
2024-03-06_C4KXHcUxr5y,daikuinterior_C4KXHcUxr5y_2.jpg,ruang-usaha,ruang-usaha,0.921,moved
2024-03-06_C4KXHcUxr5y,daikuinterior_C4KXHcUxr5y_3.jpg,ruang-usaha,ruang-usaha,0.9373,moved
2024-03-06_C4KXHcUxr5y,daikuinterior_C4KXHcUxr5y_4.jpg,ruang-usaha,ruang-usaha,0.8794,moved
2024-03-06_C4KXHcUxr5y,daikuinterior_C4KXHcUxr5y_5.jpg,ruang-usaha,ruang-usaha,0.8892,moved
2024-03-07_C4McWB2RQxz,daikuinterior_C4McWB2RQxz_0.jpg,kamar-tidur,kamar-tidur,0.7501,moved
2024-03-07_C4McWB2RQxz,daikuinterior_C4McWB2RQxz_1.jpg,kamar-mandi,kamar-tidur,0.3997,moved
2024-03-07_C4McWB2RQxz,daikuinterior_C4McWB2RQxz_2.jpg,perlu-ditinjau,perlu-ditinjau,0.3088,moved
2024-03-07_C4McWB2RQxz,daikuinterior_C4McWB2RQxz_3.jpg,kamar-tidur,kamar-tidur,0.5179,moved
2024-03-07_C4McWB2RQxz,daikuinterior_C4McWB2RQxz_4.jpg,kamar-mandi,kamar-tidur,0.3986,moved
2024-03-07_C4MeRYZRwVZ,daikuinterior_C4MeRYZRwVZ_0.jpg,ruang-usaha,ruang-usaha,0.8284,moved
2024-03-07_C4MeRYZRwVZ,daikuinterior_C4MeRYZRwVZ_1.jpg,ruang-usaha,ruang-usaha,0.7469,moved
2024-03-07_C4Mgc5QRZ-4,daikuinterior_C4Mgc5QRZ-4_0.jpg,ruang-usaha,ruang-usaha,0.939,moved
2024-03-07_C4Mgc5QRZ-4,daikuinterior_C4Mgc5QRZ-4_1.jpg,ruang-usaha,ruang-usaha,0.6625,moved
2024-03-07_C4Mgc5QRZ-4,daikuinterior_C4Mgc5QRZ-4_2.jpg,ruang-usaha,ruang-usaha,0.8308,moved
2024-03-07_C4Mgc5QRZ-4,daikuinterior_C4Mgc5QRZ-4_3.jpg,ruang-usaha,ruang-usaha,0.9345,moved
2024-03-07_C4Mgc5QRZ-4,daikuinterior_C4Mgc5QRZ-4_4.jpg,ruang-usaha,ruang-usaha,0.9045,moved
2024-03-08_C4P25pxxUeR,daikuinterior_C4P25pxxUeR_0.jpg,furnitur-detail,furnitur-detail,0.6615,moved
2024-03-08_C4P25pxxUeR,daikuinterior_C4P25pxxUeR_1.jpg,ruang-usaha,furnitur-detail,0.547,moved
2024-03-08_C4P25pxxUeR,daikuinterior_C4P25pxxUeR_2.jpg,furnitur-detail,furnitur-detail,0.7991,moved
2024-03-08_C4P2hZoRytb,daikuinterior_C4P2hZoRytb_0.jpg,furnitur-detail,ruang-usaha,0.587,moved
2024-03-08_C4P2hZoRytb,daikuinterior_C4P2hZoRytb_1.jpg,ruang-usaha,ruang-usaha,0.9232,moved
2024-03-08_C4P2hZoRytb,daikuinterior_C4P2hZoRytb_2.jpg,eksterior,ruang-usaha,0.8523,moved
2024-03-08_C4P2hZoRytb,daikuinterior_C4P2hZoRytb_3.jpg,ruang-usaha,ruang-usaha,0.9385,moved
2024-03-08_C4P2hZoRytb,daikuinterior_C4P2hZoRytb_4.jpg,ruang-usaha,ruang-usaha,0.5061,moved
2024-03-09_C4R87WMxiQz,daikuinterior_C4R87WMxiQz_0.jpg,furnitur-detail,furnitur-detail,0.3483,moved
2024-03-09_C4R87WMxiQz,daikuinterior_C4R87WMxiQz_1.jpg,ruang-usaha,furnitur-detail,0.7771,moved
2024-03-09_C4R87WMxiQz,daikuinterior_C4R87WMxiQz_2.jpg,furnitur-detail,furnitur-detail,0.6531,moved
2024-03-09_C4R87WMxiQz,daikuinterior_C4R87WMxiQz_3.jpg,furnitur-detail,furnitur-detail,0.502,moved
2024-03-09_C4R87WMxiQz,daikuinterior_C4R87WMxiQz_4.jpg,furnitur-detail,furnitur-detail,0.3887,moved
2024-03-11_C4XVnYxRvE4,daikuinterior_C4XVnYxRvE4_0.jpg,promosi,promosi,0.997,moved
2024-03-13_C4b8X3qRQR8,daikuinterior_C4b8X3qRQR8_0.jpg,furnitur-detail,furnitur-detail,0.6081,moved
2024-03-13_C4b8X3qRQR8,daikuinterior_C4b8X3qRQR8_1.jpg,furnitur-detail,furnitur-detail,0.7529,moved
2024-03-13_C4b8xgWRoVX,daikuinterior_C4b8xgWRoVX_0.jpg,ruang-usaha,ruang-usaha,0.7698,moved
2024-03-13_C4b8xgWRoVX,daikuinterior_C4b8xgWRoVX_1.jpg,ruang-usaha,ruang-usaha,0.8452,moved
2024-03-13_C4b9TKoRnkY,daikuinterior_C4b9TKoRnkY_0.jpg,ruang-usaha,ruang-usaha,0.9477,moved
2024-03-13_C4b9TKoRnkY,daikuinterior_C4b9TKoRnkY_1.jpg,ruang-usaha,ruang-usaha,0.8254,moved
2024-03-13_C4cHkR6xd6c,daikuinterior_C4cHkR6xd6c_0.jpg,ruang-usaha,furnitur-detail,0.5116,moved
2024-03-13_C4cHkR6xd6c,daikuinterior_C4cHkR6xd6c_1.jpg,furnitur-detail,furnitur-detail,0.7727,moved
2024-03-13_C4cHkR6xd6c,daikuinterior_C4cHkR6xd6c_2.jpg,furnitur-detail,furnitur-detail,0.809,moved
2024-03-13_C4cHkR6xd6c,daikuinterior_C4cHkR6xd6c_3.jpg,furnitur-detail,furnitur-detail,0.7898,moved
2024-03-13_C4cHkR6xd6c,daikuinterior_C4cHkR6xd6c_4.jpg,furnitur-detail,furnitur-detail,0.7488,moved
2024-03-14_C4eeLK9RudO,daikuinterior_C4eeLK9RudO_0.jpg,furnitur-detail,furnitur-detail,0.5828,moved
2024-03-14_C4eeLK9RudO,daikuinterior_C4eeLK9RudO_1.jpg,furnitur-detail,furnitur-detail,0.7009,moved
2024-03-14_C4eeLK9RudO,daikuinterior_C4eeLK9RudO_2.jpg,furnitur-detail,furnitur-detail,0.5607,moved
2024-03-14_C4eeLK9RudO,daikuinterior_C4eeLK9RudO_3.jpg,furnitur-detail,furnitur-detail,0.7085,moved
2024-03-14_C4eenkDxBzW,daikuinterior_C4eenkDxBzW_0.jpg,dapur,dapur,0.9214,moved
2024-03-14_C4eenkDxBzW,daikuinterior_C4eenkDxBzW_1.jpg,dapur,dapur,0.8612,moved
2024-03-14_C4eezYRRP0C,daikuinterior_C4eezYRRP0C_0.jpg,furnitur-detail,furnitur-detail,0.6084,moved
2024-03-14_C4eezYRRP0C,daikuinterior_C4eezYRRP0C_1.jpg,furnitur-detail,furnitur-detail,0.7113,moved
2024-03-14_C4eezYRRP0C,daikuinterior_C4eezYRRP0C_2.jpg,perlu-ditinjau,perlu-ditinjau,0.5827,moved
2024-03-19_C4rvp3JxkVw,daikuinterior_C4rvp3JxkVw_0.jpg,kamar-tidur,kamar-tidur,0.9441,moved
2024-03-19_C4rvp3JxkVw,daikuinterior_C4rvp3JxkVw_1.jpg,kamar-tidur,kamar-tidur,0.4418,moved
2024-03-20_C4t-Yf-xuTY,daikuinterior_C4t-Yf-xuTY_0.jpg,furnitur-detail,furnitur-detail,0.4836,moved
2024-03-20_C4t-Yf-xuTY,daikuinterior_C4t-Yf-xuTY_1.jpg,furnitur-detail,furnitur-detail,0.5791,moved
2024-03-20_C4t9lRtx7iH,daikuinterior_C4t9lRtx7iH_0.jpg,kamar-mandi,kamar-mandi,0.6481,moved
2024-03-20_C4t9lRtx7iH,daikuinterior_C4t9lRtx7iH_1.jpg,kamar-mandi,kamar-mandi,0.8399,moved
2024-03-20_C4t9lRtx7iH,daikuinterior_C4t9lRtx7iH_2.jpg,kamar-mandi,kamar-mandi,0.5572,moved
2024-03-21_C4w3lxSxMtd,daikuinterior_C4w3lxSxMtd_0.jpg,furnitur-detail,furnitur-detail,0.4562,moved
2024-03-21_C4w3lxSxMtd,daikuinterior_C4w3lxSxMtd_1.jpg,perlu-ditinjau,perlu-ditinjau,0.2272,moved
2024-03-21_C4w3lxSxMtd,daikuinterior_C4w3lxSxMtd_2.jpg,furnitur-detail,furnitur-detail,0.4759,moved
2024-03-21_C4w3lxSxMtd,daikuinterior_C4w3lxSxMtd_3.jpg,perlu-ditinjau,perlu-ditinjau,0.3226,moved
2024-03-21_C4w3lxSxMtd,daikuinterior_C4w3lxSxMtd_4.jpg,furnitur-detail,furnitur-detail,0.8336,moved
2024-03-21_C4w3lxSxMtd,daikuinterior_C4w3lxSxMtd_5.jpg,furnitur-detail,furnitur-detail,0.6016,moved
2024-03-22_C4zIs_NvrJp,daikuinterior_C4zIs_NvrJp_0.jpg,dapur,dapur,0.9279,moved
2024-03-22_C4zIs_NvrJp,daikuinterior_C4zIs_NvrJp_1.jpg,dapur,dapur,0.948,moved
2024-03-22_C4zIs_NvrJp,daikuinterior_C4zIs_NvrJp_2.jpg,dapur,dapur,0.7981,moved
2024-03-22_C4zIs_NvrJp,daikuinterior_C4zIs_NvrJp_3.jpg,dapur,dapur,0.8086,moved
2024-03-22_C4zIs_NvrJp,daikuinterior_C4zIs_NvrJp_4.jpg,dapur,dapur,0.8786,moved
2024-03-22_C4zIs_NvrJp,daikuinterior_C4zIs_NvrJp_5.jpg,dapur,dapur,0.923,moved
2024-03-22_C4zIs_NvrJp,daikuinterior_C4zIs_NvrJp_6.jpg,dapur,dapur,0.8815,moved
2024-03-23_C42GfFvPnXy,daikuinterior_C42GfFvPnXy_0.jpg,furnitur-detail,furnitur-detail,0.6965,moved
2024-03-23_C42GfFvPnXy,daikuinterior_C42GfFvPnXy_1.jpg,furnitur-detail,furnitur-detail,0.543,moved
2024-03-23_C42GfFvPnXy,daikuinterior_C42GfFvPnXy_2.jpg,furnitur-detail,furnitur-detail,0.4513,moved
2024-03-23_C42GfFvPnXy,daikuinterior_C42GfFvPnXy_3.jpg,furnitur-detail,furnitur-detail,0.5532,moved
2024-03-23_C42GfFvPnXy,daikuinterior_C42GfFvPnXy_4.jpg,kamar-mandi,furnitur-detail,0.8871,moved
2024-03-23_C42GfFvPnXy,daikuinterior_C42GfFvPnXy_5.jpg,furnitur-detail,furnitur-detail,0.5388,moved
2024-03-24_C44mqAPvMvh,daikuinterior_C44mqAPvMvh_0.jpg,furnitur-detail,furnitur-detail,0.82,moved
2024-03-24_C44mqAPvMvh,daikuinterior_C44mqAPvMvh_1.jpg,furnitur-detail,furnitur-detail,0.7386,moved
2024-03-24_C44mqAPvMvh,daikuinterior_C44mqAPvMvh_2.jpg,furnitur-detail,furnitur-detail,0.4996,moved
2024-03-24_C44mxnbv_Op,daikuinterior_C44mxnbv_Op_0.jpg,ruang-usaha,ruang-usaha,0.585,moved
2024-03-24_C44mxnbv_Op,daikuinterior_C44mxnbv_Op_1.jpg,perlu-ditinjau,perlu-ditinjau,0.6143,moved
2024-03-24_C44ncdiPUPt,daikuinterior_C44ncdiPUPt_0.jpg,furnitur-detail,furnitur-detail,0.8352,moved
2024-03-24_C44ncdiPUPt,daikuinterior_C44ncdiPUPt_1.jpg,furnitur-detail,furnitur-detail,0.8418,moved
2024-03-24_C44ncdiPUPt,daikuinterior_C44ncdiPUPt_2.jpg,furnitur-detail,furnitur-detail,0.8128,moved
2024-03-24_C45XnE0x9C3,daikuinterior_C45XnE0x9C3_0.jpg,furnitur-detail,furnitur-detail,0.458,moved
2024-03-24_C45XnE0x9C3,daikuinterior_C45XnE0x9C3_1.jpg,furnitur-detail,furnitur-detail,0.4819,moved
2024-03-26_C49arjRxwDT,daikuinterior_C49arjRxwDT_0.jpg,ruang-usaha,ruang-usaha,0.5235,moved
2024-03-26_C49arjRxwDT,daikuinterior_C49arjRxwDT_1.jpg,furnitur-detail,ruang-usaha,0.6592,moved
2024-03-26_C49arjRxwDT,daikuinterior_C49arjRxwDT_2.jpg,ruang-usaha,ruang-usaha,0.7604,moved
2024-03-26_C49arjRxwDT,daikuinterior_C49arjRxwDT_3.jpg,furnitur-detail,ruang-usaha,0.9438,moved
2024-03-27_C5AUwbNx_UR,daikuinterior_C5AUwbNx_UR_0.jpg,kamar-mandi,kamar-mandi,0.7469,moved
2024-03-27_C5AUwbNx_UR,daikuinterior_C5AUwbNx_UR_1.jpg,dapur,kamar-mandi,0.8336,moved
2024-03-27_C5AUwbNx_UR,daikuinterior_C5AUwbNx_UR_2.jpg,kamar-mandi,kamar-mandi,0.4101,moved
2024-03-27_C5AUwbNx_UR,daikuinterior_C5AUwbNx_UR_3.jpg,kamar-mandi,kamar-mandi,0.9814,moved
2024-03-27_C5AUwbNx_UR,daikuinterior_C5AUwbNx_UR_4.jpg,furnitur-detail,kamar-mandi,0.5351,moved
2024-03-29_C5GObBKxe3r,daikuinterior_C5GObBKxe3r_0.jpg,ruang-usaha,ruang-usaha,0.9848,moved
2024-03-29_C5GObBKxe3r,daikuinterior_C5GObBKxe3r_1.jpg,ruang-usaha,ruang-usaha,0.5773,moved
2024-03-29_C5GObBKxe3r,daikuinterior_C5GObBKxe3r_2.jpg,ruang-usaha,ruang-usaha,0.9605,moved
2024-03-29_C5GOKk8xypA,daikuinterior_C5GOKk8xypA_0.jpg,dapur,furnitur-detail,0.4917,moved
2024-03-29_C5GOKk8xypA,daikuinterior_C5GOKk8xypA_1.jpg,furnitur-detail,furnitur-detail,0.6333,moved
2024-03-29_C5GOKk8xypA,daikuinterior_C5GOKk8xypA_2.jpg,furnitur-detail,furnitur-detail,0.3992,moved
2024-03-29_C5GOKk8xypA,daikuinterior_C5GOKk8xypA_3.jpg,perlu-ditinjau,perlu-ditinjau,0.5828,moved
2024-03-29_C5GPY9vxV5k,daikuinterior_C5GPY9vxV5k_0.jpg,kamar-mandi,kamar-mandi,0.9118,moved
2024-03-29_C5GPY9vxV5k,daikuinterior_C5GPY9vxV5k_1.jpg,furnitur-detail,kamar-mandi,0.7768,moved
2024-03-29_C5GPY9vxV5k,daikuinterior_C5GPY9vxV5k_2.jpg,foto-orang,foto-orang,0.4816,moved
2024-03-31_C5K25AqRMLq,daikuinterior_C5K25AqRMLq_0.jpg,furnitur-detail,furnitur-detail,0.6078,moved
2024-03-31_C5K25AqRMLq,daikuinterior_C5K25AqRMLq_1.jpg,ruang-usaha,furnitur-detail,0.9121,moved
2024-04-02_C5QGfLIRuS_,daikuinterior_C5QGfLIRuS__0.jpg,ruang-usaha,ruang-usaha,0.5615,moved
2024-04-02_C5QGfLIRuS_,daikuinterior_C5QGfLIRuS__1.jpg,furnitur-detail,ruang-usaha,0.46,moved
2024-04-02_C5QGfLIRuS_,daikuinterior_C5QGfLIRuS__2.jpg,perlu-ditinjau,perlu-ditinjau,0.2998,moved
2024-04-02_C5QGfLIRuS_,daikuinterior_C5QGfLIRuS__3.jpg,ruang-usaha,ruang-usaha,0.6191,moved
2024-04-03_C5SJYPRxfp3,daikuinterior_C5SJYPRxfp3_0.jpg,dapur,dapur,0.8133,moved
2024-04-03_C5SJYPRxfp3,daikuinterior_C5SJYPRxfp3_1.jpg,dapur,dapur,0.7333,moved
2024-04-03_C5SJYPRxfp3,daikuinterior_C5SJYPRxfp3_2.jpg,dapur,dapur,0.6795,moved
2024-04-03_C5SJYPRxfp3,daikuinterior_C5SJYPRxfp3_3.jpg,furnitur-detail,dapur,0.5926,moved
2024-04-03_C5SJYPRxfp3,daikuinterior_C5SJYPRxfp3_4.jpg,furnitur-detail,dapur,0.349,moved
2024-04-03_C5SJYPRxfp3,daikuinterior_C5SJYPRxfp3_5.jpg,furnitur-detail,dapur,0.4093,moved
2024-04-05_C5XZoJXRy_S,daikuinterior_C5XZoJXRy_S_0.jpg,furnitur-detail,furnitur-detail,0.8138,moved
2024-04-05_C5XZoJXRy_S,daikuinterior_C5XZoJXRy_S_1.jpg,furnitur-detail,furnitur-detail,0.7804,moved
2024-04-05_C5XZoJXRy_S,daikuinterior_C5XZoJXRy_S_2.jpg,dapur,furnitur-detail,0.705,moved
2024-04-06_C5aPnMwxMdn,daikuinterior_C5aPnMwxMdn_0.jpg,kamar-mandi,kamar-mandi,0.6446,moved
2024-04-06_C5aPnMwxMdn,daikuinterior_C5aPnMwxMdn_1.jpg,furnitur-detail,kamar-mandi,0.4688,moved
2024-04-10_C5j77oTSeX1,daikuinterior_C5j77oTSeX1_0.jpg,promosi,promosi,0.9982,moved
2024-04-22_C6DX_g_RJsW,daikuinterior_C6DX_g_RJsW_0.jpg,furnitur-detail,furnitur-detail,0.4273,moved
2024-04-22_C6DX_g_RJsW,daikuinterior_C6DX_g_RJsW_1.jpg,perlu-ditinjau,perlu-ditinjau,0.3294,moved
2024-04-22_C6DX_g_RJsW,daikuinterior_C6DX_g_RJsW_2.jpg,furnitur-detail,furnitur-detail,0.6311,moved
2024-04-22_C6DX_g_RJsW,daikuinterior_C6DX_g_RJsW_3.jpg,furnitur-detail,furnitur-detail,0.3829,moved
2024-04-22_C6DX_g_RJsW,daikuinterior_C6DX_g_RJsW_4.jpg,ruang-usaha,furnitur-detail,0.3745,moved
2024-04-25_C6LcGpARFnT,daikuinterior_C6LcGpARFnT_0.jpg,kamar-mandi,kamar-mandi,0.8705,moved
2024-04-25_C6LcGpARFnT,daikuinterior_C6LcGpARFnT_1.jpg,kamar-mandi,kamar-mandi,0.5499,moved
2024-04-25_C6LcGpARFnT,daikuinterior_C6LcGpARFnT_2.jpg,furnitur-detail,kamar-mandi,0.5201,moved
2024-04-27_C6QDXhfRQ-Y,daikuinterior_C6QDXhfRQ-Y_0.jpg,kamar-mandi,kamar-mandi,0.9278,moved
2024-04-27_C6QDXhfRQ-Y,daikuinterior_C6QDXhfRQ-Y_1.jpg,kamar-mandi,kamar-mandi,0.9598,moved
2024-04-27_C6QDXhfRQ-Y,daikuinterior_C6QDXhfRQ-Y_2.jpg,kamar-mandi,kamar-mandi,0.9245,moved
2024-04-30_C6Xpil5xPo6,daikuinterior_C6Xpil5xPo6_0.jpg,kamar-mandi,kamar-mandi,0.6719,moved
2024-04-30_C6Xpil5xPo6,daikuinterior_C6Xpil5xPo6_1.jpg,kamar-mandi,kamar-mandi,0.9085,moved
2024-04-30_C6Xpil5xPo6,daikuinterior_C6Xpil5xPo6_2.jpg,kamar-mandi,kamar-mandi,0.8805,moved
2024-05-01_C6aO73FR1Cf,daikuinterior_C6aO73FR1Cf_0.jpg,ruang-usaha,ruang-usaha,0.3707,moved
2024-05-01_C6aO73FR1Cf,daikuinterior_C6aO73FR1Cf_1.jpg,ruang-usaha,ruang-usaha,0.3849,moved
2024-05-01_C6aOo3sRqo6,daikuinterior_C6aOo3sRqo6_0.jpg,furnitur-detail,furnitur-detail,0.594,moved
2024-05-01_C6aOo3sRqo6,daikuinterior_C6aOo3sRqo6_1.jpg,furnitur-detail,furnitur-detail,0.6665,moved
2024-05-01_C6aOo3sRqo6,daikuinterior_C6aOo3sRqo6_2.jpg,furnitur-detail,furnitur-detail,0.4803,moved
2024-05-01_C6aOo3sRqo6,daikuinterior_C6aOo3sRqo6_3.jpg,furnitur-detail,furnitur-detail,0.5558,moved
2024-05-01_C6aOo3sRqo6,daikuinterior_C6aOo3sRqo6_4.jpg,furnitur-detail,furnitur-detail,0.5501,moved
2024-05-01_C6aOzoLxOBi,daikuinterior_C6aOzoLxOBi_0.jpg,dapur,furnitur-detail,0.4434,moved
2024-05-01_C6aOzoLxOBi,daikuinterior_C6aOzoLxOBi_1.jpg,kamar-mandi,furnitur-detail,0.5708,moved
2024-05-01_C6aOzoLxOBi,daikuinterior_C6aOzoLxOBi_2.jpg,furnitur-detail,furnitur-detail,0.9109,moved
2024-05-01_C6aOzoLxOBi,daikuinterior_C6aOzoLxOBi_3.jpg,furnitur-detail,furnitur-detail,0.7781,moved
2024-05-01_C6aOzoLxOBi,daikuinterior_C6aOzoLxOBi_4.jpg,furnitur-detail,furnitur-detail,0.6984,moved
2024-05-02_C6c2TnzxsTX,daikuinterior_C6c2TnzxsTX_0.jpg,furnitur-detail,ruang-usaha,0.4978,moved
2024-05-02_C6c2TnzxsTX,daikuinterior_C6c2TnzxsTX_1.jpg,ruang-usaha,ruang-usaha,0.7817,moved
2024-05-02_C6c2TnzxsTX,daikuinterior_C6c2TnzxsTX_2.jpg,ruang-usaha,ruang-usaha,0.8802,moved
2024-05-02_C6dIbLsRUt4,daikuinterior_C6dIbLsRUt4_0.jpg,furnitur-detail,furnitur-detail,0.4789,moved
2024-05-02_C6dIbLsRUt4,daikuinterior_C6dIbLsRUt4_1.jpg,furnitur-detail,furnitur-detail,0.4545,moved
2024-05-02_C6dIbLsRUt4,daikuinterior_C6dIbLsRUt4_2.jpg,ruang-keluarga,furnitur-detail,0.485,moved
2024-05-02_C6dIbLsRUt4,daikuinterior_C6dIbLsRUt4_3.jpg,furnitur-detail,furnitur-detail,0.4012,moved
2024-05-03_C6f7nXdRPmV,daikuinterior_C6f7nXdRPmV_0.jpg,eksterior,eksterior,0.8894,moved
2024-05-03_C6f7nXdRPmV,daikuinterior_C6f7nXdRPmV_1.jpg,promosi,promosi,0.4496,moved
2024-05-03_C6f7SJAxiTl,daikuinterior_C6f7SJAxiTl_0.jpg,kamar-mandi,kamar-mandi,0.6935,moved
2024-05-03_C6f7SJAxiTl,daikuinterior_C6f7SJAxiTl_1.jpg,kamar-mandi,kamar-mandi,0.9491,moved
2024-05-03_C6f7SJAxiTl,daikuinterior_C6f7SJAxiTl_2.jpg,kamar-mandi,kamar-mandi,0.7085,moved
2024-05-05_C6krdIgRagg,daikuinterior_C6krdIgRagg_0.jpg,furnitur-detail,furnitur-detail,0.6982,moved
2024-05-05_C6krdIgRagg,daikuinterior_C6krdIgRagg_1.jpg,furnitur-detail,furnitur-detail,0.6685,moved
2024-05-05_C6krZLnRN7s,daikuinterior_C6krZLnRN7s_0.jpg,furnitur-detail,furnitur-detail,0.4603,moved
2024-05-05_C6krZLnRN7s,daikuinterior_C6krZLnRN7s_1.jpg,perlu-ditinjau,perlu-ditinjau,0.321,moved
2024-05-07_C6pqqqNRveT,daikuinterior_C6pqqqNRveT_0.jpg,furnitur-detail,furnitur-detail,0.4144,moved
2024-05-07_C6pqqqNRveT,daikuinterior_C6pqqqNRveT_1.jpg,furnitur-detail,furnitur-detail,0.4921,moved
2024-05-07_C6pqqqNRveT,daikuinterior_C6pqqqNRveT_2.jpg,furnitur-detail,furnitur-detail,0.4053,moved
2024-05-08_C6sNMpnx9xK,daikuinterior_C6sNMpnx9xK_0.jpg,ruang-usaha,ruang-usaha,0.9173,moved
2024-05-08_C6sNMpnx9xK,daikuinterior_C6sNMpnx9xK_1.jpg,ruang-usaha,ruang-usaha,0.791,moved
2024-05-08_C6sNMpnx9xK,daikuinterior_C6sNMpnx9xK_2.jpg,ruang-usaha,ruang-usaha,0.9317,moved
2024-05-08_C6sNMpnx9xK,daikuinterior_C6sNMpnx9xK_3.jpg,ruang-usaha,ruang-usaha,0.8518,moved
2024-05-08_C6sNMpnx9xK,daikuinterior_C6sNMpnx9xK_4.jpg,ruang-usaha,ruang-usaha,0.8827,moved
2024-05-08_C6sNMpnx9xK,daikuinterior_C6sNMpnx9xK_5.jpg,ruang-usaha,ruang-usaha,0.7802,moved
2024-05-08_C6sNWBWRqS9,daikuinterior_C6sNWBWRqS9_0.jpg,furnitur-detail,furnitur-detail,0.5559,moved
2024-05-08_C6sNWBWRqS9,daikuinterior_C6sNWBWRqS9_1.jpg,furnitur-detail,furnitur-detail,0.4206,moved
2024-05-08_C6sNWBWRqS9,daikuinterior_C6sNWBWRqS9_2.jpg,furnitur-detail,furnitur-detail,0.4795,moved
2024-05-08_C6sPn7vRchy,daikuinterior_C6sPn7vRchy_0.jpg,furnitur-detail,furnitur-detail,0.4939,moved
2024-05-08_C6sPn7vRchy,daikuinterior_C6sPn7vRchy_1.jpg,furnitur-detail,furnitur-detail,0.4961,moved
2024-05-08_C6sPn7vRchy,daikuinterior_C6sPn7vRchy_2.jpg,furnitur-detail,furnitur-detail,0.623,moved
2024-05-08_C6sPXsfRixD,daikuinterior_C6sPXsfRixD_0.jpg,ruang-usaha,ruang-usaha,0.9664,moved
2024-05-08_C6sPXsfRixD,daikuinterior_C6sPXsfRixD_1.jpg,ruang-usaha,ruang-usaha,0.702,moved
2024-05-08_C6sPXsfRixD,daikuinterior_C6sPXsfRixD_2.jpg,ruang-usaha,ruang-usaha,0.861,moved
2024-05-08_C6sPXsfRixD,daikuinterior_C6sPXsfRixD_3.jpg,ruang-usaha,ruang-usaha,0.7354,moved
2024-05-08_C6sVMrCRg2f,daikuinterior_C6sVMrCRg2f_0.jpg,ruang-usaha,ruang-usaha,0.6363,moved
2024-05-08_C6sVMrCRg2f,daikuinterior_C6sVMrCRg2f_1.jpg,furnitur-detail,ruang-usaha,0.5544,moved
2024-05-08_C6sVMrCRg2f,daikuinterior_C6sVMrCRg2f_2.jpg,ruang-usaha,ruang-usaha,0.4762,moved
2024-05-11_C6z6CM3xG03,daikuinterior_C6z6CM3xG03_0.jpg,ruang-usaha,ruang-usaha,0.8236,moved
2024-05-11_C6z6CM3xG03,daikuinterior_C6z6CM3xG03_1.jpg,ruang-usaha,ruang-usaha,0.8445,moved
2024-05-12_C62iJWhRSlX,daikuinterior_C62iJWhRSlX_0.jpg,furnitur-detail,furnitur-detail,0.5308,moved
2024-05-12_C62iJWhRSlX,daikuinterior_C62iJWhRSlX_1.jpg,furnitur-detail,furnitur-detail,0.9456,moved
2024-05-12_C62iJWhRSlX,daikuinterior_C62iJWhRSlX_2.jpg,furnitur-detail,furnitur-detail,0.7746,moved
2024-05-12_C62iJWhRSlX,daikuinterior_C62iJWhRSlX_3.jpg,furnitur-detail,furnitur-detail,0.7707,moved
2024-05-13_C65DBNuxQEA,daikuinterior_C65DBNuxQEA_0.jpg,dapur,dapur,0.8698,moved
2024-05-13_C65DBNuxQEA,daikuinterior_C65DBNuxQEA_1.jpg,dapur,dapur,0.8725,moved
2024-05-13_C65DBNuxQEA,daikuinterior_C65DBNuxQEA_2.jpg,dapur,dapur,0.819,moved
2024-05-13_C65DBNuxQEA,daikuinterior_C65DBNuxQEA_3.jpg,dapur,dapur,0.8137,moved
2024-05-13_C65DZLpRHMh,daikuinterior_C65DZLpRHMh_0.jpg,ruang-usaha,ruang-usaha,0.6011,moved
2024-05-13_C65DZLpRHMh,daikuinterior_C65DZLpRHMh_1.jpg,ruang-usaha,ruang-usaha,0.7162,moved
2024-05-13_C65DZLpRHMh,daikuinterior_C65DZLpRHMh_2.jpg,promosi,promosi,0.5326,moved
2024-05-13_C65DZLpRHMh,daikuinterior_C65DZLpRHMh_3.jpg,promosi,promosi,0.9616,moved
2024-05-15_C6-qXUZRhE1,daikuinterior_C6-qXUZRhE1_0.jpg,furnitur-detail,furnitur-detail,0.8295,moved
2024-05-15_C6-qXUZRhE1,daikuinterior_C6-qXUZRhE1_1.jpg,furnitur-detail,furnitur-detail,0.8478,moved
2024-05-15_C6-qXUZRhE1,daikuinterior_C6-qXUZRhE1_2.jpg,furnitur-detail,furnitur-detail,0.782,moved
2024-05-21_C7NnRNXx3rr,daikuinterior_C7NnRNXx3rr_0.jpg,ruang-usaha,ruang-usaha,0.8062,moved
2024-05-21_C7NnRNXx3rr,daikuinterior_C7NnRNXx3rr_1.jpg,ruang-usaha,ruang-usaha,0.8311,moved
2024-05-21_C7NnRNXx3rr,daikuinterior_C7NnRNXx3rr_2.jpg,ruang-usaha,ruang-usaha,0.985,moved
2024-05-21_C7NnRNXx3rr,daikuinterior_C7NnRNXx3rr_3.jpg,ruang-usaha,ruang-usaha,0.9793,moved
2024-05-21_C7NnRNXx3rr,daikuinterior_C7NnRNXx3rr_4.jpg,ruang-usaha,ruang-usaha,0.9688,moved
2024-05-21_C7NnRNXx3rr,daikuinterior_C7NnRNXx3rr_5.jpg,ruang-usaha,ruang-usaha,0.9535,moved
2024-05-21_C7NnRNXx3rr,daikuinterior_C7NnRNXx3rr_6.jpg,ruang-usaha,ruang-usaha,0.9334,moved
2024-05-21_C7NnRNXx3rr,daikuinterior_C7NnRNXx3rr_7.jpg,ruang-usaha,ruang-usaha,0.8689,moved
2024-05-21_C7NnRNXx3rr,daikuinterior_C7NnRNXx3rr_8.jpg,ruang-usaha,ruang-usaha,0.9321,moved
2024-05-21_C7NnXWdRKt8,daikuinterior_C7NnXWdRKt8_0.jpg,ruang-usaha,furnitur-detail,0.7699,moved
2024-05-21_C7NnXWdRKt8,daikuinterior_C7NnXWdRKt8_1.jpg,furnitur-detail,furnitur-detail,0.7923,moved
2024-05-21_C7NnXWdRKt8,daikuinterior_C7NnXWdRKt8_2.jpg,furnitur-detail,furnitur-detail,0.5357,moved
2024-05-25_C7YEwWmxjia,daikuinterior_C7YEwWmxjia_0.jpg,furnitur-detail,furnitur-detail,0.7464,moved
2024-05-25_C7YEwWmxjia,daikuinterior_C7YEwWmxjia_1.jpg,furnitur-detail,furnitur-detail,0.7834,moved
2024-05-25_C7YFBR6RKaa,daikuinterior_C7YFBR6RKaa_0.jpg,kamar-mandi,kamar-mandi,0.7555,moved
2024-05-25_C7YFBR6RKaa,daikuinterior_C7YFBR6RKaa_1.jpg,ruang-usaha,kamar-mandi,0.3565,moved
2024-05-25_C7YFBR6RKaa,daikuinterior_C7YFBR6RKaa_2.jpg,perlu-ditinjau,perlu-ditinjau,0.2744,moved
2024-05-25_C7YFBR6RKaa,daikuinterior_C7YFBR6RKaa_3.jpg,perlu-ditinjau,perlu-ditinjau,0.2597,moved
2024-05-25_C7YFBR6RKaa,daikuinterior_C7YFBR6RKaa_4.jpg,kamar-mandi,kamar-mandi,0.6565,moved
2024-05-25_C7YFBR6RKaa,daikuinterior_C7YFBR6RKaa_5.jpg,kamar-mandi,kamar-mandi,0.5598,moved
2024-05-25_C7YFBR6RKaa,daikuinterior_C7YFBR6RKaa_6.jpg,kamar-mandi,kamar-mandi,0.8821,moved
2024-05-28_C7gF-y4Rx9d,daikuinterior_C7gF-y4Rx9d_0.jpg,dapur,dapur,0.7649,moved
2024-05-28_C7gF-y4Rx9d,daikuinterior_C7gF-y4Rx9d_1.jpg,dapur,dapur,0.9207,moved
2024-05-28_C7gF-y4Rx9d,daikuinterior_C7gF-y4Rx9d_2.jpg,dapur,dapur,0.7357,moved
2024-05-29_C7iicayRL9z,daikuinterior_C7iicayRL9z_0.jpg,kamar-mandi,kamar-mandi,0.3842,moved
2024-05-29_C7iicayRL9z,daikuinterior_C7iicayRL9z_1.jpg,furnitur-detail,kamar-mandi,0.4811,moved
2024-05-29_C7iicayRL9z,daikuinterior_C7iicayRL9z_2.jpg,perlu-ditinjau,perlu-ditinjau,0.2975,moved
2024-05-29_C7iicayRL9z,daikuinterior_C7iicayRL9z_3.jpg,kamar-mandi,kamar-mandi,0.6972,moved
2024-05-31_C7nkuO1RG6V,daikuinterior_C7nkuO1RG6V_0.jpg,ruang-usaha,ruang-usaha,0.3947,moved
2024-05-31_C7nkuO1RG6V,daikuinterior_C7nkuO1RG6V_1.jpg,perlu-ditinjau,perlu-ditinjau,0.2306,moved
2024-05-31_C7nkuO1RG6V,daikuinterior_C7nkuO1RG6V_2.jpg,ruang-usaha,ruang-usaha,0.3481,moved
2024-05-31_C7nkuO1RG6V,daikuinterior_C7nkuO1RG6V_3.jpg,kamar-mandi,ruang-usaha,0.4814,moved
2024-05-31_C7nkuO1RG6V,daikuinterior_C7nkuO1RG6V_4.jpg,ruang-usaha,ruang-usaha,0.5377,moved
2024-05-31_C7nkuO1RG6V,daikuinterior_C7nkuO1RG6V_5.jpg,ruang-makan,ruang-usaha,0.3706,moved
2024-05-31_C7nkuO1RG6V,daikuinterior_C7nkuO1RG6V_6.jpg,kamar-mandi,ruang-usaha,0.9124,moved
2024-05-31_C7nkuO1RG6V,daikuinterior_C7nkuO1RG6V_7.jpg,perlu-ditinjau,perlu-ditinjau,0.2591,moved
2024-05-31_C7nkuO1RG6V,daikuinterior_C7nkuO1RG6V_8.jpg,dapur,ruang-usaha,0.4489,moved
2024-06-02_C7spMQkxkkv,daikuinterior_C7spMQkxkkv_0.jpg,ruang-usaha,ruang-usaha,0.693,moved
2024-06-02_C7spMQkxkkv,daikuinterior_C7spMQkxkkv_1.jpg,ruang-usaha,ruang-usaha,0.8177,moved
2024-06-02_C7spMQkxkkv,daikuinterior_C7spMQkxkkv_2.jpg,ruang-usaha,ruang-usaha,0.7174,moved
2024-06-02_C7spMQkxkkv,daikuinterior_C7spMQkxkkv_3.jpg,ruang-usaha,ruang-usaha,0.7638,moved
2024-06-07_C75pJ0OR3up,daikuinterior_C75pJ0OR3up_0.jpg,furnitur-detail,furnitur-detail,0.6966,moved
2024-06-07_C75pJ0OR3up,daikuinterior_C75pJ0OR3up_1.jpg,furnitur-detail,furnitur-detail,0.7225,moved
2024-06-07_C75pJ0OR3up,daikuinterior_C75pJ0OR3up_2.jpg,furnitur-detail,furnitur-detail,0.8362,moved
2024-06-08_C779Tb-SlTZ,daikuinterior_C779Tb-SlTZ_0.jpg,furnitur-detail,furnitur-detail,0.5519,moved
2024-06-08_C779Tb-SlTZ,daikuinterior_C779Tb-SlTZ_1.jpg,furnitur-detail,furnitur-detail,0.5662,moved
2024-06-08_C78COVxxedp,daikuinterior_C78COVxxedp_0.jpg,furnitur-detail,furnitur-detail,0.5655,moved
2024-06-08_C78COVxxedp,daikuinterior_C78COVxxedp_1.jpg,furnitur-detail,furnitur-detail,0.579,moved
2024-06-08_C78COVxxedp,daikuinterior_C78COVxxedp_2.jpg,furnitur-detail,furnitur-detail,0.6443,moved
2024-06-09_C7-m6MqxaF5,daikuinterior_C7-m6MqxaF5_0.jpg,kamar-mandi,kamar-mandi,0.4838,moved
2024-06-09_C7-m6MqxaF5,daikuinterior_C7-m6MqxaF5_1.jpg,furnitur-detail,kamar-mandi,0.6287,moved
2024-06-09_C7-m6MqxaF5,daikuinterior_C7-m6MqxaF5_2.jpg,kamar-mandi,kamar-mandi,0.4565,moved
2024-06-09_C7-m6MqxaF5,daikuinterior_C7-m6MqxaF5_3.jpg,kamar-mandi,kamar-mandi,0.7699,moved
2024-06-09_C7-m6MqxaF5,daikuinterior_C7-m6MqxaF5_4.jpg,furnitur-detail,kamar-mandi,0.7531,moved
2024-06-09_C7-m6MqxaF5,daikuinterior_C7-m6MqxaF5_5.jpg,kamar-mandi,kamar-mandi,0.5094,moved
2024-06-09_C7-m6MqxaF5,daikuinterior_C7-m6MqxaF5_6.jpg,furnitur-detail,kamar-mandi,0.4416,moved
2024-06-09_C7-m6MqxaF5,daikuinterior_C7-m6MqxaF5_7.jpg,kamar-mandi,kamar-mandi,0.4861,moved
2024-06-09_C7-nWnWRyFx,daikuinterior_C7-nWnWRyFx_0.jpg,furnitur-detail,furnitur-detail,0.841,moved
2024-06-09_C7-nWnWRyFx,daikuinterior_C7-nWnWRyFx_1.jpg,furnitur-detail,furnitur-detail,0.8055,moved
2024-06-09_C7-nWnWRyFx,daikuinterior_C7-nWnWRyFx_2.jpg,furnitur-detail,furnitur-detail,0.7453,moved
2024-06-11_C8EInZMRCpW,daikuinterior_C8EInZMRCpW_0.jpg,furnitur-detail,furnitur-detail,0.8184,moved
2024-06-11_C8EInZMRCpW,daikuinterior_C8EInZMRCpW_1.jpg,ruang-usaha,furnitur-detail,0.5963,moved
2024-06-13_C8JF1EaRbsr,daikuinterior_C8JF1EaRbsr_0.jpg,dapur,dapur,0.3959,moved
2024-06-13_C8JF1EaRbsr,daikuinterior_C8JF1EaRbsr_1.jpg,perlu-ditinjau,perlu-ditinjau,0.1969,moved
2024-06-13_C8JF1EaRbsr,daikuinterior_C8JF1EaRbsr_2.jpg,ruang-usaha,dapur,0.5869,moved
2024-06-13_C8JF1EaRbsr,daikuinterior_C8JF1EaRbsr_3.jpg,kamar-mandi,dapur,0.8737,moved
2024-06-13_C8JF1EaRbsr,daikuinterior_C8JF1EaRbsr_4.jpg,perlu-ditinjau,perlu-ditinjau,0.2983,moved
2024-06-13_C8JFtAmx2km,daikuinterior_C8JFtAmx2km_0.jpg,eksterior,eksterior,0.7526,moved
2024-06-13_C8JFtAmx2km,daikuinterior_C8JFtAmx2km_1.jpg,ruang-usaha,eksterior,0.5737,moved
2024-06-13_C8JFtAmx2km,daikuinterior_C8JFtAmx2km_2.jpg,ruang-usaha,eksterior,0.5795,moved
2024-06-13_C8JFtAmx2km,daikuinterior_C8JFtAmx2km_3.jpg,eksterior,eksterior,0.9057,moved
2024-06-13_C8JFtAmx2km,daikuinterior_C8JFtAmx2km_4.jpg,eksterior,eksterior,0.6844,moved
2024-06-17_C8TNk9TxO8E,daikuinterior_C8TNk9TxO8E_0.jpg,promosi,promosi,0.9178,moved
2024-06-18_C8Vz6LNRd4U,daikuinterior_C8Vz6LNRd4U_0.jpg,kamar-tidur,kamar-tidur,0.9062,moved
2024-06-18_C8Vz6LNRd4U,daikuinterior_C8Vz6LNRd4U_1.jpg,kamar-tidur,kamar-tidur,0.9028,moved
2024-06-18_C8Vz6LNRd4U,daikuinterior_C8Vz6LNRd4U_2.jpg,kamar-tidur,kamar-tidur,0.5144,moved
2024-06-18_C8Vz6LNRd4U,daikuinterior_C8Vz6LNRd4U_3.jpg,kamar-tidur,kamar-tidur,0.4765,moved
2024-06-18_C8Vz6LNRd4U,daikuinterior_C8Vz6LNRd4U_4.jpg,kamar-tidur,kamar-tidur,0.9297,moved
2024-06-18_C8Vz6LNRd4U,daikuinterior_C8Vz6LNRd4U_5.jpg,kamar-mandi,kamar-tidur,0.8397,moved
2024-06-18_C8Vz6LNRd4U,daikuinterior_C8Vz6LNRd4U_6.jpg,kamar-mandi,kamar-tidur,0.7283,moved
2024-06-18_C8Vz6LNRd4U,daikuinterior_C8Vz6LNRd4U_7.jpg,kamar-mandi,kamar-tidur,0.482,moved
2024-06-18_C8Vz6LNRd4U,daikuinterior_C8Vz6LNRd4U_8.jpg,kamar-mandi,kamar-tidur,0.827,moved
2024-06-18_C8Vz6LNRd4U,daikuinterior_C8Vz6LNRd4U_9.jpg,kamar-mandi,kamar-tidur,0.8646,moved
2024-06-19_C8YdNGSR1Pn,daikuinterior_C8YdNGSR1Pn_0.jpg,furnitur-detail,dapur,0.6077,moved
2024-06-19_C8YdNGSR1Pn,daikuinterior_C8YdNGSR1Pn_1.jpg,dapur,dapur,0.7593,moved
2024-06-19_C8YdNGSR1Pn,daikuinterior_C8YdNGSR1Pn_2.jpg,dapur,dapur,0.6862,moved
2024-06-19_C8YdNGSR1Pn,daikuinterior_C8YdNGSR1Pn_3.jpg,dapur,dapur,0.392,moved
2024-06-19_C8YdNGSR1Pn,daikuinterior_C8YdNGSR1Pn_4.jpg,furnitur-detail,dapur,0.5392,moved
2024-06-19_C8YdNGSR1Pn,daikuinterior_C8YdNGSR1Pn_5.jpg,ruang-usaha,dapur,0.6187,moved
2024-06-19_C8YgmPAx_XT,daikuinterior_C8YgmPAx_XT_0.jpg,kamar-mandi,kamar-mandi,0.9642,moved
2024-06-19_C8YgmPAx_XT,daikuinterior_C8YgmPAx_XT_1.jpg,kamar-mandi,kamar-mandi,0.6933,moved
2024-06-19_C8YgmPAx_XT,daikuinterior_C8YgmPAx_XT_2.jpg,kamar-mandi,kamar-mandi,0.7511,moved
2024-06-19_C8YgmPAx_XT,daikuinterior_C8YgmPAx_XT_3.jpg,kamar-mandi,kamar-mandi,0.7719,moved
2024-06-19_C8YgmPAx_XT,daikuinterior_C8YgmPAx_XT_4.jpg,kamar-mandi,kamar-mandi,0.9532,moved
2024-06-26_C8qcrBIRoF8,daikuinterior_C8qcrBIRoF8_0.jpg,kamar-mandi,kamar-mandi,0.652,moved
2024-06-26_C8qcrBIRoF8,daikuinterior_C8qcrBIRoF8_1.jpg,furnitur-detail,kamar-mandi,0.4246,moved
2024-06-26_C8qcrBIRoF8,daikuinterior_C8qcrBIRoF8_2.jpg,ruang-usaha,kamar-mandi,0.5026,moved
2024-06-26_C8qcrBIRoF8,daikuinterior_C8qcrBIRoF8_3.jpg,kamar-mandi,kamar-mandi,0.4919,moved
2024-06-26_C8qcrBIRoF8,daikuinterior_C8qcrBIRoF8_4.jpg,kamar-tidur,kamar-mandi,0.9423,moved
2024-06-26_C8qcrBIRoF8,daikuinterior_C8qcrBIRoF8_5.jpg,kamar-tidur,kamar-mandi,0.8478,moved
2024-06-26_C8qcZXGRJLi,daikuinterior_C8qcZXGRJLi_0.jpg,ruang-usaha,ruang-usaha,0.9274,moved
2024-06-26_C8qcZXGRJLi,daikuinterior_C8qcZXGRJLi_1.jpg,ruang-usaha,ruang-usaha,0.5548,moved
2024-06-26_C8qcZXGRJLi,daikuinterior_C8qcZXGRJLi_2.jpg,ruang-usaha,ruang-usaha,0.7972,moved
2024-06-26_C8qcZXGRJLi,daikuinterior_C8qcZXGRJLi_3.jpg,ruang-usaha,ruang-usaha,0.4547,moved
2024-06-26_C8qcZXGRJLi,daikuinterior_C8qcZXGRJLi_4.jpg,ruang-usaha,ruang-usaha,0.4674,moved
2024-06-26_C8qcZXGRJLi,daikuinterior_C8qcZXGRJLi_5.jpg,furnitur-detail,ruang-usaha,0.4239,moved
2024-06-26_C8qcZXGRJLi,daikuinterior_C8qcZXGRJLi_6.jpg,perlu-ditinjau,perlu-ditinjau,0.2604,moved
2024-06-26_C8qcZXGRJLi,daikuinterior_C8qcZXGRJLi_7.jpg,dapur,ruang-usaha,0.6424,moved
2024-07-01_C83rEAURw99,daikuinterior_C83rEAURw99_0.jpg,furnitur-detail,furnitur-detail,0.462,moved
2024-07-01_C83rEAURw99,daikuinterior_C83rEAURw99_1.jpg,furnitur-detail,furnitur-detail,0.8373,moved
2024-07-01_C83rEAURw99,daikuinterior_C83rEAURw99_2.jpg,furnitur-detail,furnitur-detail,0.8395,moved
2024-07-03_C88nTynRIp0,daikuinterior_C88nTynRIp0_0.jpg,furnitur-detail,furnitur-detail,0.6927,moved
2024-07-03_C88nTynRIp0,daikuinterior_C88nTynRIp0_1.jpg,kamar-tidur,furnitur-detail,0.5267,moved
2024-07-03_C88nTynRIp0,daikuinterior_C88nTynRIp0_2.jpg,furnitur-detail,furnitur-detail,0.8441,moved
2024-07-03_C88pxjvxsj7,daikuinterior_C88pxjvxsj7_0.jpg,ruang-kerja,ruang-kerja,0.5333,moved
2024-07-03_C88pxjvxsj7,daikuinterior_C88pxjvxsj7_1.jpg,ruang-kerja,ruang-kerja,0.8842,moved
2024-07-03_C88pxjvxsj7,daikuinterior_C88pxjvxsj7_2.jpg,furnitur-detail,ruang-kerja,0.3733,moved
2024-07-04_C8_p766xEac,daikuinterior_C8_p766xEac_0.jpg,dapur,dapur,0.7866,moved
2024-07-04_C8_p766xEac,daikuinterior_C8_p766xEac_1.jpg,dapur,dapur,0.8631,moved
2024-07-04_C8_p766xEac,daikuinterior_C8_p766xEac_2.jpg,dapur,dapur,0.8765,moved
2024-07-04_C8_pdR1RBG5,daikuinterior_C8_pdR1RBG5_0.jpg,ruang-usaha,ruang-usaha,0.8801,moved
2024-07-04_C8_pdR1RBG5,daikuinterior_C8_pdR1RBG5_1.jpg,ruang-usaha,ruang-usaha,0.6243,moved
2024-07-04_C8_pdR1RBG5,daikuinterior_C8_pdR1RBG5_2.jpg,ruang-usaha,ruang-usaha,0.7688,moved
2024-07-04_C8_pdR1RBG5,daikuinterior_C8_pdR1RBG5_3.jpg,ruang-usaha,ruang-usaha,0.7454,moved
2024-07-04_C8_pdR1RBG5,daikuinterior_C8_pdR1RBG5_4.jpg,ruang-usaha,ruang-usaha,0.8267,moved
2024-07-04_C8_pdR1RBG5,daikuinterior_C8_pdR1RBG5_5.jpg,ruang-usaha,ruang-usaha,0.716,moved
2024-07-04_C8_pdR1RBG5,daikuinterior_C8_pdR1RBG5_6.jpg,ruang-usaha,ruang-usaha,0.4124,moved
2024-07-04_C8_pdR1RBG5,daikuinterior_C8_pdR1RBG5_7.jpg,furnitur-detail,ruang-usaha,0.5084,moved
2024-07-04_C8_pdR1RBG5,daikuinterior_C8_pdR1RBG5_8.jpg,ruang-usaha,ruang-usaha,0.9219,moved
2024-07-04_C8_phrsxg07,daikuinterior_C8_phrsxg07_0.jpg,eksterior,furnitur-detail,0.4406,moved
2024-07-04_C8_phrsxg07,daikuinterior_C8_phrsxg07_1.jpg,furnitur-detail,furnitur-detail,0.4445,moved
2024-07-04_C8_phrsxg07,daikuinterior_C8_phrsxg07_2.jpg,kamar-mandi,furnitur-detail,0.5474,moved
2024-07-04_C8_phrsxg07,daikuinterior_C8_phrsxg07_3.jpg,furnitur-detail,furnitur-detail,0.6158,moved
2024-07-04_C8_phrsxg07,daikuinterior_C8_phrsxg07_4.jpg,furnitur-detail,furnitur-detail,0.4188,moved
2024-07-04_C8_qKbGRYEx,daikuinterior_C8_qKbGRYEx_0.jpg,kamar-mandi,kamar-mandi,0.5613,moved
2024-07-04_C8_qKbGRYEx,daikuinterior_C8_qKbGRYEx_1.jpg,perlu-ditinjau,perlu-ditinjau,0.3159,moved
2024-07-06_C9E20EQxfU0,daikuinterior_C9E20EQxfU0_0.jpg,kamar-tidur,kamar-tidur,0.9297,moved
2024-07-06_C9E20EQxfU0,daikuinterior_C9E20EQxfU0_1.jpg,kamar-tidur,kamar-tidur,0.9196,moved
2024-07-06_C9E20EQxfU0,daikuinterior_C9E20EQxfU0_2.jpg,kamar-tidur,kamar-tidur,0.8711,moved
2024-07-06_C9E20EQxfU0,daikuinterior_C9E20EQxfU0_3.jpg,kamar-tidur,kamar-tidur,0.6717,moved
2024-07-06_C9E20EQxfU0,daikuinterior_C9E20EQxfU0_4.jpg,kamar-tidur,kamar-tidur,0.9104,moved
2024-07-06_C9E20EQxfU0,daikuinterior_C9E20EQxfU0_5.jpg,kamar-tidur,kamar-tidur,0.6536,moved
2024-07-06_C9E29haRexk,daikuinterior_C9E29haRexk_0.jpg,dapur,dapur,0.8819,moved
2024-07-06_C9E29haRexk,daikuinterior_C9E29haRexk_1.jpg,kamar-mandi,dapur,0.5837,moved
2024-07-06_C9E29haRexk,daikuinterior_C9E29haRexk_2.jpg,dapur,dapur,0.9255,moved
2024-07-06_C9E2dFJxMly,daikuinterior_C9E2dFJxMly_0.jpg,ruang-usaha,ruang-usaha,0.8494,moved
2024-07-06_C9E2dFJxMly,daikuinterior_C9E2dFJxMly_1.jpg,ruang-usaha,ruang-usaha,0.8067,moved
2024-07-06_C9E2dFJxMly,daikuinterior_C9E2dFJxMly_2.jpg,ruang-usaha,ruang-usaha,0.7912,moved
2024-07-06_C9E2dFJxMly,daikuinterior_C9E2dFJxMly_3.jpg,ruang-usaha,ruang-usaha,0.9678,moved
2024-07-06_C9E2dFJxMly,daikuinterior_C9E2dFJxMly_4.jpg,ruang-usaha,ruang-usaha,0.9568,moved
2024-07-06_C9E2dFJxMly,daikuinterior_C9E2dFJxMly_5.jpg,ruang-usaha,ruang-usaha,0.8495,moved
2024-07-06_C9E2dFJxMly,daikuinterior_C9E2dFJxMly_6.jpg,furnitur-detail,ruang-usaha,0.6884,moved
2024-07-06_C9E2dFJxMly,daikuinterior_C9E2dFJxMly_7.jpg,ruang-usaha,ruang-usaha,0.6374,moved
2024-07-06_C9E2dFJxMly,daikuinterior_C9E2dFJxMly_8.jpg,ruang-usaha,ruang-usaha,0.7762,moved
2024-07-06_C9E2Hspx1uJ,daikuinterior_C9E2Hspx1uJ_0.jpg,dapur,dapur,0.9515,moved
2024-07-06_C9E2Hspx1uJ,daikuinterior_C9E2Hspx1uJ_1.jpg,dapur,dapur,0.9508,moved
2024-07-07_C9G3aYhxIJt,daikuinterior_C9G3aYhxIJt_0.jpg,promosi,promosi,0.9545,moved
2024-07-08_C9J0AK7xlYw,daikuinterior_C9J0AK7xlYw_0.jpg,ruang-usaha,ruang-usaha,0.9869,moved
2024-07-08_C9J0AK7xlYw,daikuinterior_C9J0AK7xlYw_1.jpg,ruang-usaha,ruang-usaha,0.9045,moved
2024-07-08_C9J0AK7xlYw,daikuinterior_C9J0AK7xlYw_2.jpg,ruang-usaha,ruang-usaha,0.9438,moved
2024-07-08_C9J0AK7xlYw,daikuinterior_C9J0AK7xlYw_3.jpg,ruang-usaha,ruang-usaha,0.9665,moved
2024-07-08_C9J0AK7xlYw,daikuinterior_C9J0AK7xlYw_4.jpg,ruang-usaha,ruang-usaha,0.9882,moved
2024-07-08_C9J0AK7xlYw,daikuinterior_C9J0AK7xlYw_5.jpg,ruang-usaha,ruang-usaha,0.9136,moved
2024-07-08_C9J0AK7xlYw,daikuinterior_C9J0AK7xlYw_6.jpg,ruang-usaha,ruang-usaha,0.9174,moved
2024-07-08_C9J0AK7xlYw,daikuinterior_C9J0AK7xlYw_7.jpg,ruang-usaha,ruang-usaha,0.8374,moved
2024-07-08_C9J0AK7xlYw,daikuinterior_C9J0AK7xlYw_8.jpg,ruang-usaha,ruang-usaha,0.9421,moved
2024-07-08_C9J0AK7xlYw,daikuinterior_C9J0AK7xlYw_9.jpg,ruang-usaha,ruang-usaha,0.8421,moved
2024-07-08_C9J0krXx7Nk,daikuinterior_C9J0krXx7Nk_0.jpg,ruang-usaha,ruang-usaha,0.8905,moved
2024-07-08_C9J0krXx7Nk,daikuinterior_C9J0krXx7Nk_1.jpg,ruang-usaha,ruang-usaha,0.4932,moved
2024-07-08_C9J0krXx7Nk,daikuinterior_C9J0krXx7Nk_2.jpg,ruang-usaha,ruang-usaha,0.4371,moved
2024-07-08_C9J0XtixRd4,daikuinterior_C9J0XtixRd4_0.jpg,ruang-usaha,ruang-usaha,0.4917,moved
2024-07-08_C9J0XtixRd4,daikuinterior_C9J0XtixRd4_1.jpg,dapur,ruang-usaha,0.5027,moved
2024-07-11_C9Q-Ei4Sqc2,daikuinterior_C9Q-Ei4Sqc2_0.jpg,dapur,dapur,0.6305,moved
2024-07-11_C9Q-Ei4Sqc2,daikuinterior_C9Q-Ei4Sqc2_1.jpg,furnitur-detail,dapur,0.3696,moved
2024-07-11_C9RnnEKR08h,daikuinterior_C9RnnEKR08h_0.jpg,furnitur-detail,furnitur-detail,0.522,moved
2024-07-11_C9RnnEKR08h,daikuinterior_C9RnnEKR08h_1.jpg,furnitur-detail,furnitur-detail,0.8628,moved
2024-07-11_C9RpSp7xbD1,daikuinterior_C9RpSp7xbD1_0.jpg,furnitur-detail,furnitur-detail,0.4303,moved
2024-07-11_C9RpSp7xbD1,daikuinterior_C9RpSp7xbD1_1.jpg,kamar-tidur,furnitur-detail,0.5611,moved
2024-07-12_C9T1qGXyB32,daikuinterior_C9T1qGXyB32_0.jpg,furnitur-detail,furnitur-detail,0.5197,moved
2024-07-12_C9T1qGXyB32,daikuinterior_C9T1qGXyB32_1.jpg,dapur,furnitur-detail,0.4256,moved
2024-07-12_C9T1qGXyB32,daikuinterior_C9T1qGXyB32_2.jpg,furnitur-detail,furnitur-detail,0.4046,moved
2024-07-12_C9T1qGXyB32,daikuinterior_C9T1qGXyB32_3.jpg,kamar-mandi,furnitur-detail,0.9292,moved
2024-07-12_C9T1qGXyB32,daikuinterior_C9T1qGXyB32_4.jpg,kamar-mandi,furnitur-detail,0.9544,moved
2024-07-12_C9UF-3nypFW,daikuinterior_C9UF-3nypFW_0.jpg,kamar-tidur,kamar-tidur,0.7468,moved
2024-07-12_C9UF-3nypFW,daikuinterior_C9UF-3nypFW_1.jpg,kamar-tidur,kamar-tidur,0.8524,moved
2024-07-12_C9UF-3nypFW,daikuinterior_C9UF-3nypFW_2.jpg,kamar-tidur,kamar-tidur,0.8859,moved
2024-07-12_C9UF-3nypFW,daikuinterior_C9UF-3nypFW_3.jpg,furnitur-detail,kamar-tidur,0.5832,moved
2024-07-12_C9UF-3nypFW,daikuinterior_C9UF-3nypFW_4.jpg,furnitur-detail,kamar-tidur,0.3628,moved
2024-07-12_C9UF-3nypFW,daikuinterior_C9UF-3nypFW_5.jpg,furnitur-detail,kamar-tidur,0.3763,moved
2024-07-12_C9UF-3nypFW,daikuinterior_C9UF-3nypFW_6.jpg,kamar-mandi,kamar-tidur,0.7927,moved
2024-07-12_C9UF-3nypFW,daikuinterior_C9UF-3nypFW_7.jpg,kamar-mandi,kamar-tidur,0.9134,moved
2024-07-22_C9tincGpHN7,daikuinterior_C9tincGpHN7_0.jpg,dapur,furnitur-detail,0.6239,moved
2024-07-22_C9tincGpHN7,daikuinterior_C9tincGpHN7_1.jpg,furnitur-detail,furnitur-detail,0.4434,moved
2024-07-22_C9tincGpHN7,daikuinterior_C9tincGpHN7_2.jpg,dapur,furnitur-detail,0.5124,moved
2024-07-22_C9tincGpHN7,daikuinterior_C9tincGpHN7_3.jpg,furnitur-detail,furnitur-detail,0.6504,moved
2024-07-22_C9tincGpHN7,daikuinterior_C9tincGpHN7_4.jpg,furnitur-detail,furnitur-detail,0.7158,moved
2024-07-22_C9tiySSpgty,daikuinterior_C9tiySSpgty_0.jpg,perlu-ditinjau,perlu-ditinjau,0.2807,moved
2024-07-22_C9tiySSpgty,daikuinterior_C9tiySSpgty_1.jpg,ruang-usaha,ruang-usaha,0.5572,moved
2024-07-22_C9tiySSpgty,daikuinterior_C9tiySSpgty_2.jpg,eksterior,ruang-usaha,0.9535,moved
2024-07-22_C9tiySSpgty,daikuinterior_C9tiySSpgty_3.jpg,furnitur-detail,ruang-usaha,0.4182,moved
2024-07-22_C9tiySSpgty,daikuinterior_C9tiySSpgty_4.jpg,eksterior,ruang-usaha,0.6967,moved
2024-07-22_C9tiySSpgty,daikuinterior_C9tiySSpgty_5.jpg,ruang-usaha,ruang-usaha,0.5209,moved
2024-07-22_C9tiySSpgty,daikuinterior_C9tiySSpgty_6.jpg,perlu-ditinjau,perlu-ditinjau,0.2891,moved
2024-07-24_C9y3hUGxphu,daikuinterior_C9y3hUGxphu_0.jpg,kamar-tidur,kamar-tidur,0.8638,moved
2024-07-24_C9y3hUGxphu,daikuinterior_C9y3hUGxphu_1.jpg,kamar-tidur,kamar-tidur,0.8497,moved
2024-07-24_C9y3hUGxphu,daikuinterior_C9y3hUGxphu_2.jpg,kamar-tidur,kamar-tidur,0.7108,moved
2024-07-24_C9y3hUGxphu,daikuinterior_C9y3hUGxphu_3.jpg,kamar-mandi,kamar-tidur,0.7371,moved
2024-07-24_C9y3hUGxphu,daikuinterior_C9y3hUGxphu_4.jpg,kamar-tidur,kamar-tidur,0.6245,moved
2024-07-24_C9y3hUGxphu,daikuinterior_C9y3hUGxphu_5.jpg,kamar-tidur,kamar-tidur,0.7912,moved
2024-07-24_C9yi0vKyCF5,daikuinterior_C9yi0vKyCF5_0.jpg,dapur,ruang-usaha,0.7401,moved
2024-07-24_C9yi0vKyCF5,daikuinterior_C9yi0vKyCF5_1.jpg,ruang-makan,ruang-usaha,0.6189,moved
2024-07-24_C9yi0vKyCF5,daikuinterior_C9yi0vKyCF5_2.jpg,dapur,ruang-usaha,0.5646,moved
2024-07-24_C9yi0vKyCF5,daikuinterior_C9yi0vKyCF5_3.jpg,ruang-usaha,ruang-usaha,0.6201,moved
2024-07-24_C9yi0vKyCF5,daikuinterior_C9yi0vKyCF5_4.jpg,ruang-usaha,ruang-usaha,0.6464,moved
2024-07-24_C9yi0vKyCF5,daikuinterior_C9yi0vKyCF5_5.jpg,ruang-makan,ruang-usaha,0.3425,moved
2024-07-24_C9yi0vKyCF5,daikuinterior_C9yi0vKyCF5_6.jpg,ruang-usaha,ruang-usaha,0.6044,moved
2024-07-24_C9yi0vKyCF5,daikuinterior_C9yi0vKyCF5_7.jpg,ruang-usaha,ruang-usaha,0.9601,moved
2024-07-24_C9zPwDEJyVq,daikuinterior_C9zPwDEJyVq_0.jpg,furnitur-detail,furnitur-detail,0.4944,moved
2024-07-24_C9zPwDEJyVq,daikuinterior_C9zPwDEJyVq_1.jpg,perlu-ditinjau,perlu-ditinjau,0.3814,moved
2024-07-26_C93xij6p3-i,daikuinterior_C93xij6p3-i_0.jpg,furnitur-detail,furnitur-detail,0.4167,moved
2024-07-26_C93xij6p3-i,daikuinterior_C93xij6p3-i_1.jpg,perlu-ditinjau,perlu-ditinjau,0.3088,moved
2024-07-26_C93xxg2p1sb,daikuinterior_C93xxg2p1sb_0.jpg,ruang-usaha,ruang-usaha,0.9768,moved
2024-07-26_C93xxg2p1sb,daikuinterior_C93xxg2p1sb_1.jpg,furnitur-detail,ruang-usaha,0.5024,moved
2024-07-26_C93xxg2p1sb,daikuinterior_C93xxg2p1sb_2.jpg,ruang-usaha,ruang-usaha,0.9149,moved
2024-07-26_C94MCDbxscb,daikuinterior_C94MCDbxscb_0.jpg,dapur,furnitur-detail,0.4715,moved
2024-07-26_C94MCDbxscb,daikuinterior_C94MCDbxscb_1.jpg,ruang-usaha,furnitur-detail,0.6852,moved
2024-07-26_C94MCDbxscb,daikuinterior_C94MCDbxscb_2.jpg,furnitur-detail,furnitur-detail,0.6695,moved
2024-07-26_C94MCDbxscb,daikuinterior_C94MCDbxscb_3.jpg,dapur,furnitur-detail,0.8422,moved
2024-07-26_C94MCDbxscb,daikuinterior_C94MCDbxscb_4.jpg,ruang-usaha,furnitur-detail,0.7796,moved
2024-07-26_C94MCDbxscb,daikuinterior_C94MCDbxscb_5.jpg,furnitur-detail,furnitur-detail,0.6712,moved
2024-07-26_C94MCDbxscb,daikuinterior_C94MCDbxscb_6.jpg,furnitur-detail,furnitur-detail,0.8017,moved
2024-07-29_C9_tvQRxYjt,daikuinterior_C9_tvQRxYjt_0.jpg,furnitur-detail,furnitur-detail,0.8105,moved
2024-07-29_C9_tvQRxYjt,daikuinterior_C9_tvQRxYjt_1.jpg,furnitur-detail,furnitur-detail,0.4415,moved
2024-07-29_C9_uDKoRAv1,daikuinterior_C9_uDKoRAv1_0.jpg,ruang-usaha,ruang-usaha,0.8699,moved
2024-07-29_C9_uDKoRAv1,daikuinterior_C9_uDKoRAv1_1.jpg,ruang-usaha,ruang-usaha,0.8164,moved
2024-07-29_C9_yf65RxR-,daikuinterior_C9_yf65RxR-_0.jpg,dapur,dapur,0.9242,moved
2024-07-29_C9_yf65RxR-,daikuinterior_C9_yf65RxR-_1.jpg,ruang-makan,dapur,0.4891,moved
2024-07-29_C9_yf65RxR-,daikuinterior_C9_yf65RxR-_2.jpg,dapur,dapur,0.3803,moved
2024-07-29_C9_yf65RxR-,daikuinterior_C9_yf65RxR-_3.jpg,ruang-usaha,dapur,0.9243,moved
2024-07-29_C9_yf65RxR-,daikuinterior_C9_yf65RxR-_4.jpg,dapur,dapur,0.5126,moved
2024-07-29_C9_yf65RxR-,daikuinterior_C9_yf65RxR-_5.jpg,ruang-usaha,dapur,0.9527,moved
2024-07-31_C-EiCMfybrb,daikuinterior_C-EiCMfybrb_0.jpg,kamar-mandi,kamar-mandi,0.7227,moved
2024-07-31_C-EiCMfybrb,daikuinterior_C-EiCMfybrb_1.jpg,kamar-mandi,kamar-mandi,0.7979,moved
2024-07-31_C-EiCMfybrb,daikuinterior_C-EiCMfybrb_2.jpg,furnitur-detail,kamar-mandi,0.4935,moved
2024-07-31_C-EiCMfybrb,daikuinterior_C-EiCMfybrb_3.jpg,kamar-mandi,kamar-mandi,0.9498,moved
2024-07-31_C-EiCMfybrb,daikuinterior_C-EiCMfybrb_4.jpg,kamar-mandi,kamar-mandi,0.8683,moved
2024-07-31_C-EiCMfybrb,daikuinterior_C-EiCMfybrb_5.jpg,kamar-mandi,kamar-mandi,0.9018,moved
2024-07-31_C-EiCMfybrb,daikuinterior_C-EiCMfybrb_6.jpg,kamar-mandi,kamar-mandi,0.9719,moved
2024-07-31_C-EiCMfybrb,daikuinterior_C-EiCMfybrb_7.jpg,kamar-mandi,kamar-mandi,0.9061,moved
2024-07-31_C-EqaERpSz3,daikuinterior_C-EqaERpSz3_0.jpg,furnitur-detail,furnitur-detail,0.4982,moved
2024-07-31_C-EqaERpSz3,daikuinterior_C-EqaERpSz3_1.jpg,furnitur-detail,furnitur-detail,0.4658,moved
2024-07-31_C-EqaERpSz3,daikuinterior_C-EqaERpSz3_2.jpg,kamar-mandi,furnitur-detail,0.8407,moved
2024-07-31_C-EqaERpSz3,daikuinterior_C-EqaERpSz3_3.jpg,furnitur-detail,furnitur-detail,0.5011,moved
2024-07-31_C-FIhAuResX,daikuinterior_C-FIhAuResX_0.jpg,furnitur-detail,furnitur-detail,0.5558,moved
2024-07-31_C-FIhAuResX,daikuinterior_C-FIhAuResX_1.jpg,furnitur-detail,furnitur-detail,0.6138,moved
2024-07-31_C-FIhAuResX,daikuinterior_C-FIhAuResX_2.jpg,furnitur-detail,furnitur-detail,0.4014,moved
2024-07-31_C-FIhAuResX,daikuinterior_C-FIhAuResX_3.jpg,furnitur-detail,furnitur-detail,0.4814,moved
2024-07-31_C-FIhAuResX,daikuinterior_C-FIhAuResX_4.jpg,furnitur-detail,furnitur-detail,0.5437,moved
2024-07-31_C-FIhAuResX,daikuinterior_C-FIhAuResX_5.jpg,furnitur-detail,furnitur-detail,0.4243,moved
2024-07-31_C-FIhAuResX,daikuinterior_C-FIhAuResX_6.jpg,furnitur-detail,furnitur-detail,0.3662,moved
2024-07-31_C-FIhAuResX,daikuinterior_C-FIhAuResX_7.jpg,furnitur-detail,furnitur-detail,0.5607,moved
2024-07-31_C-FIp57RNVs,daikuinterior_C-FIp57RNVs_0.jpg,furnitur-detail,furnitur-detail,0.4759,moved
2024-07-31_C-FIp57RNVs,daikuinterior_C-FIp57RNVs_1.jpg,ruang-usaha,furnitur-detail,0.4919,moved
2024-07-31_C-FIp57RNVs,daikuinterior_C-FIp57RNVs_2.jpg,ruang-usaha,furnitur-detail,0.4909,moved
2024-07-31_C-FIp57RNVs,daikuinterior_C-FIp57RNVs_3.jpg,furnitur-detail,furnitur-detail,0.5788,moved
2024-07-31_C-FIp57RNVs,daikuinterior_C-FIp57RNVs_4.jpg,furnitur-detail,furnitur-detail,0.5438,moved
2024-07-31_C-FIp57RNVs,daikuinterior_C-FIp57RNVs_5.jpg,furnitur-detail,furnitur-detail,0.6871,moved
2024-07-31_C-FIp57RNVs,daikuinterior_C-FIp57RNVs_6.jpg,furnitur-detail,furnitur-detail,0.6895,moved
2024-07-31_C-FIp57RNVs,daikuinterior_C-FIp57RNVs_7.jpg,furnitur-detail,furnitur-detail,0.5317,moved
2024-07-31_C-FIp57RNVs,daikuinterior_C-FIp57RNVs_8.jpg,furnitur-detail,furnitur-detail,0.6743,moved
2024-07-31_C-FIp57RNVs,daikuinterior_C-FIp57RNVs_9.jpg,ruang-usaha,furnitur-detail,0.894,moved
2024-08-06_C-URs_TxJwM,daikuinterior_C-URs_TxJwM_0.jpg,furnitur-detail,furnitur-detail,0.611,moved
2024-08-06_C-URs_TxJwM,daikuinterior_C-URs_TxJwM_1.jpg,furnitur-detail,furnitur-detail,0.6459,moved
2024-08-10_C-eOkwyyavK,daikuinterior_C-eOkwyyavK_0.jpg,ruang-usaha,ruang-usaha,0.9819,moved
2024-08-10_C-eOkwyyavK,daikuinterior_C-eOkwyyavK_1.jpg,ruang-usaha,ruang-usaha,0.8527,moved
2024-08-10_C-eOkwyyavK,daikuinterior_C-eOkwyyavK_2.jpg,ruang-usaha,ruang-usaha,0.8478,moved
2024-08-10_C-eOkwyyavK,daikuinterior_C-eOkwyyavK_3.jpg,ruang-usaha,ruang-usaha,0.9525,moved
2024-08-10_C-eOkwyyavK,daikuinterior_C-eOkwyyavK_4.jpg,ruang-usaha,ruang-usaha,0.9002,moved
2024-08-19_C-1eImCSecu,daikuinterior_C-1eImCSecu_0.jpg,ruang-usaha,ruang-usaha,0.7073,moved
2024-08-19_C-1eImCSecu,daikuinterior_C-1eImCSecu_1.jpg,kamar-mandi,ruang-usaha,0.8034,moved
2024-08-19_C-1eImCSecu,daikuinterior_C-1eImCSecu_2.jpg,kamar-mandi,ruang-usaha,0.8724,moved
2024-08-19_C-1eImCSecu,daikuinterior_C-1eImCSecu_3.jpg,ruang-usaha,ruang-usaha,0.4606,moved
2024-08-19_C-1eImCSecu,daikuinterior_C-1eImCSecu_4.jpg,ruang-kerja,ruang-usaha,0.4654,moved
2024-08-19_C-1eImCSecu,daikuinterior_C-1eImCSecu_5.jpg,ruang-usaha,ruang-usaha,0.7796,moved
2024-08-19_C-1eImCSecu,daikuinterior_C-1eImCSecu_6.jpg,dapur,ruang-usaha,0.7068,moved
2024-08-19_C-1eImCSecu,daikuinterior_C-1eImCSecu_7.jpg,furnitur-detail,ruang-usaha,0.7997,moved
2024-08-19_C-1eImCSecu,daikuinterior_C-1eImCSecu_8.jpg,kamar-tidur,ruang-usaha,0.4825,moved
2024-08-19_C-1eImCSecu,daikuinterior_C-1eImCSecu_9.jpg,kamar-mandi,ruang-usaha,0.6508,moved
2024-08-20_C-40jSvJVZu,daikuinterior_C-40jSvJVZu_0.jpg,furnitur-detail,furnitur-detail,0.4249,moved
2024-08-20_C-40jSvJVZu,daikuinterior_C-40jSvJVZu_1.jpg,furnitur-detail,furnitur-detail,0.7883,moved
2024-08-20_C-40jSvJVZu,daikuinterior_C-40jSvJVZu_2.jpg,furnitur-detail,furnitur-detail,0.6588,moved
2024-08-20_C-40jSvJVZu,daikuinterior_C-40jSvJVZu_3.jpg,furnitur-detail,furnitur-detail,0.4665,moved
2024-08-20_C-40jSvJVZu,daikuinterior_C-40jSvJVZu_4.jpg,furnitur-detail,furnitur-detail,0.6269,moved
2024-08-20_C-40jSvJVZu,daikuinterior_C-40jSvJVZu_5.jpg,perlu-ditinjau,perlu-ditinjau,0.4461,moved
2024-08-21_C-6jljFyyL5,daikuinterior_C-6jljFyyL5_0.jpg,furnitur-detail,furnitur-detail,0.611,moved
2024-08-21_C-6jljFyyL5,daikuinterior_C-6jljFyyL5_1.jpg,furnitur-detail,furnitur-detail,0.5129,moved
2024-08-21_C-6jljFyyL5,daikuinterior_C-6jljFyyL5_2.jpg,furnitur-detail,furnitur-detail,0.6397,moved
2024-08-21_C-6jljFyyL5,daikuinterior_C-6jljFyyL5_3.jpg,perlu-ditinjau,perlu-ditinjau,0.6174,moved
2024-08-21_C-6jljFyyL5,daikuinterior_C-6jljFyyL5_4.jpg,furnitur-detail,furnitur-detail,0.3631,moved
2024-08-21_C-6jljFyyL5,daikuinterior_C-6jljFyyL5_5.jpg,perlu-ditinjau,perlu-ditinjau,0.3273,moved
2024-08-26_C_H27QZxDx-,daikuinterior_C_H27QZxDx-_0.jpg,furnitur-detail,furnitur-detail,0.3484,moved
2024-08-26_C_H27QZxDx-,daikuinterior_C_H27QZxDx-_1.jpg,furnitur-detail,furnitur-detail,0.4213,moved
2024-08-26_C_H27QZxDx-,daikuinterior_C_H27QZxDx-_2.jpg,kamar-mandi,furnitur-detail,0.4448,moved
2024-08-26_C_H27QZxDx-,daikuinterior_C_H27QZxDx-_3.jpg,furnitur-detail,furnitur-detail,0.5781,moved
2024-08-26_C_H27QZxDx-,daikuinterior_C_H27QZxDx-_4.jpg,dapur,furnitur-detail,0.446,moved
2024-08-26_C_H27QZxDx-,daikuinterior_C_H27QZxDx-_5.jpg,kamar-mandi,furnitur-detail,0.4531,moved
2024-08-26_C_H27QZxDx-,daikuinterior_C_H27QZxDx-_6.jpg,perlu-ditinjau,perlu-ditinjau,0.6174,moved
2024-08-26_C_H2eTzR8FM,daikuinterior_C_H2eTzR8FM_0.jpg,kamar-mandi,kamar-mandi,0.7567,moved
2024-08-26_C_H2eTzR8FM,daikuinterior_C_H2eTzR8FM_1.jpg,kamar-mandi,kamar-mandi,0.8805,moved
2024-08-26_C_H2eTzR8FM,daikuinterior_C_H2eTzR8FM_2.jpg,furnitur-detail,kamar-mandi,0.717,moved
2024-08-26_C_H2eTzR8FM,daikuinterior_C_H2eTzR8FM_3.jpg,furnitur-detail,kamar-mandi,0.547,moved
2024-08-26_C_H2eTzR8FM,daikuinterior_C_H2eTzR8FM_4.jpg,kamar-mandi,kamar-mandi,0.8362,moved
2024-08-26_C_H2eTzR8FM,daikuinterior_C_H2eTzR8FM_5.jpg,kamar-mandi,kamar-mandi,0.8288,moved
2024-09-02_C_ZaObFS13O,daikuinterior_C_ZaObFS13O_0.jpg,kamar-mandi,kamar-mandi,0.7742,moved
2024-09-02_C_ZaObFS13O,daikuinterior_C_ZaObFS13O_1.jpg,furnitur-detail,kamar-mandi,0.3581,moved
2024-09-02_C_ZZtTsSxrn,daikuinterior_C_ZZtTsSxrn_0.jpg,furnitur-detail,furnitur-detail,0.7313,moved
2024-09-02_C_ZZtTsSxrn,daikuinterior_C_ZZtTsSxrn_1.jpg,furnitur-detail,furnitur-detail,0.862,moved
2024-09-02_C_ZZtTsSxrn,daikuinterior_C_ZZtTsSxrn_2.jpg,furnitur-detail,furnitur-detail,0.6347,moved
2024-09-02_C_ZZtTsSxrn,daikuinterior_C_ZZtTsSxrn_3.jpg,furnitur-detail,furnitur-detail,0.7125,moved
2024-09-10_C_uw-MkzGqk,daikuinterior_C_uw-MkzGqk_0.jpg,ruang-usaha,ruang-usaha,0.8771,moved
2024-09-10_C_uw-MkzGqk,daikuinterior_C_uw-MkzGqk_1.jpg,ruang-usaha,ruang-usaha,0.9575,moved
2024-09-10_C_uw-MkzGqk,daikuinterior_C_uw-MkzGqk_2.jpg,ruang-usaha,ruang-usaha,0.8609,moved
2024-09-10_C_uw1EbzQ7b,daikuinterior_C_uw1EbzQ7b_0.jpg,eksterior,eksterior,0.6885,moved
2024-09-10_C_uw1EbzQ7b,daikuinterior_C_uw1EbzQ7b_1.jpg,eksterior,eksterior,0.8536,moved
2024-09-10_C_uw1EbzQ7b,daikuinterior_C_uw1EbzQ7b_2.jpg,eksterior,eksterior,0.5844,moved
2024-09-10_C_uw1EbzQ7b,daikuinterior_C_uw1EbzQ7b_3.jpg,eksterior,eksterior,0.7759,moved
2024-09-10_C_uw1EbzQ7b,daikuinterior_C_uw1EbzQ7b_4.jpg,furnitur-detail,eksterior,0.3791,moved
2024-09-10_C_uw1EbzQ7b,daikuinterior_C_uw1EbzQ7b_5.jpg,eksterior,eksterior,0.6416,moved
2024-09-10_C_uw1EbzQ7b,daikuinterior_C_uw1EbzQ7b_6.jpg,eksterior,eksterior,0.9373,moved
2024-09-10_C_uw1EbzQ7b,daikuinterior_C_uw1EbzQ7b_7.jpg,eksterior,eksterior,0.6493,moved
2024-09-24_DASF2aeTUMr,daikuinterior_DASF2aeTUMr_0.jpg,furnitur-detail,furnitur-detail,0.7019,moved
2024-09-24_DASF2aeTUMr,daikuinterior_DASF2aeTUMr_1.jpg,furnitur-detail,furnitur-detail,0.726,moved
2024-09-24_DASF2aeTUMr,daikuinterior_DASF2aeTUMr_2.jpg,furnitur-detail,furnitur-detail,0.7701,moved
2024-09-24_DASF2aeTUMr,daikuinterior_DASF2aeTUMr_3.jpg,furnitur-detail,furnitur-detail,0.6426,moved
2024-09-24_DASF2aeTUMr,daikuinterior_DASF2aeTUMr_4.jpg,furnitur-detail,furnitur-detail,0.5148,moved
2024-09-24_DASF2aeTUMr,daikuinterior_DASF2aeTUMr_5.jpg,perlu-ditinjau,perlu-ditinjau,0.4636,moved
2024-09-24_DASF2aeTUMr,daikuinterior_DASF2aeTUMr_6.jpg,furnitur-detail,furnitur-detail,0.483,moved
2024-09-24_DASF2aeTUMr,daikuinterior_DASF2aeTUMr_7.jpg,furnitur-detail,furnitur-detail,0.5137,moved
2024-09-24_DASF2aeTUMr,daikuinterior_DASF2aeTUMr_8.jpg,furnitur-detail,furnitur-detail,0.6142,moved
2024-09-24_DASF2aeTUMr,daikuinterior_DASF2aeTUMr_9.jpg,furnitur-detail,furnitur-detail,0.5049,moved
2024-09-24_DASFI3WTQDJ,daikuinterior_DASFI3WTQDJ_0.jpg,furnitur-detail,furnitur-detail,0.566,moved
2024-09-24_DASFI3WTQDJ,daikuinterior_DASFI3WTQDJ_1.jpg,furnitur-detail,furnitur-detail,0.5784,moved
2024-09-24_DASFI3WTQDJ,daikuinterior_DASFI3WTQDJ_2.jpg,ruang-keluarga,furnitur-detail,0.3455,moved
2024-09-24_DASFI3WTQDJ,daikuinterior_DASFI3WTQDJ_3.jpg,perlu-ditinjau,perlu-ditinjau,0.3299,moved
2024-09-24_DASFI3WTQDJ,daikuinterior_DASFI3WTQDJ_4.jpg,furnitur-detail,furnitur-detail,0.4313,moved
2024-09-24_DASG4sezaHT,daikuinterior_DASG4sezaHT_0.jpg,furnitur-detail,furnitur-detail,0.5686,moved
2024-09-24_DASG4sezaHT,daikuinterior_DASG4sezaHT_1.jpg,perlu-ditinjau,perlu-ditinjau,0.3326,moved
2024-09-24_DASG4sezaHT,daikuinterior_DASG4sezaHT_2.jpg,furnitur-detail,furnitur-detail,0.5049,moved
2024-09-24_DASHhA4zqSF,daikuinterior_DASHhA4zqSF_0.jpg,perlu-ditinjau,perlu-ditinjau,0.3456,moved
2024-09-24_DASHhA4zqSF,daikuinterior_DASHhA4zqSF_1.jpg,perlu-ditinjau,perlu-ditinjau,0.7458,moved
2024-09-24_DASHhA4zqSF,daikuinterior_DASHhA4zqSF_2.jpg,perlu-ditinjau,perlu-ditinjau,0.3819,moved
2024-09-24_DASHhA4zqSF,daikuinterior_DASHhA4zqSF_3.jpg,perlu-ditinjau,perlu-ditinjau,0.8304,moved
2024-09-24_DASHhA4zqSF,daikuinterior_DASHhA4zqSF_4.jpg,perlu-ditinjau,perlu-ditinjau,0.6851,moved
2024-09-24_DASHhA4zqSF,daikuinterior_DASHhA4zqSF_5.jpg,perlu-ditinjau,perlu-ditinjau,0.9098,moved
2024-09-24_DASHhA4zqSF,daikuinterior_DASHhA4zqSF_6.jpg,perlu-ditinjau,perlu-ditinjau,0.7741,moved
2024-09-24_DASHhA4zqSF,daikuinterior_DASHhA4zqSF_7.jpg,perlu-ditinjau,perlu-ditinjau,0.6608,moved
2024-09-24_DASHhA4zqSF,daikuinterior_DASHhA4zqSF_8.jpg,promosi,promosi,0.6829,moved
2024-09-24_DASHhA4zqSF,daikuinterior_DASHhA4zqSF_9.jpg,perlu-ditinjau,perlu-ditinjau,0.5109,moved
2024-10-16_DBKvJZhTOuu,daikuinterior_DBKvJZhTOuu_0.jpg,furnitur-detail,furnitur-detail,0.5861,moved
2024-10-16_DBKvJZhTOuu,daikuinterior_DBKvJZhTOuu_1.jpg,furnitur-detail,furnitur-detail,0.3484,moved
2024-10-16_DBKvJZhTOuu,daikuinterior_DBKvJZhTOuu_2.jpg,furnitur-detail,furnitur-detail,0.3872,moved
2024-10-16_DBKx8kUzGMU,daikuinterior_DBKx8kUzGMU_0.jpg,dapur,dapur,0.4997,moved
2024-10-16_DBKx8kUzGMU,daikuinterior_DBKx8kUzGMU_1.jpg,perlu-ditinjau,perlu-ditinjau,0.2937,moved
2024-10-16_DBKx8kUzGMU,daikuinterior_DBKx8kUzGMU_2.jpg,furnitur-detail,dapur,0.4745,moved
2024-10-28_DBqN_o0RH6v,daikuinterior_DBqN_o0RH6v_0.jpg,promosi,promosi,0.582,moved
2024-10-28_DBqN_o0RH6v,daikuinterior_DBqN_o0RH6v_1.jpg,ruang-usaha,ruang-usaha,0.6437,moved
2024-10-28_DBqOhzkRtPN,daikuinterior_DBqOhzkRtPN_0.jpg,ruang-usaha,ruang-usaha,0.6416,moved
2024-10-28_DBqOhzkRtPN,daikuinterior_DBqOhzkRtPN_1.jpg,ruang-usaha,ruang-usaha,0.8306,moved
2024-10-28_DBqOhzkRtPN,daikuinterior_DBqOhzkRtPN_2.jpg,ruang-usaha,ruang-usaha,0.8522,moved
2024-10-28_DBqPnbPRMUt,daikuinterior_DBqPnbPRMUt_0.jpg,ruang-usaha,ruang-usaha,0.8652,moved
2024-10-28_DBqPnbPRMUt,daikuinterior_DBqPnbPRMUt_1.jpg,ruang-usaha,ruang-usaha,0.4964,moved
2024-10-28_DBqPnbPRMUt,daikuinterior_DBqPnbPRMUt_2.jpg,furnitur-detail,ruang-usaha,0.5783,moved
2024-10-28_DBqWFoaxcSu,daikuinterior_DBqWFoaxcSu_0.jpg,dapur,dapur,0.3538,moved
2024-10-28_DBqWFoaxcSu,daikuinterior_DBqWFoaxcSu_1.jpg,dapur,dapur,0.4504,moved
2024-10-28_DBqWFoaxcSu,daikuinterior_DBqWFoaxcSu_2.jpg,ruang-usaha,dapur,0.4386,moved
2024-10-28_DBqWFoaxcSu,daikuinterior_DBqWFoaxcSu_3.jpg,dapur,dapur,0.5181,moved
2024-10-28_DBqWFoaxcSu,daikuinterior_DBqWFoaxcSu_4.jpg,dapur,dapur,0.4897,moved
2024-10-28_DBqWFoaxcSu,daikuinterior_DBqWFoaxcSu_5.jpg,dapur,dapur,0.9256,moved
2024-10-28_DBqWFoaxcSu,daikuinterior_DBqWFoaxcSu_6.jpg,dapur,dapur,0.643,moved
2024-10-28_DBqWFoaxcSu,daikuinterior_DBqWFoaxcSu_7.jpg,dapur,dapur,0.8273,moved
2024-10-28_DBqWFoaxcSu,daikuinterior_DBqWFoaxcSu_8.jpg,dapur,dapur,0.8348,moved
2024-11-04_DB75MGZTVQu,daikuinterior_DB75MGZTVQu_0.jpg,promosi,promosi,0.798,moved
2024-11-04_DB75MGZTVQu,daikuinterior_DB75MGZTVQu_1.jpg,ruang-usaha,ruang-usaha,0.6776,moved
2024-11-07_DCDb7TXzIDa,daikuinterior_DCDb7TXzIDa_0.jpg,furnitur-detail,furnitur-detail,0.4417,moved
2024-11-07_DCDb7TXzIDa,daikuinterior_DCDb7TXzIDa_1.jpg,furnitur-detail,furnitur-detail,0.5221,moved
2024-11-07_DCDcLExTyQX,daikuinterior_DCDcLExTyQX_0.jpg,furnitur-detail,furnitur-detail,0.5439,moved
2024-11-07_DCDcLExTyQX,daikuinterior_DCDcLExTyQX_1.jpg,furnitur-detail,furnitur-detail,0.7278,moved
2024-11-08_DCGB4L1z5u8,daikuinterior_DCGB4L1z5u8_0.jpg,ruang-keluarga,ruang-keluarga,0.3577,moved
2024-11-08_DCGB4L1z5u8,daikuinterior_DCGB4L1z5u8_1.jpg,ruang-keluarga,ruang-keluarga,0.4241,moved
2024-11-08_DCGBhyaTKbg,daikuinterior_DCGBhyaTKbg_0.jpg,furnitur-detail,furnitur-detail,0.785,moved
2024-11-08_DCGBhyaTKbg,daikuinterior_DCGBhyaTKbg_1.jpg,furnitur-detail,furnitur-detail,0.6819,moved
2024-11-08_DCGBhyaTKbg,daikuinterior_DCGBhyaTKbg_2.jpg,ruang-usaha,furnitur-detail,0.6307,moved
2024-11-08_DCGBhyaTKbg,daikuinterior_DCGBhyaTKbg_3.jpg,ruang-usaha,furnitur-detail,0.7175,moved
2024-11-11_DCNt8S_TAxx,daikuinterior_DCNt8S_TAxx_0.jpg,ruang-usaha,furnitur-detail,0.698,moved
2024-11-11_DCNt8S_TAxx,daikuinterior_DCNt8S_TAxx_1.jpg,furnitur-detail,furnitur-detail,0.5933,moved
2024-11-11_DCNt8S_TAxx,daikuinterior_DCNt8S_TAxx_2.jpg,furnitur-detail,furnitur-detail,0.556,moved
2024-11-11_DCNtnmFz95P,daikuinterior_DCNtnmFz95P_0.jpg,furnitur-detail,furnitur-detail,0.5543,moved
2024-11-11_DCNtnmFz95P,daikuinterior_DCNtnmFz95P_1.jpg,furnitur-detail,furnitur-detail,0.8645,moved
2024-11-11_DCNtnmFz95P,daikuinterior_DCNtnmFz95P_2.jpg,furnitur-detail,furnitur-detail,0.7848,moved
2024-11-11_DCNtnmFz95P,daikuinterior_DCNtnmFz95P_3.jpg,furnitur-detail,furnitur-detail,0.8053,moved
2024-11-11_DCNtnmFz95P,daikuinterior_DCNtnmFz95P_4.jpg,furnitur-detail,furnitur-detail,0.9112,moved
2024-11-11_DCNvZZWTvNm,daikuinterior_DCNvZZWTvNm_0.jpg,promosi,promosi,0.7307,moved
2024-11-11_DCNvZZWTvNm,daikuinterior_DCNvZZWTvNm_1.jpg,promosi,promosi,0.8405,moved
2024-11-11_DCNvZZWTvNm,daikuinterior_DCNvZZWTvNm_2.jpg,promosi,promosi,0.9651,moved
2024-11-28_DC52-6WTXR5,daikuinterior_DC52-6WTXR5_0.jpg,perlu-ditinjau,perlu-ditinjau,0.3333,moved
2024-11-28_DC52-6WTXR5,daikuinterior_DC52-6WTXR5_1.jpg,ruang-usaha,ruang-usaha,0.5287,moved
2024-11-28_DC52-6WTXR5,daikuinterior_DC52-6WTXR5_2.jpg,promosi,promosi,0.6212,moved
2024-11-28_DC52-6WTXR5,daikuinterior_DC52-6WTXR5_3.jpg,promosi,promosi,0.9297,moved
2024-11-28_DC52e1cTxsm,daikuinterior_DC52e1cTxsm_0.jpg,promosi,promosi,0.8961,moved
2024-11-28_DC52e1cTxsm,daikuinterior_DC52e1cTxsm_1.jpg,furnitur-detail,furnitur-detail,0.5305,moved
2024-11-28_DC52e1cTxsm,daikuinterior_DC52e1cTxsm_2.jpg,promosi,promosi,0.5115,moved
2024-11-28_DC52uy3TtL7,daikuinterior_DC52uy3TtL7_0.jpg,dapur,dapur,0.9577,moved
2024-11-28_DC52uy3TtL7,daikuinterior_DC52uy3TtL7_1.jpg,dapur,dapur,0.9574,moved
2024-11-28_DC52uy3TtL7,daikuinterior_DC52uy3TtL7_2.jpg,dapur,dapur,0.9227,moved
2024-11-28_DC52uy3TtL7,daikuinterior_DC52uy3TtL7_3.jpg,dapur,dapur,0.9286,moved
2024-12-09_DDWeN1HTIaz,daikuinterior_DDWeN1HTIaz_0.jpg,kamar-tidur,kamar-tidur,0.8666,moved
2024-12-09_DDWeN1HTIaz,daikuinterior_DDWeN1HTIaz_1.jpg,kamar-tidur,kamar-tidur,0.4481,moved
2024-12-09_DDWgfeozZ5D,daikuinterior_DDWgfeozZ5D_0.jpg,ruang-usaha,ruang-usaha,0.9983,moved
2024-12-09_DDWgfeozZ5D,daikuinterior_DDWgfeozZ5D_1.jpg,ruang-usaha,ruang-usaha,0.955,moved
2024-12-09_DDWgfeozZ5D,daikuinterior_DDWgfeozZ5D_2.jpg,ruang-usaha,ruang-usaha,0.964,moved
2024-12-09_DDWgfeozZ5D,daikuinterior_DDWgfeozZ5D_3.jpg,eksterior,ruang-usaha,0.8694,moved
2024-12-09_DDWh43NTrun,daikuinterior_DDWh43NTrun_0.jpg,ruang-usaha,ruang-usaha,0.9927,moved
2024-12-09_DDWh43NTrun,daikuinterior_DDWh43NTrun_1.jpg,ruang-usaha,ruang-usaha,0.978,moved
2024-12-10_DDZcuKCTe7f,daikuinterior_DDZcuKCTe7f_0.jpg,ruang-usaha,ruang-usaha,0.4694,moved
2024-12-10_DDZcuKCTe7f,daikuinterior_DDZcuKCTe7f_1.jpg,promosi,promosi,0.9831,moved
2024-12-10_DDZcuKCTe7f,daikuinterior_DDZcuKCTe7f_2.jpg,promosi,promosi,0.7074,moved
2025-01-04_DEY0eTiTqCG,daikuinterior_DEY0eTiTqCG_0.jpg,perlu-ditinjau,perlu-ditinjau,0.2572,moved
2025-01-04_DEY0eTiTqCG,daikuinterior_DEY0eTiTqCG_1.jpg,promosi,promosi,0.4573,moved
2025-01-08_DEjHyGyTsFg,daikuinterior_DEjHyGyTsFg_0.jpg,ruang-usaha,ruang-usaha,0.8513,moved
2025-01-08_DEjHyGyTsFg,daikuinterior_DEjHyGyTsFg_1.jpg,ruang-usaha,ruang-usaha,0.5999,moved
2025-03-30_DH16xn_zAHm,daikuinterior_DH16xn_zAHm_0.jpg,promosi,promosi,0.9768,moved
2025-05-26_DKH1wlpSI54,daikuinterior_DKH1wlpSI54_0.jpg,kamar-tidur,kamar-tidur,0.706,moved
2025-05-26_DKH1wlpSI54,daikuinterior_DKH1wlpSI54_1.jpg,kamar-tidur,kamar-tidur,0.8105,moved
2025-05-26_DKH1wlpSI54,daikuinterior_DKH1wlpSI54_2.jpg,kamar-tidur,kamar-tidur,0.6397,moved
2025-05-26_DKH1wlpSI54,daikuinterior_DKH1wlpSI54_3.jpg,kamar-tidur,kamar-tidur,0.6921,moved
2025-05-27_DKJ6XU_yjoj,daikuinterior_DKJ6XU_yjoj_0.jpg,kamar-tidur,furnitur-detail,0.5754,moved
2025-05-27_DKJ6XU_yjoj,daikuinterior_DKJ6XU_yjoj_1.jpg,furnitur-detail,furnitur-detail,0.5776,moved
2025-05-27_DKJ6XU_yjoj,daikuinterior_DKJ6XU_yjoj_2.jpg,furnitur-detail,furnitur-detail,0.4718,moved
2025-05-27_DKJ6XU_yjoj,daikuinterior_DKJ6XU_yjoj_3.jpg,furnitur-detail,furnitur-detail,0.5255,moved
2025-06-04_DKd-AGAReKC,daikuinterior_DKd-AGAReKC_0.jpg,ruang-usaha,ruang-usaha,0.9984,moved
2025-06-04_DKd-AGAReKC,daikuinterior_DKd-AGAReKC_1.jpg,ruang-usaha,ruang-usaha,0.9965,moved
2025-06-04_DKd-AGAReKC,daikuinterior_DKd-AGAReKC_2.jpg,ruang-usaha,ruang-usaha,0.9931,moved
2025-06-04_DKd-AGAReKC,daikuinterior_DKd-AGAReKC_3.jpg,ruang-usaha,ruang-usaha,0.9973,moved
2025-06-04_DKd-AGAReKC,daikuinterior_DKd-AGAReKC_4.jpg,ruang-usaha,ruang-usaha,0.9941,moved
2025-06-10_DKs6ycXTYT8,daikuinterior_DKs6ycXTYT8_0.jpg,kamar-tidur,furnitur-detail,0.4835,moved
2025-06-10_DKs6ycXTYT8,daikuinterior_DKs6ycXTYT8_1.jpg,furnitur-detail,furnitur-detail,0.6193,moved
2025-06-10_DKs6ycXTYT8,daikuinterior_DKs6ycXTYT8_2.jpg,furnitur-detail,furnitur-detail,0.5315,moved
2025-06-10_DKs6ycXTYT8,daikuinterior_DKs6ycXTYT8_3.jpg,furnitur-detail,furnitur-detail,0.4356,moved
2025-06-10_DKtbgppxgkq,daikuinterior_DKtbgppxgkq_0.jpg,ruang-usaha,ruang-usaha,0.4931,moved
2025-06-10_DKtbgppxgkq,daikuinterior_DKtbgppxgkq_1.jpg,ruang-usaha,ruang-usaha,0.966,moved
2025-06-10_DKtbgppxgkq,daikuinterior_DKtbgppxgkq_2.jpg,promosi,promosi,0.5241,moved
2025-06-10_DKtbgppxgkq,daikuinterior_DKtbgppxgkq_3.jpg,ruang-usaha,ruang-usaha,0.9411,moved
2025-06-10_DKtbgppxgkq,daikuinterior_DKtbgppxgkq_4.jpg,ruang-usaha,ruang-usaha,0.9466,moved
2025-06-10_DKtD2-yRhyZ,daikuinterior_DKtD2-yRhyZ_0.jpg,dapur,dapur,0.961,moved
2025-06-10_DKtD2-yRhyZ,daikuinterior_DKtD2-yRhyZ_1.jpg,dapur,dapur,0.9085,moved
2025-06-10_DKtD2-yRhyZ,daikuinterior_DKtD2-yRhyZ_2.jpg,dapur,dapur,0.9379,moved
2025-06-10_DKtflAFxO4L,daikuinterior_DKtflAFxO4L_0.jpg,ruang-usaha,ruang-usaha,0.5724,moved
2025-06-10_DKtflAFxO4L,daikuinterior_DKtflAFxO4L_1.jpg,ruang-usaha,ruang-usaha,0.872,moved
2025-06-10_DKtflAFxO4L,daikuinterior_DKtflAFxO4L_2.jpg,furnitur-detail,ruang-usaha,0.5037,moved
2025-06-10_DKtflAFxO4L,daikuinterior_DKtflAFxO4L_3.jpg,ruang-usaha,ruang-usaha,0.5946,moved
2025-06-10_DKti2q0Ra1s,daikuinterior_DKti2q0Ra1s_0.jpg,perlu-ditinjau,perlu-ditinjau,0.4561,moved
2025-06-10_DKti2q0Ra1s,daikuinterior_DKti2q0Ra1s_1.jpg,furnitur-detail,furnitur-detail,0.517,moved
2025-06-10_DKti2q0Ra1s,daikuinterior_DKti2q0Ra1s_2.jpg,furnitur-detail,furnitur-detail,0.4965,moved
2025-06-10_DKti2q0Ra1s,daikuinterior_DKti2q0Ra1s_3.jpg,kamar-mandi,furnitur-detail,0.5568,moved
2025-06-11_DKv1QWax2JJ,daikuinterior_DKv1QWax2JJ_0.jpg,ruang-usaha,ruang-usaha,0.9931,moved
2025-06-11_DKv1QWax2JJ,daikuinterior_DKv1QWax2JJ_1.jpg,ruang-usaha,ruang-usaha,0.9987,moved
2025-06-11_DKv1QWax2JJ,daikuinterior_DKv1QWax2JJ_2.jpg,ruang-usaha,ruang-usaha,0.7224,moved
2025-06-11_DKv1QWax2JJ,daikuinterior_DKv1QWax2JJ_3.jpg,ruang-usaha,ruang-usaha,0.9955,moved
2025-06-11_DKv5G-oxQ-_,daikuinterior_DKv5G-oxQ-__0.jpg,ruang-usaha,ruang-usaha,0.7624,moved
2025-06-11_DKv5G-oxQ-_,daikuinterior_DKv5G-oxQ-__1.jpg,ruang-usaha,ruang-usaha,0.5115,moved
2025-06-11_DKv5G-oxQ-_,daikuinterior_DKv5G-oxQ-__2.jpg,ruang-usaha,ruang-usaha,0.6726,moved
2025-06-11_DKv5G-oxQ-_,daikuinterior_DKv5G-oxQ-__3.jpg,ruang-usaha,ruang-usaha,0.9385,moved
2025-06-11_DKv70xTxlQl,daikuinterior_DKv70xTxlQl_0.jpg,furnitur-detail,furnitur-detail,0.5669,moved
2025-06-11_DKv70xTxlQl,daikuinterior_DKv70xTxlQl_1.jpg,furnitur-detail,furnitur-detail,0.5705,moved
2025-06-11_DKv70xTxlQl,daikuinterior_DKv70xTxlQl_2.jpg,furnitur-detail,furnitur-detail,0.7378,moved
2025-06-11_DKv70xTxlQl,daikuinterior_DKv70xTxlQl_3.jpg,furnitur-detail,furnitur-detail,0.5068,moved
2025-06-11_DKvyUbwxjgc,daikuinterior_DKvyUbwxjgc_0.jpg,ruang-usaha,furnitur-detail,0.7777,moved
2025-06-11_DKvyUbwxjgc,daikuinterior_DKvyUbwxjgc_1.jpg,furnitur-detail,furnitur-detail,0.8192,moved
2025-06-11_DKvyUbwxjgc,daikuinterior_DKvyUbwxjgc_2.jpg,furnitur-detail,furnitur-detail,0.8444,moved
2025-06-11_DKvyUbwxjgc,daikuinterior_DKvyUbwxjgc_3.jpg,furnitur-detail,furnitur-detail,0.5628,moved
2025-06-11_DKwCkUqx7w2,daikuinterior_DKwCkUqx7w2_0.jpg,ruang-usaha,ruang-usaha,0.5053,moved
2025-06-11_DKwCkUqx7w2,daikuinterior_DKwCkUqx7w2_1.jpg,ruang-usaha,ruang-usaha,0.7611,moved
2025-06-11_DKwCkUqx7w2,daikuinterior_DKwCkUqx7w2_2.jpg,ruang-usaha,ruang-usaha,0.8258,moved
2025-06-11_DKwCkUqx7w2,daikuinterior_DKwCkUqx7w2_3.jpg,ruang-usaha,ruang-usaha,0.5873,moved
2025-06-12_DKyU1i0xYFV,daikuinterior_DKyU1i0xYFV_0.jpg,ruang-usaha,ruang-usaha,0.9975,moved
2025-06-12_DKyU1i0xYFV,daikuinterior_DKyU1i0xYFV_1.jpg,ruang-usaha,ruang-usaha,0.9649,moved
2025-06-12_DKyU1i0xYFV,daikuinterior_DKyU1i0xYFV_2.jpg,ruang-usaha,ruang-usaha,0.9068,moved
2025-06-12_DKyU1i0xYFV,daikuinterior_DKyU1i0xYFV_3.jpg,ruang-usaha,ruang-usaha,0.7476,moved
2025-06-12_DKzNn-DROcu,daikuinterior_DKzNn-DROcu_0.jpg,ruang-usaha,ruang-usaha,0.9778,moved
2025-06-12_DKzNn-DROcu,daikuinterior_DKzNn-DROcu_1.jpg,ruang-usaha,ruang-usaha,0.8222,moved
2025-06-12_DKzNn-DROcu,daikuinterior_DKzNn-DROcu_2.jpg,ruang-usaha,ruang-usaha,0.8927,moved
2025-06-12_DKzNn-DROcu,daikuinterior_DKzNn-DROcu_3.jpg,ruang-usaha,ruang-usaha,0.9534,moved
2025-06-12_DKzPXabxrVi,daikuinterior_DKzPXabxrVi_0.jpg,furnitur-detail,furnitur-detail,0.4473,moved
2025-06-12_DKzPXabxrVi,daikuinterior_DKzPXabxrVi_1.jpg,perlu-ditinjau,perlu-ditinjau,0.3935,moved
2025-06-12_DKzPXabxrVi,daikuinterior_DKzPXabxrVi_2.jpg,furnitur-detail,furnitur-detail,0.7007,moved
2025-06-12_DKzUV-Lx6oU,daikuinterior_DKzUV-Lx6oU_0.jpg,furnitur-detail,furnitur-detail,0.7887,moved
2025-06-12_DKzUV-Lx6oU,daikuinterior_DKzUV-Lx6oU_1.jpg,promosi,promosi,0.4212,moved
2025-06-12_DKzUV-Lx6oU,daikuinterior_DKzUV-Lx6oU_2.jpg,furnitur-detail,furnitur-detail,0.6974,moved
2025-06-12_DKzUV-Lx6oU,daikuinterior_DKzUV-Lx6oU_3.jpg,furnitur-detail,furnitur-detail,0.5562,moved
2025-06-12_DKzX-G9xqZ9,daikuinterior_DKzX-G9xqZ9_0.jpg,ruang-makan,ruang-makan,0.6037,moved
2025-06-12_DKzX-G9xqZ9,daikuinterior_DKzX-G9xqZ9_1.jpg,ruang-makan,ruang-makan,0.3436,moved
2025-06-12_DKzX-G9xqZ9,daikuinterior_DKzX-G9xqZ9_2.jpg,ruang-usaha,ruang-makan,0.7654,moved
2025-06-12_DKzX-G9xqZ9,daikuinterior_DKzX-G9xqZ9_3.jpg,furnitur-detail,ruang-makan,0.8596,moved
2025-06-13_DK1h2A-xkl3,daikuinterior_DK1h2A-xkl3_0.jpg,furnitur-detail,furnitur-detail,0.7349,moved
2025-06-13_DK1h2A-xkl3,daikuinterior_DK1h2A-xkl3_1.jpg,promosi,promosi,0.8447,moved
2025-06-13_DK1h2A-xkl3,daikuinterior_DK1h2A-xkl3_2.jpg,ruang-usaha,furnitur-detail,0.5431,moved
2025-06-13_DK1h2A-xkl3,daikuinterior_DK1h2A-xkl3_3.jpg,furnitur-detail,furnitur-detail,0.771,moved
2025-06-13_DK1qqZ8xEDB,daikuinterior_DK1qqZ8xEDB_0.jpg,ruang-usaha,furnitur-detail,0.9925,moved
2025-06-13_DK1qqZ8xEDB,daikuinterior_DK1qqZ8xEDB_1.jpg,furnitur-detail,furnitur-detail,0.9042,moved
2025-06-13_DK1qqZ8xEDB,daikuinterior_DK1qqZ8xEDB_2.jpg,furnitur-detail,furnitur-detail,0.9084,moved
2025-06-13_DK1qqZ8xEDB,daikuinterior_DK1qqZ8xEDB_3.jpg,furnitur-detail,furnitur-detail,0.8713,moved
2025-06-13_DK1qqZ8xEDB,daikuinterior_DK1qqZ8xEDB_4.jpg,furnitur-detail,furnitur-detail,0.8912,moved
2025-06-14_DK3Sh-hzuLG,daikuinterior_DK3Sh-hzuLG_0.jpg,furnitur-detail,furnitur-detail,0.6756,moved
2025-06-14_DK3Sh-hzuLG,daikuinterior_DK3Sh-hzuLG_1.jpg,furnitur-detail,furnitur-detail,0.5534,moved
2025-06-14_DK3Sh-hzuLG,daikuinterior_DK3Sh-hzuLG_2.jpg,furnitur-detail,furnitur-detail,0.781,moved
2025-06-14_DK3Sh-hzuLG,daikuinterior_DK3Sh-hzuLG_3.jpg,furnitur-detail,furnitur-detail,0.8108,moved
2025-06-16_DK9gGWjxjx4,daikuinterior_DK9gGWjxjx4_0.jpg,ruang-usaha,ruang-usaha,0.7257,moved
2025-06-16_DK9gGWjxjx4,daikuinterior_DK9gGWjxjx4_1.jpg,furnitur-detail,ruang-usaha,0.8078,moved
2025-06-16_DK9gGWjxjx4,daikuinterior_DK9gGWjxjx4_2.jpg,furnitur-detail,ruang-usaha,0.683,moved
2025-06-16_DK9gGWjxjx4,daikuinterior_DK9gGWjxjx4_3.jpg,ruang-usaha,ruang-usaha,0.7957,moved
2025-06-16_DK9NmrUR5x6,daikuinterior_DK9NmrUR5x6_0.jpg,ruang-usaha,ruang-usaha,0.3604,moved
2025-06-16_DK9NmrUR5x6,daikuinterior_DK9NmrUR5x6_1.jpg,furnitur-detail,ruang-usaha,0.7782,moved
2025-06-16_DK9NmrUR5x6,daikuinterior_DK9NmrUR5x6_2.jpg,ruang-usaha,ruang-usaha,0.8744,moved
2025-06-16_DK9NmrUR5x6,daikuinterior_DK9NmrUR5x6_3.jpg,ruang-usaha,ruang-usaha,0.4728,moved
2025-06-17_DK_ga7Sxuys,daikuinterior_DK_ga7Sxuys_0.jpg,promosi,promosi,0.5643,moved
2025-06-17_DK_ga7Sxuys,daikuinterior_DK_ga7Sxuys_1.jpg,furnitur-detail,ruang-usaha,0.4101,moved
2025-06-17_DK_ga7Sxuys,daikuinterior_DK_ga7Sxuys_2.jpg,ruang-usaha,ruang-usaha,0.6527,moved
2025-06-17_DK_ga7Sxuys,daikuinterior_DK_ga7Sxuys_3.jpg,furnitur-detail,ruang-usaha,0.468,moved
2025-06-17_DK_ga7Sxuys,daikuinterior_DK_ga7Sxuys_4.jpg,ruang-usaha,ruang-usaha,0.8129,moved
2025-06-17_DK_ga7Sxuys,daikuinterior_DK_ga7Sxuys_5.jpg,ruang-usaha,ruang-usaha,0.5305,moved
2025-06-17_DK_jFAux0oq,daikuinterior_DK_jFAux0oq_0.jpg,ruang-usaha,ruang-usaha,0.974,moved
2025-06-17_DK_jFAux0oq,daikuinterior_DK_jFAux0oq_1.jpg,promosi,promosi,0.7256,moved
2025-06-17_DK_jFAux0oq,daikuinterior_DK_jFAux0oq_2.jpg,ruang-usaha,ruang-usaha,0.9135,moved
2025-06-17_DK_jFAux0oq,daikuinterior_DK_jFAux0oq_3.jpg,ruang-usaha,ruang-usaha,0.9295,moved
2025-06-17_DK_lX_LxH27,daikuinterior_DK_lX_LxH27_0.jpg,furnitur-detail,ruang-usaha,0.8499,moved
2025-06-17_DK_lX_LxH27,daikuinterior_DK_lX_LxH27_1.jpg,ruang-usaha,ruang-usaha,0.5758,moved
2025-06-17_DK_lX_LxH27,daikuinterior_DK_lX_LxH27_2.jpg,perlu-ditinjau,perlu-ditinjau,0.3006,moved
2025-06-17_DK_lX_LxH27,daikuinterior_DK_lX_LxH27_3.jpg,ruang-usaha,ruang-usaha,0.4019,moved
2025-06-17_DK_X0S9xjQT,daikuinterior_DK_X0S9xjQT_0.jpg,perlu-ditinjau,perlu-ditinjau,0.282,moved
2025-06-17_DK_X0S9xjQT,daikuinterior_DK_X0S9xjQT_1.jpg,ruang-usaha,ruang-usaha,0.5682,moved
2025-06-17_DK_X0S9xjQT,daikuinterior_DK_X0S9xjQT_2.jpg,furnitur-detail,ruang-usaha,0.3809,moved
2025-06-17_DK_X0S9xjQT,daikuinterior_DK_X0S9xjQT_3.jpg,ruang-usaha,ruang-usaha,0.5406,moved
2025-06-18_DLCBs0cxZMh,daikuinterior_DLCBs0cxZMh_0.jpg,ruang-usaha,ruang-usaha,0.878,moved
2025-06-18_DLCBs0cxZMh,daikuinterior_DLCBs0cxZMh_1.jpg,ruang-usaha,ruang-usaha,0.9549,moved
2025-06-18_DLCBs0cxZMh,daikuinterior_DLCBs0cxZMh_2.jpg,ruang-usaha,ruang-usaha,0.6542,moved
2025-06-18_DLCKjwpREpX,daikuinterior_DLCKjwpREpX_0.jpg,furnitur-detail,furnitur-detail,0.7503,moved
2025-06-18_DLCKjwpREpX,daikuinterior_DLCKjwpREpX_1.jpg,furnitur-detail,furnitur-detail,0.5879,moved
2025-06-18_DLCKjwpREpX,daikuinterior_DLCKjwpREpX_2.jpg,furnitur-detail,furnitur-detail,0.5781,moved
2025-06-18_DLCKjwpREpX,daikuinterior_DLCKjwpREpX_3.jpg,eksterior,furnitur-detail,0.5435,moved
2025-06-18_DLCNHK2xgbT,daikuinterior_DLCNHK2xgbT_0.jpg,ruang-usaha,ruang-usaha,0.9218,moved
2025-06-18_DLCNHK2xgbT,daikuinterior_DLCNHK2xgbT_1.jpg,promosi,promosi,0.3605,moved
2025-06-18_DLCNHK2xgbT,daikuinterior_DLCNHK2xgbT_2.jpg,ruang-usaha,ruang-usaha,0.8082,moved
2025-06-21_DLKIxL-xvwk,daikuinterior_DLKIxL-xvwk_0.jpg,furnitur-detail,furnitur-detail,0.3443,moved
2025-06-21_DLKIxL-xvwk,daikuinterior_DLKIxL-xvwk_1.jpg,furnitur-detail,furnitur-detail,0.5068,moved
2025-06-21_DLKIxL-xvwk,daikuinterior_DLKIxL-xvwk_2.jpg,promosi,promosi,0.3597,moved
2025-06-21_DLKIxL-xvwk,daikuinterior_DLKIxL-xvwk_3.jpg,furnitur-detail,furnitur-detail,0.4122,moved
2025-06-21_DLKLDwgRTnC,daikuinterior_DLKLDwgRTnC_0.jpg,ruang-usaha,ruang-usaha,0.9804,moved
2025-06-21_DLKLDwgRTnC,daikuinterior_DLKLDwgRTnC_1.jpg,furnitur-detail,ruang-usaha,0.5266,moved
2025-06-21_DLKLDwgRTnC,daikuinterior_DLKLDwgRTnC_2.jpg,ruang-usaha,ruang-usaha,0.6052,moved
2025-06-21_DLKQQeQxomB,daikuinterior_DLKQQeQxomB_0.jpg,dapur,dapur,0.4172,moved
2025-06-21_DLKQQeQxomB,daikuinterior_DLKQQeQxomB_1.jpg,ruang-usaha,dapur,0.5047,moved
2025-06-21_DLKQQeQxomB,daikuinterior_DLKQQeQxomB_2.jpg,dapur,dapur,0.5785,moved
2025-06-21_DLKQQeQxomB,daikuinterior_DLKQQeQxomB_3.jpg,ruang-usaha,dapur,0.8187,moved
2025-06-24_DLRnqkdxaoF,daikuinterior_DLRnqkdxaoF_0.jpg,furnitur-detail,furnitur-detail,0.8837,moved
2025-06-24_DLRnqkdxaoF,daikuinterior_DLRnqkdxaoF_1.jpg,promosi,promosi,0.362,moved
2025-06-24_DLRnqkdxaoF,daikuinterior_DLRnqkdxaoF_2.jpg,furnitur-detail,furnitur-detail,0.7795,moved
2025-06-24_DLRnqkdxaoF,daikuinterior_DLRnqkdxaoF_3.jpg,furnitur-detail,furnitur-detail,0.8315,moved
2025-06-30_DLhJFf3RKms,daikuinterior_DLhJFf3RKms_0.jpg,ruang-usaha,furnitur-detail,0.5354,moved
2025-06-30_DLhJFf3RKms,daikuinterior_DLhJFf3RKms_1.jpg,ruang-usaha,furnitur-detail,0.5319,moved
2025-06-30_DLhJFf3RKms,daikuinterior_DLhJFf3RKms_2.jpg,perlu-ditinjau,perlu-ditinjau,0.4848,moved
2025-06-30_DLhJFf3RKms,daikuinterior_DLhJFf3RKms_3.jpg,furnitur-detail,furnitur-detail,0.6598,moved
2025-06-30_DLhJFf3RKms,daikuinterior_DLhJFf3RKms_4.jpg,furnitur-detail,furnitur-detail,0.4048,moved
2025-06-30_DLhJFf3RKms,daikuinterior_DLhJFf3RKms_5.jpg,furnitur-detail,furnitur-detail,0.6579,moved
2025-06-30_DLhLlorRMHb,daikuinterior_DLhLlorRMHb_0.jpg,promosi,promosi,0.9568,moved
2025-06-30_DLhLlorRMHb,daikuinterior_DLhLlorRMHb_1.jpg,ruang-usaha,ruang-usaha,0.8913,moved
2025-06-30_DLhLlorRMHb,daikuinterior_DLhLlorRMHb_2.jpg,ruang-usaha,ruang-usaha,0.9085,moved
2025-07-01_DLjaJ-Xxmv8,daikuinterior_DLjaJ-Xxmv8_0.jpg,dapur,dapur,0.9324,moved
2025-07-01_DLjaJ-Xxmv8,daikuinterior_DLjaJ-Xxmv8_1.jpg,dapur,dapur,0.7782,moved
2025-07-01_DLjaJ-Xxmv8,daikuinterior_DLjaJ-Xxmv8_2.jpg,dapur,dapur,0.9646,moved
2025-07-01_DLjaJ-Xxmv8,daikuinterior_DLjaJ-Xxmv8_3.jpg,dapur,dapur,0.9605,moved
2025-07-01_DLjcKGXR-kF,daikuinterior_DLjcKGXR-kF_0.jpg,furnitur-detail,furnitur-detail,0.8253,moved
2025-07-01_DLjcKGXR-kF,daikuinterior_DLjcKGXR-kF_1.jpg,furnitur-detail,furnitur-detail,0.4466,moved
2025-07-01_DLjcKGXR-kF,daikuinterior_DLjcKGXR-kF_2.jpg,perlu-ditinjau,perlu-ditinjau,0.557,moved
2025-07-01_DLjcKGXR-kF,daikuinterior_DLjcKGXR-kF_3.jpg,furnitur-detail,furnitur-detail,0.8008,moved
2025-07-03_DLo7iDRxzup,daikuinterior_DLo7iDRxzup_0.jpg,promosi,promosi,0.8389,moved
2025-07-03_DLo7iDRxzup,daikuinterior_DLo7iDRxzup_1.jpg,promosi,promosi,0.7774,moved
2025-07-03_DLo7iDRxzup,daikuinterior_DLo7iDRxzup_2.jpg,perlu-ditinjau,perlu-ditinjau,0.5995,moved
2025-07-03_DLo7iDRxzup,daikuinterior_DLo7iDRxzup_3.jpg,perlu-ditinjau,perlu-ditinjau,0.6457,moved
2025-07-03_DLo9xARRHfM,daikuinterior_DLo9xARRHfM_0.jpg,furnitur-detail,furnitur-detail,0.7665,moved
2025-07-03_DLo9xARRHfM,daikuinterior_DLo9xARRHfM_1.jpg,ruang-usaha,furnitur-detail,0.6525,moved
2025-07-03_DLo9xARRHfM,daikuinterior_DLo9xARRHfM_2.jpg,furnitur-detail,furnitur-detail,0.5848,moved
2025-07-03_DLo9xARRHfM,daikuinterior_DLo9xARRHfM_3.jpg,ruang-usaha,furnitur-detail,0.4981,moved
2025-07-03_DLo_D2wx7eu,daikuinterior_DLo_D2wx7eu_0.jpg,furnitur-detail,furnitur-detail,0.6386,moved
2025-07-03_DLo_D2wx7eu,daikuinterior_DLo_D2wx7eu_1.jpg,furnitur-detail,furnitur-detail,0.5791,moved
2025-07-03_DLo_D2wx7eu,daikuinterior_DLo_D2wx7eu_2.jpg,perlu-ditinjau,perlu-ditinjau,0.5528,moved
2025-07-03_DLo_D2wx7eu,daikuinterior_DLo_D2wx7eu_3.jpg,perlu-ditinjau,perlu-ditinjau,0.3311,moved
2025-07-04_DLsCpB4RIv2,daikuinterior_DLsCpB4RIv2_0.jpg,promosi,promosi,0.7537,moved
2025-07-04_DLsCpB4RIv2,daikuinterior_DLsCpB4RIv2_1.jpg,promosi,promosi,0.4775,moved
2025-07-04_DLsCpB4RIv2,daikuinterior_DLsCpB4RIv2_2.jpg,promosi,promosi,0.7825,moved
2025-07-04_DLsEIT9xhB-,daikuinterior_DLsEIT9xhB-_0.jpg,ruang-usaha,ruang-usaha,0.9556,moved
2025-07-04_DLsEIT9xhB-,daikuinterior_DLsEIT9xhB-_1.jpg,furnitur-detail,ruang-usaha,0.8495,moved
2025-07-04_DLsEIT9xhB-,daikuinterior_DLsEIT9xhB-_2.jpg,ruang-usaha,ruang-usaha,0.9014,moved
2025-07-05_DLttXIQR1DJ,daikuinterior_DLttXIQR1DJ_0.jpg,ruang-usaha,ruang-usaha,0.9974,moved
2025-07-05_DLttXIQR1DJ,daikuinterior_DLttXIQR1DJ_1.jpg,ruang-usaha,ruang-usaha,0.9741,moved
2025-07-05_DLttXIQR1DJ,daikuinterior_DLttXIQR1DJ_2.jpg,ruang-usaha,ruang-usaha,0.9381,moved
2025-07-05_DLttXIQR1DJ,daikuinterior_DLttXIQR1DJ_3.jpg,ruang-usaha,ruang-usaha,0.5929,moved
2025-07-05_DLttXIQR1DJ,daikuinterior_DLttXIQR1DJ_4.jpg,ruang-usaha,ruang-usaha,0.6825,moved
2025-07-05_DLttXIQR1DJ,daikuinterior_DLttXIQR1DJ_5.jpg,ruang-usaha,ruang-usaha,0.9774,moved
2025-09-20_DO0wW-ME9Kp,daikuinterior_DO0wW-ME9Kp_0.jpg,dapur,dapur,0.758,moved
2025-09-20_DO0wW-ME9Kp,daikuinterior_DO0wW-ME9Kp_1.jpg,dapur,dapur,0.8266,moved
2025-09-20_DO0wW-ME9Kp,daikuinterior_DO0wW-ME9Kp_2.jpg,dapur,dapur,0.601,moved
2025-09-20_DO0wW-ME9Kp,daikuinterior_DO0wW-ME9Kp_3.jpg,dapur,dapur,0.6961,moved
2025-09-27_DPG_BvKE6ch,daikuinterior_DPG_BvKE6ch_0.jpg,furnitur-detail,furnitur-detail,0.6319,moved
2025-09-27_DPG_BvKE6ch,daikuinterior_DPG_BvKE6ch_1.jpg,furnitur-detail,furnitur-detail,0.8342,moved
2025-09-27_DPG_BvKE6ch,daikuinterior_DPG_BvKE6ch_2.jpg,furnitur-detail,furnitur-detail,0.674,moved
2025-09-27_DPG_BvKE6ch,daikuinterior_DPG_BvKE6ch_3.jpg,furnitur-detail,furnitur-detail,0.6594,moved
2025-10-04_DPYuF_pE4lX,daikuinterior_DPYuF_pE4lX_0.jpg,promosi,promosi,0.4486,moved
2025-10-04_DPYuF_pE4lX,daikuinterior_DPYuF_pE4lX_1.jpg,promosi,promosi,0.557,moved
2025-10-04_DPYuF_pE4lX,daikuinterior_DPYuF_pE4lX_2.jpg,ruang-usaha,ruang-usaha,0.8563,moved
2025-10-04_DPYuF_pE4lX,daikuinterior_DPYuF_pE4lX_3.jpg,ruang-usaha,ruang-usaha,0.5931,moved
2025-10-06_DPdiwZ3E7pi,daikuinterior_DPdiwZ3E7pi_0.jpg,dapur,dapur,0.4406,moved
2025-10-06_DPdiwZ3E7pi,daikuinterior_DPdiwZ3E7pi_1.jpg,promosi,promosi,0.4557,moved
2025-10-06_DPdiwZ3E7pi,daikuinterior_DPdiwZ3E7pi_2.jpg,perlu-ditinjau,perlu-ditinjau,0.3129,moved
2025-10-06_DPdiwZ3E7pi,daikuinterior_DPdiwZ3E7pi_3.jpg,promosi,promosi,0.7365,moved
2025-10-06_DPdiwZ3E7pi,daikuinterior_DPdiwZ3E7pi_4.jpg,promosi,promosi,0.9425,moved
2025-10-07_DPgCPdwE3bc,daikuinterior_DPgCPdwE3bc_0.jpg,furnitur-detail,furnitur-detail,0.7393,moved
2025-10-07_DPgCPdwE3bc,daikuinterior_DPgCPdwE3bc_1.jpg,promosi,promosi,0.8638,moved
2025-10-07_DPgCPdwE3bc,daikuinterior_DPgCPdwE3bc_2.jpg,promosi,promosi,0.691,moved
2025-10-07_DPgCPdwE3bc,daikuinterior_DPgCPdwE3bc_3.jpg,furnitur-detail,furnitur-detail,0.8937,moved
2025-10-07_DPgCPdwE3bc,daikuinterior_DPgCPdwE3bc_4.jpg,promosi,promosi,0.9961,moved
2025-10-08_DPim9-HEzNT,daikuinterior_DPim9-HEzNT_0.jpg,furnitur-detail,furnitur-detail,0.4085,moved
2025-10-08_DPim9-HEzNT,daikuinterior_DPim9-HEzNT_1.jpg,promosi,promosi,0.5111,moved
2025-10-09_DPlLwnZk3B7,daikuinterior_DPlLwnZk3B7_0.jpg,promosi,promosi,0.7902,moved
2025-10-09_DPlLwnZk3B7,daikuinterior_DPlLwnZk3B7_1.jpg,furnitur-detail,furnitur-detail,0.9316,moved
2025-10-09_DPlLwnZk3B7,daikuinterior_DPlLwnZk3B7_2.jpg,furnitur-detail,furnitur-detail,0.8036,moved
2025-10-09_DPlLwnZk3B7,daikuinterior_DPlLwnZk3B7_3.jpg,promosi,promosi,0.9815,moved
2025-10-10_DPnwmlrk1tJ,daikuinterior_DPnwmlrk1tJ_0.jpg,promosi,promosi,0.8328,moved
2025-10-10_DPnwmlrk1tJ,daikuinterior_DPnwmlrk1tJ_1.jpg,promosi,promosi,0.6852,moved
2025-10-10_DPnwmlrk1tJ,daikuinterior_DPnwmlrk1tJ_2.jpg,furnitur-detail,furnitur-detail,0.8691,moved
2025-10-10_DPnwmlrk1tJ,daikuinterior_DPnwmlrk1tJ_3.jpg,promosi,promosi,0.9362,moved
2025-10-11_DPqVXZkE6H8,daikuinterior_DPqVXZkE6H8_0.jpg,promosi,promosi,0.3877,moved
2025-10-11_DPqVXZkE6H8,daikuinterior_DPqVXZkE6H8_1.jpg,eksterior,eksterior,0.6648,moved
2025-10-13_DPve6Suk_Td,daikuinterior_DPve6Suk_Td_0.jpg,furnitur-detail,furnitur-detail,0.6074,moved
2025-10-13_DPve6Suk_Td,daikuinterior_DPve6Suk_Td_1.jpg,promosi,promosi,0.8413,moved
2025-10-13_DPve6Suk_Td,daikuinterior_DPve6Suk_Td_2.jpg,promosi,promosi,0.7115,moved
2025-10-13_DPve6Suk_Td,daikuinterior_DPve6Suk_Td_3.jpg,promosi,promosi,0.9652,moved
2025-10-14_DPyDyosk68J,daikuinterior_DPyDyosk68J_0.jpg,perlu-ditinjau,perlu-ditinjau,0.308,moved
2025-10-14_DPyDyosk68J,daikuinterior_DPyDyosk68J_1.jpg,furnitur-detail,furnitur-detail,0.4589,moved
2025-10-14_DPyDyosk68J,daikuinterior_DPyDyosk68J_2.jpg,furnitur-detail,furnitur-detail,0.6237,moved
2025-10-14_DPyDyosk68J,daikuinterior_DPyDyosk68J_3.jpg,furnitur-detail,furnitur-detail,0.6245,moved
2025-10-14_DPyDyosk68J,daikuinterior_DPyDyosk68J_4.jpg,furnitur-detail,furnitur-detail,0.502,moved
2025-10-15_DP0oghgE4Ym,daikuinterior_DP0oghgE4Ym_0.jpg,kamar-mandi,kamar-mandi,0.6099,moved
2025-10-15_DP0oghgE4Ym,daikuinterior_DP0oghgE4Ym_1.jpg,kamar-mandi,kamar-mandi,0.7073,moved
2025-10-15_DP0oghgE4Ym,daikuinterior_DP0oghgE4Ym_2.jpg,kamar-mandi,kamar-mandi,0.5228,moved
2025-10-15_DP0oghgE4Ym,daikuinterior_DP0oghgE4Ym_3.jpg,kamar-mandi,kamar-mandi,0.71,moved
2025-10-15_DP0oghgE4Ym,daikuinterior_DP0oghgE4Ym_4.jpg,kamar-mandi,kamar-mandi,0.8779,moved
2025-10-16_DP3NYiykxEN,daikuinterior_DP3NYiykxEN_0.jpg,kamar-mandi,kamar-mandi,0.4075,moved
2025-10-16_DP3NYiykxEN,daikuinterior_DP3NYiykxEN_1.jpg,promosi,promosi,0.6596,moved
2025-10-16_DP3NYiykxEN,daikuinterior_DP3NYiykxEN_2.jpg,promosi,promosi,0.8232,moved
2025-10-16_DP3NYiykxEN,daikuinterior_DP3NYiykxEN_3.jpg,promosi,promosi,0.7927,moved
2025-10-16_DP3NYiykxEN,daikuinterior_DP3NYiykxEN_4.jpg,promosi,promosi,0.7389,moved
2025-10-21_DQEFWPdExWr,daikuinterior_DQEFWPdExWr_0.jpg,kamar-tidur,kamar-tidur,0.6542,moved
2025-10-21_DQEFWPdExWr,daikuinterior_DQEFWPdExWr_1.jpg,perlu-ditinjau,perlu-ditinjau,0.4007,moved
2025-10-21_DQEFWPdExWr,daikuinterior_DQEFWPdExWr_2.jpg,promosi,promosi,0.6859,moved
2025-10-21_DQEFWPdExWr,daikuinterior_DQEFWPdExWr_3.jpg,furnitur-detail,kamar-tidur,0.4608,moved
2025-10-21_DQEFWPdExWr,daikuinterior_DQEFWPdExWr_4.jpg,promosi,promosi,0.9895,moved
2025-10-22_DQGwI6OE3mN,daikuinterior_DQGwI6OE3mN_0.jpg,perlu-ditinjau,perlu-ditinjau,0.2517,moved
2025-10-22_DQGwI6OE3mN,daikuinterior_DQGwI6OE3mN_1.jpg,promosi,promosi,0.9183,moved
2025-10-22_DQGwI6OE3mN,daikuinterior_DQGwI6OE3mN_2.jpg,promosi,promosi,0.9688,moved
2025-10-23_DQJPcK8E0R8,daikuinterior_DQJPcK8E0R8_0.jpg,perlu-ditinjau,perlu-ditinjau,0.4256,moved
2025-10-23_DQJPcK8E0R8,daikuinterior_DQJPcK8E0R8_1.jpg,perlu-ditinjau,perlu-ditinjau,0.3304,moved
2025-10-24_DQLzrRUk8s6,daikuinterior_DQLzrRUk8s6_0.jpg,furnitur-detail,furnitur-detail,0.6886,moved
2025-10-24_DQLzrRUk8s6,daikuinterior_DQLzrRUk8s6_1.jpg,promosi,promosi,0.6299,moved
2025-10-25_DQOacnmE23d,daikuinterior_DQOacnmE23d_0.jpg,furnitur-detail,furnitur-detail,0.6651,moved
2025-10-25_DQOacnmE23d,daikuinterior_DQOacnmE23d_1.jpg,furnitur-detail,furnitur-detail,0.4254,moved
2025-10-25_DQOacnmE23d,daikuinterior_DQOacnmE23d_2.jpg,promosi,promosi,0.6011,moved
2025-10-25_DQOacnmE23d,daikuinterior_DQOacnmE23d_3.jpg,promosi,promosi,0.998,moved
2025-10-27_DQTiEu6E0uR,daikuinterior_DQTiEu6E0uR_0.jpg,furnitur-detail,furnitur-detail,0.8728,moved
2025-10-27_DQTiEu6E0uR,daikuinterior_DQTiEu6E0uR_1.jpg,promosi,promosi,0.6497,moved
2025-10-27_DQTiEu6E0uR,daikuinterior_DQTiEu6E0uR_2.jpg,ruang-usaha,furnitur-detail,0.5882,moved
2025-10-27_DQTiEu6E0uR,daikuinterior_DQTiEu6E0uR_3.jpg,promosi,promosi,0.4885,moved
2025-10-27_DQTiEu6E0uR,daikuinterior_DQTiEu6E0uR_4.jpg,promosi,promosi,0.9998,moved
2025-10-28_DQWG76uE5vz,daikuinterior_DQWG76uE5vz_0.jpg,perlu-ditinjau,perlu-ditinjau,0.3472,moved
2025-10-28_DQWG76uE5vz,daikuinterior_DQWG76uE5vz_1.jpg,dapur,dapur,0.6251,moved
2025-10-29_DQYrtG0k4vk,daikuinterior_DQYrtG0k4vk_0.jpg,kamar-mandi,kamar-mandi,0.4658,moved
2025-10-29_DQYrtG0k4vk,daikuinterior_DQYrtG0k4vk_1.jpg,furnitur-detail,kamar-mandi,0.4772,moved
2025-10-29_DQYrtG0k4vk,daikuinterior_DQYrtG0k4vk_2.jpg,promosi,promosi,0.968,moved
2025-10-30_DQbQe3JE-n2,daikuinterior_DQbQe3JE-n2_0.jpg,furnitur-detail,furnitur-detail,0.8323,moved
2025-10-30_DQbQe3JE-n2,daikuinterior_DQbQe3JE-n2_1.jpg,furnitur-detail,furnitur-detail,0.9627,moved
2025-10-30_DQbQe3JE-n2,daikuinterior_DQbQe3JE-n2_2.jpg,promosi,promosi,0.968,moved
2025-10-31_DQd1O-qk7Mx,daikuinterior_DQd1O-qk7Mx_0.jpg,perlu-ditinjau,perlu-ditinjau,0.3535,moved
2025-10-31_DQd1O-qk7Mx,daikuinterior_DQd1O-qk7Mx_1.jpg,promosi,promosi,0.5894,moved
2025-11-01_DQgaBnJkxg7,daikuinterior_DQgaBnJkxg7_0.jpg,eksterior,eksterior,0.8407,moved
2025-11-01_DQgaBnJkxg7,daikuinterior_DQgaBnJkxg7_1.jpg,eksterior,eksterior,0.9396,moved
2025-11-02_DQi-z4yE4hX,daikuinterior_DQi-z4yE4hX_0.jpg,promosi,promosi,0.9313,moved
2025-11-02_DQi-z4yE4hX,daikuinterior_DQi-z4yE4hX_1.jpg,promosi,promosi,0.8815,moved
2025-11-03_DQljxKZk7cj,daikuinterior_DQljxKZk7cj_0.jpg,promosi,promosi,0.6693,moved
2025-11-03_DQljxKZk7cj,daikuinterior_DQljxKZk7cj_1.jpg,promosi,promosi,0.4977,moved
2025-11-04_DQoIc1DE20t,daikuinterior_DQoIc1DE20t_0.jpg,kamar-mandi,kamar-mandi,0.3737,moved
2025-11-04_DQoIc1DE20t,daikuinterior_DQoIc1DE20t_1.jpg,furnitur-detail,kamar-mandi,0.7219,moved
2025-11-04_DQoIc1DE20t,daikuinterior_DQoIc1DE20t_2.jpg,promosi,promosi,0.9456,moved
2025-11-04_DQoIc1DE20t,daikuinterior_DQoIc1DE20t_3.jpg,promosi,promosi,0.9563,moved
2025-11-05_DQqtRUGky1o,daikuinterior_DQqtRUGky1o_0.jpg,promosi,promosi,0.5741,moved
2025-11-05_DQqtRUGky1o,daikuinterior_DQqtRUGky1o_1.jpg,furnitur-detail,furnitur-detail,0.7368,moved
2025-11-05_DQqtRUGky1o,daikuinterior_DQqtRUGky1o_2.jpg,furnitur-detail,furnitur-detail,0.5563,moved
2025-11-05_DQqtRUGky1o,daikuinterior_DQqtRUGky1o_3.jpg,promosi,promosi,0.9536,moved
2025-11-06_DQtSDAUE5E_,daikuinterior_DQtSDAUE5E__0.jpg,promosi,promosi,0.991,moved
2025-11-06_DQtSDAUE5E_,daikuinterior_DQtSDAUE5E__1.jpg,perlu-ditinjau,perlu-ditinjau,0.2476,moved
2025-11-07_DQv156Zk5p4,daikuinterior_DQv156Zk5p4_0.jpg,dapur,dapur,0.8461,moved
2025-11-07_DQv156Zk5p4,daikuinterior_DQv156Zk5p4_1.jpg,dapur,dapur,0.8136,moved
2025-11-08_DQybov_EwIQ,daikuinterior_DQybov_EwIQ_0.jpg,promosi,promosi,0.5139,moved
2025-11-08_DQybov_EwIQ,daikuinterior_DQybov_EwIQ_1.jpg,promosi,promosi,0.7413,moved
2025-11-08_DQybov_EwIQ,daikuinterior_DQybov_EwIQ_2.jpg,promosi,promosi,0.9818,moved
2025-11-10_DQ3mHWCk1_W,daikuinterior_DQ3mHWCk1_W_0.jpg,eksterior,eksterior,0.7605,moved
2025-11-10_DQ3mHWCk1_W,daikuinterior_DQ3mHWCk1_W_1.jpg,promosi,promosi,0.7562,moved
2025-11-11_DQ6KBJpE3od,daikuinterior_DQ6KBJpE3od_0.jpg,furnitur-detail,furnitur-detail,0.4764,moved
2025-11-11_DQ6KBJpE3od,daikuinterior_DQ6KBJpE3od_1.jpg,promosi,promosi,0.3854,moved
2025-11-11_DQ6KBJpE3od,daikuinterior_DQ6KBJpE3od_2.jpg,promosi,promosi,0.9538,moved
2025-11-12_DQ8uzuik7u7,daikuinterior_DQ8uzuik7u7_0.jpg,kamar-mandi,kamar-mandi,0.616,moved
2025-11-12_DQ8uzuik7u7,daikuinterior_DQ8uzuik7u7_1.jpg,promosi,promosi,0.6984,moved
2025-11-12_DQ8uzuik7u7,daikuinterior_DQ8uzuik7u7_2.jpg,promosi,promosi,0.9563,moved
2025-11-13_DQ_UBV_E4Dl,daikuinterior_DQ_UBV_E4Dl_0.jpg,promosi,promosi,0.5704,moved
2025-11-13_DQ_UBV_E4Dl,daikuinterior_DQ_UBV_E4Dl_1.jpg,promosi,promosi,0.7278,moved
2025-11-14_DRB4g4AE3VZ,daikuinterior_DRB4g4AE3VZ_0.jpg,furnitur-detail,furnitur-detail,0.3807,moved
2025-11-14_DRB4g4AE3VZ,daikuinterior_DRB4g4AE3VZ_1.jpg,promosi,promosi,0.8773,moved
2025-11-15_DREdPkzk7jy,daikuinterior_DREdPkzk7jy_0.jpg,ruang-usaha,ruang-usaha,0.9022,moved
2025-11-15_DREdPkzk7jy,daikuinterior_DREdPkzk7jy_1.jpg,promosi,promosi,0.825,moved
2025-11-17_DRJm0suE2gg,daikuinterior_DRJm0suE2gg_0.jpg,promosi,promosi,0.4481,moved
2025-11-17_DRJm0suE2gg,daikuinterior_DRJm0suE2gg_1.jpg,furnitur-detail,furnitur-detail,0.9067,moved
2025-11-18_DRMLiEDk_IJ,daikuinterior_DRMLiEDk_IJ_0.jpg,furnitur-detail,furnitur-detail,0.4434,moved
2025-11-18_DRMLiEDk_IJ,daikuinterior_DRMLiEDk_IJ_1.jpg,promosi,promosi,0.7596,moved
2025-11-18_DRMLiEDk_IJ,daikuinterior_DRMLiEDk_IJ_2.jpg,promosi,promosi,0.9563,moved
2025-11-19_DROwZdLE9GR,daikuinterior_DROwZdLE9GR_0.jpg,dapur,dapur,0.583,moved
2025-11-19_DROwZdLE9GR,daikuinterior_DROwZdLE9GR_1.jpg,dapur,dapur,0.6777,moved
2025-11-19_DROwZdLE9GR,daikuinterior_DROwZdLE9GR_2.jpg,promosi,promosi,0.9538,moved
2025-11-20_DRRVJAVk2KP,daikuinterior_DRRVJAVk2KP_0.jpg,promosi,promosi,0.3693,moved
2025-11-20_DRRVJAVk2KP,daikuinterior_DRRVJAVk2KP_1.jpg,kamar-mandi,kamar-mandi,0.3572,moved
2025-11-21_DRT58zdk9MY,daikuinterior_DRT58zdk9MY_0.jpg,dapur,dapur,0.4333,moved
2025-11-21_DRT58zdk9MY,daikuinterior_DRT58zdk9MY_1.jpg,ruang-usaha,dapur,0.5298,moved
2025-11-22_DRWevhhk-zu,daikuinterior_DRWevhhk-zu_0.jpg,promosi,promosi,0.6162,moved
2025-11-22_DRWevhhk-zu,daikuinterior_DRWevhhk-zu_1.jpg,promosi,promosi,0.6231,moved
2025-11-22_DRWevhhk-zu,daikuinterior_DRWevhhk-zu_2.jpg,promosi,promosi,0.9751,moved
2025-11-24_DRb32k0E75j,daikuinterior_DRb32k0E75j_0.jpg,promosi,promosi,0.4383,moved
2025-11-24_DRb32k0E75j,daikuinterior_DRb32k0E75j_1.jpg,promosi,promosi,0.4497,moved
2025-11-25_DReNL8UEzrO,daikuinterior_DReNL8UEzrO_0.jpg,furnitur-detail,furnitur-detail,0.6611,moved
2025-11-25_DReNL8UEzrO,daikuinterior_DReNL8UEzrO_1.jpg,promosi,promosi,0.6206,moved
2025-11-25_DReNL8UEzrO,daikuinterior_DReNL8UEzrO_2.jpg,promosi,promosi,0.985,moved
2025-11-26_DRgx5kwkwoB,daikuinterior_DRgx5kwkwoB_0.jpg,furnitur-detail,furnitur-detail,0.7011,moved
2025-11-26_DRgx5kwkwoB,daikuinterior_DRgx5kwkwoB_1.jpg,promosi,promosi,0.8727,moved
2025-11-26_DRgx5kwkwoB,daikuinterior_DRgx5kwkwoB_2.jpg,promosi,promosi,0.8987,moved
2025-11-26_DRgx5kwkwoB,daikuinterior_DRgx5kwkwoB_3.jpg,promosi,promosi,0.971,moved
2025-11-27_DRjWxnUE5Q_,daikuinterior_DRjWxnUE5Q__0.jpg,furnitur-detail,furnitur-detail,0.8456,moved
2025-11-27_DRjWxnUE5Q_,daikuinterior_DRjWxnUE5Q__1.jpg,furnitur-detail,furnitur-detail,0.8253,moved
2025-11-28_DRl8LCDk2u3,daikuinterior_DRl8LCDk2u3_0.jpg,ruang-usaha,ruang-usaha,0.5974,moved
2025-11-28_DRl8LCDk2u3,daikuinterior_DRl8LCDk2u3_1.jpg,perlu-ditinjau,perlu-ditinjau,0.3168,moved
2025-11-29_DRogV7MEzPg,daikuinterior_DRogV7MEzPg_0.jpg,dapur,dapur,0.3806,moved
2025-11-29_DRogV7MEzPg,daikuinterior_DRogV7MEzPg_1.jpg,promosi,promosi,0.5636,moved
2025-12-01_DRtp8rJk6Z-,daikuinterior_DRtp8rJk6Z-_0.jpg,perlu-ditinjau,perlu-ditinjau,0.5251,moved
2025-12-01_DRtp8rJk6Z-,daikuinterior_DRtp8rJk6Z-_1.jpg,promosi,promosi,0.6712,moved
2025-12-02_DRwOtjyk6_K,daikuinterior_DRwOtjyk6_K_0.jpg,kamar-mandi,kamar-mandi,0.7805,moved
2025-12-02_DRwOtjyk6_K,daikuinterior_DRwOtjyk6_K_1.jpg,furnitur-detail,kamar-mandi,0.4209,moved
2025-12-02_DRwOtjyk6_K,daikuinterior_DRwOtjyk6_K_2.jpg,promosi,promosi,0.971,moved
2025-12-03_DRyzhesk0zo,daikuinterior_DRyzhesk0zo_0.jpg,furnitur-detail,furnitur-detail,0.458,moved
2025-12-03_DRyzhesk0zo,daikuinterior_DRyzhesk0zo_1.jpg,furnitur-detail,furnitur-detail,0.6733,moved
2025-12-04_DR1YQBWk0bT,daikuinterior_DR1YQBWk0bT_0.jpg,promosi,promosi,0.7334,moved
2025-12-04_DR1YQBWk0bT,daikuinterior_DR1YQBWk0bT_1.jpg,promosi,promosi,0.9529,moved
2025-12-05_DR3-NChE76r,daikuinterior_DR3-NChE76r_0.jpg,ruang-usaha,ruang-usaha,0.5942,moved
2025-12-05_DR3-NChE76r,daikuinterior_DR3-NChE76r_1.jpg,furnitur-detail,ruang-usaha,0.8294,moved
2025-12-08_DR_rd_FE16K,daikuinterior_DR_rd_FE16K_0.jpg,promosi,promosi,0.5111,moved
2025-12-08_DR_rd_FE16K,daikuinterior_DR_rd_FE16K_1.jpg,promosi,promosi,0.8085,moved
2025-12-09_DSCQRNAkwuN,daikuinterior_DSCQRNAkwuN_0.jpg,ruang-usaha,ruang-usaha,0.8339,moved
2025-12-09_DSCQRNAkwuN,daikuinterior_DSCQRNAkwuN_1.jpg,furnitur-detail,ruang-usaha,0.914,moved
2025-12-11_DSHZ1yKARW2,daikuinterior_DSHZ1yKARW2_0.jpg,furnitur-detail,furnitur-detail,0.3583,moved
2025-12-11_DSHZ1yKARW2,daikuinterior_DSHZ1yKARW2_1.jpg,promosi,promosi,0.5053,moved
2025-12-12_DSJ-mt5k6wS,daikuinterior_DSJ-mt5k6wS_0.jpg,promosi,promosi,0.9506,moved
2025-12-12_DSJ-mt5k6wS,daikuinterior_DSJ-mt5k6wS_1.jpg,furnitur-detail,furnitur-detail,0.4247,moved
2025-12-15_DSRtAt2k3J3,daikuinterior_DSRtAt2k3J3_0.jpg,promosi,promosi,0.7632,moved
2025-12-15_DSRtAt2k3J3,daikuinterior_DSRtAt2k3J3_1.jpg,promosi,promosi,0.9708,moved
2025-12-16_DSUR3SHE5Xw,daikuinterior_DSUR3SHE5Xw_0.jpg,perlu-ditinjau,perlu-ditinjau,0.3281,moved
2025-12-16_DSUR3SHE5Xw,daikuinterior_DSUR3SHE5Xw_1.jpg,dapur,dapur,0.4292,moved
2025-12-17_DSW1mxSk0fE,daikuinterior_DSW1mxSk0fE_0.jpg,promosi,promosi,0.7737,moved
2025-12-17_DSW1mxSk0fE,daikuinterior_DSW1mxSk0fE_1.jpg,promosi,promosi,0.9879,moved
2025-12-18_DSZbfLlk5P5,daikuinterior_DSZbfLlk5P5_0.jpg,furnitur-detail,furnitur-detail,0.4543,moved
2025-12-18_DSZbfLlk5P5,daikuinterior_DSZbfLlk5P5_1.jpg,furnitur-detail,furnitur-detail,0.4834,moved
2025-12-19_DScDOKHk5s6,daikuinterior_DScDOKHk5s6_0.jpg,furnitur-detail,furnitur-detail,0.4864,moved
2025-12-19_DScDOKHk5s6,daikuinterior_DScDOKHk5s6_1.jpg,furnitur-detail,furnitur-detail,0.8093,moved
2025-12-23_DSmTdLDk0oq,daikuinterior_DSmTdLDk0oq_0.jpg,eksterior,eksterior,0.8863,moved
2025-12-23_DSmTdLDk0oq,daikuinterior_DSmTdLDk0oq_1.jpg,furnitur-detail,eksterior,0.6244,moved
2025-12-25_DSrzAM7E_Sw,daikuinterior_DSrzAM7E_Sw_0.jpg,promosi,promosi,0.4013,moved
2025-12-25_DSrzAM7E_Sw,daikuinterior_DSrzAM7E_Sw_1.jpg,promosi,promosi,0.4199,moved
2025-12-26_DSuTWxNE6kp,daikuinterior_DSuTWxNE6kp_0.jpg,furnitur-detail,furnitur-detail,0.7011,moved
2025-12-26_DSuTWxNE6kp,daikuinterior_DSuTWxNE6kp_1.jpg,promosi,promosi,0.8987,moved
2025-12-26_DSuTWxNE6kp,daikuinterior_DSuTWxNE6kp_2.jpg,promosi,promosi,0.8727,moved
2025-12-26_DSuTWxNE6kp,daikuinterior_DSuTWxNE6kp_3.jpg,promosi,promosi,0.971,moved
2025-12-29_DS12aUxkzuG,daikuinterior_DS12aUxkzuG_0.jpg,furnitur-detail,furnitur-detail,0.4905,moved
2025-12-29_DS12aUxkzuG,daikuinterior_DS12aUxkzuG_1.jpg,promosi,promosi,0.4042,moved
2025-12-29_DS12aUxkzuG,daikuinterior_DS12aUxkzuG_2.jpg,promosi,promosi,0.9606,moved
2025-12-30_DS4VBW1E306,daikuinterior_DS4VBW1E306_0.jpg,eksterior,eksterior,0.7627,moved
2025-12-30_DS4VBW1E306,daikuinterior_DS4VBW1E306_1.jpg,promosi,promosi,0.6763,moved
2025-12-31_DS6_XrIk0ke,daikuinterior_DS6_XrIk0ke_0.jpg,kamar-mandi,kamar-mandi,0.3733,moved
2025-12-31_DS6_XrIk0ke,daikuinterior_DS6_XrIk0ke_1.jpg,promosi,promosi,0.7468,moved
2026-01-02_DS_2D5WkzzA,daikuinterior_DS_2D5WkzzA_0.jpg,ruang-keluarga,ruang-keluarga,0.4394,moved
2026-01-02_DS_2D5WkzzA,daikuinterior_DS_2D5WkzzA_1.jpg,furnitur-detail,ruang-keluarga,0.9613,moved
2026-01-05_DTHxtPfE9Kq,daikuinterior_DTHxtPfE9Kq_0.jpg,promosi,promosi,0.7334,moved
2026-01-05_DTHxtPfE9Kq,daikuinterior_DTHxtPfE9Kq_1.jpg,promosi,promosi,0.9529,moved
2026-01-06_DTKYMQaE-ss,daikuinterior_DTKYMQaE-ss_0.jpg,furnitur-detail,furnitur-detail,0.6977,moved
2026-01-06_DTKYMQaE-ss,daikuinterior_DTKYMQaE-ss_1.jpg,furnitur-detail,furnitur-detail,0.8864,moved
2026-01-06_DTKYMQaE-ss,daikuinterior_DTKYMQaE-ss_2.jpg,promosi,promosi,0.5991,moved
2026-01-07_DTM9xhxE2qA,daikuinterior_DTM9xhxE2qA_0.jpg,furnitur-detail,furnitur-detail,0.6054,moved
2026-01-07_DTM9xhxE2qA,daikuinterior_DTM9xhxE2qA_1.jpg,promosi,promosi,0.861,moved
2026-01-07_DTM9xhxE2qA,daikuinterior_DTM9xhxE2qA_2.jpg,promosi,promosi,0.6918,moved
2026-01-07_DTM9xhxE2qA,daikuinterior_DTM9xhxE2qA_3.jpg,promosi,promosi,0.9696,moved
2026-01-12_DTZywA9kweL,daikuinterior_DTZywA9kweL_0.jpg,kamar-tidur,kamar-tidur,0.7368,moved
2026-01-12_DTZywA9kweL,daikuinterior_DTZywA9kweL_1.jpg,promosi,promosi,0.823,moved
2026-01-12_DTZywA9kweL,daikuinterior_DTZywA9kweL_2.jpg,promosi,promosi,0.6926,moved
2026-01-12_DTZywA9kweL,daikuinterior_DTZywA9kweL_3.jpg,promosi,promosi,0.971,moved
2026-01-13_DTcYjwAk6On,daikuinterior_DTcYjwAk6On_0.jpg,furnitur-detail,furnitur-detail,0.65,moved
2026-01-13_DTcYjwAk6On,daikuinterior_DTcYjwAk6On_1.jpg,promosi,promosi,0.6322,moved
2026-01-13_DTcYjwAk6On,daikuinterior_DTcYjwAk6On_2.jpg,promosi,promosi,0.985,moved
2026-01-14_DTfMNwkE1uE,daikuinterior_DTfMNwkE1uE_0.jpg,perlu-ditinjau,perlu-ditinjau,0.3953,moved
2026-01-14_DTfMNwkE1uE,daikuinterior_DTfMNwkE1uE_1.jpg,eksterior,eksterior,0.6931,moved
2026-01-15_DThfGtqE1Pu,daikuinterior_DThfGtqE1Pu_0.jpg,furnitur-detail,furnitur-detail,0.621,moved
2026-01-15_DThfGtqE1Pu,daikuinterior_DThfGtqE1Pu_1.jpg,furnitur-detail,furnitur-detail,0.4609,moved
2026-01-15_DThfGtqE1Pu,daikuinterior_DThfGtqE1Pu_2.jpg,promosi,promosi,0.3879,moved
2026-01-17_DTmrTHek9c8,daikuinterior_DTmrTHek9c8_0.jpg,perlu-ditinjau,perlu-ditinjau,0.3315,moved
2026-01-17_DTmrTHek9c8,daikuinterior_DTmrTHek9c8_1.jpg,furnitur-detail,furnitur-detail,0.7102,moved
2026-01-17_DTmrTHek9c8,daikuinterior_DTmrTHek9c8_2.jpg,promosi,promosi,0.9616,moved
2026-01-17_DTmrTHek9c8,daikuinterior_DTmrTHek9c8_3.jpg,promosi,promosi,0.971,moved
2026-01-19_DTr05f3k6Es,daikuinterior_DTr05f3k6Es_0.jpg,eksterior,eksterior,0.6223,moved
2026-01-19_DTr05f3k6Es,daikuinterior_DTr05f3k6Es_1.jpg,promosi,promosi,0.4521,moved
2026-01-20_DTuZtw6kwdU,daikuinterior_DTuZtw6kwdU_0.jpg,promosi,promosi,0.7502,moved
2026-01-20_DTuZtw6kwdU,daikuinterior_DTuZtw6kwdU_1.jpg,furnitur-detail,furnitur-detail,0.917,moved
2026-01-20_DTuZtw6kwdU,daikuinterior_DTuZtw6kwdU_2.jpg,furnitur-detail,furnitur-detail,0.7318,moved
2026-01-21_DTw-dJck0ci,daikuinterior_DTw-dJck0ci_0.jpg,furnitur-detail,furnitur-detail,0.7033,moved
2026-01-21_DTw-dJck0ci,daikuinterior_DTw-dJck0ci_1.jpg,furnitur-detail,furnitur-detail,0.9613,moved
2026-01-22_DTzldKVkw88,daikuinterior_DTzldKVkw88_0.jpg,promosi,promosi,0.551,moved
2026-01-22_DTzldKVkw88,daikuinterior_DTzldKVkw88_1.jpg,perlu-ditinjau,perlu-ditinjau,0.303,moved
2026-01-23_DT2L6HSEyvT,daikuinterior_DT2L6HSEyvT_0.jpg,furnitur-detail,furnitur-detail,0.5793,moved
2026-01-23_DT2L6HSEyvT,daikuinterior_DT2L6HSEyvT_1.jpg,promosi,promosi,0.8169,moved
2026-01-23_DT2L6HSEyvT,daikuinterior_DT2L6HSEyvT_2.jpg,promosi,promosi,0.7306,moved
2026-01-24_DT4x-LIEyMw,daikuinterior_DT4x-LIEyMw_0.jpg,furnitur-detail,furnitur-detail,0.773,moved
2026-01-24_DT4x-LIEyMw,daikuinterior_DT4x-LIEyMw_1.jpg,promosi,promosi,0.8327,moved
2026-01-24_DT4x-LIEyMw,daikuinterior_DT4x-LIEyMw_2.jpg,furnitur-detail,furnitur-detail,0.8861,moved
2026-01-24_DT4x-LIEyMw,daikuinterior_DT4x-LIEyMw_3.jpg,promosi,promosi,0.7405,moved
2026-01-26_DT90l9BE9oU,daikuinterior_DT90l9BE9oU_0.jpg,perlu-ditinjau,perlu-ditinjau,0.3803,moved
2026-01-26_DT90l9BE9oU,daikuinterior_DT90l9BE9oU_1.jpg,promosi,promosi,0.6036,moved
2026-01-27_DUAbMWsE-9t,daikuinterior_DUAbMWsE-9t_0.jpg,dapur,dapur,0.4311,moved
2026-01-27_DUAbMWsE-9t,daikuinterior_DUAbMWsE-9t_1.jpg,ruang-usaha,dapur,0.4926,moved
2026-01-27_DUAbMWsE-9t,daikuinterior_DUAbMWsE-9t_2.jpg,promosi,promosi,0.9698,moved
2026-01-28_DUDBmRCE2G9,daikuinterior_DUDBmRCE2G9_0.jpg,eksterior,eksterior,0.8191,moved
2026-01-28_DUDBmRCE2G9,daikuinterior_DUDBmRCE2G9_1.jpg,eksterior,eksterior,0.9394,moved
2026-01-29_DUFeW5bEx2i,daikuinterior_DUFeW5bEx2i_0.jpg,furnitur-detail,furnitur-detail,0.8456,moved
2026-01-29_DUFeW5bEx2i,daikuinterior_DUFeW5bEx2i_1.jpg,furnitur-detail,furnitur-detail,0.8271,moved
2026-01-30_DUIXQazE1Kt,daikuinterior_DUIXQazE1Kt_0.jpg,furnitur-detail,furnitur-detail,0.7575,moved
2026-01-30_DUIXQazE1Kt,daikuinterior_DUIXQazE1Kt_1.jpg,furnitur-detail,furnitur-detail,0.8864,moved
2026-01-30_DUIXQazE1Kt,daikuinterior_DUIXQazE1Kt_2.jpg,promosi,promosi,0.8698,moved
2026-02-02_DUP-IBRkwY8,daikuinterior_DUP-IBRkwY8_0.jpg,kamar-tidur,kamar-tidur,0.9088,moved
2026-02-02_DUP-IBRkwY8,daikuinterior_DUP-IBRkwY8_1.jpg,perlu-ditinjau,perlu-ditinjau,0.3114,moved
2026-02-02_DUP-IBRkwY8,daikuinterior_DUP-IBRkwY8_2.jpg,furnitur-detail,kamar-tidur,0.6552,moved
2026-02-03_DUSc2HwE0UA,daikuinterior_DUSc2HwE0UA_0.jpg,dapur,dapur,0.9872,moved
2026-02-03_DUSc2HwE0UA,daikuinterior_DUSc2HwE0UA_1.jpg,ruang-usaha,dapur,0.4411,moved
2026-02-03_DUSc2HwE0UA,daikuinterior_DUSc2HwE0UA_2.jpg,dapur,dapur,0.5193,moved
2026-02-04_DUVBnY1E_Fx,daikuinterior_DUVBnY1E_Fx_0.jpg,kamar-tidur,kamar-tidur,0.5526,moved
2026-02-04_DUVBnY1E_Fx,daikuinterior_DUVBnY1E_Fx_1.jpg,kamar-tidur,kamar-tidur,0.8243,moved
2026-02-04_DUVBnY1E_Fx,daikuinterior_DUVBnY1E_Fx_2.jpg,furnitur-detail,kamar-tidur,0.5253,moved
2026-02-05_DUXmWTgE57Z,daikuinterior_DUXmWTgE57Z_0.jpg,furnitur-detail,furnitur-detail,0.7433,moved
2026-02-05_DUXmWTgE57Z,daikuinterior_DUXmWTgE57Z_1.jpg,ruang-usaha,furnitur-detail,0.4772,moved
2026-02-05_DUXmWTgE57Z,daikuinterior_DUXmWTgE57Z_2.jpg,furnitur-detail,furnitur-detail,0.7091,moved
2026-02-06_DUaOn2vE-jG,daikuinterior_DUaOn2vE-jG_0.jpg,kamar-tidur,kamar-tidur,0.9236,moved
2026-02-06_DUaOn2vE-jG,daikuinterior_DUaOn2vE-jG_1.jpg,kamar-tidur,kamar-tidur,0.5873,moved
2026-02-06_DUaOn2vE-jG,daikuinterior_DUaOn2vE-jG_2.jpg,kamar-tidur,kamar-tidur,0.6256,moved
2026-02-07_DUcqDk3E9ci,daikuinterior_DUcqDk3E9ci_0.jpg,perlu-ditinjau,perlu-ditinjau,0.3358,moved
2026-02-07_DUcqDk3E9ci,daikuinterior_DUcqDk3E9ci_1.jpg,kamar-tidur,kamar-tidur,0.486,moved
2026-02-07_DUcqDk3E9ci,daikuinterior_DUcqDk3E9ci_2.jpg,kamar-tidur,kamar-tidur,0.6025,moved
2026-02-09_DUh5isnE0Y9,daikuinterior_DUh5isnE0Y9_0.jpg,dapur,dapur,0.9706,moved
2026-02-09_DUh5isnE0Y9,daikuinterior_DUh5isnE0Y9_1.jpg,dapur,dapur,0.7653,moved
2026-02-09_DUh5isnE0Y9,daikuinterior_DUh5isnE0Y9_2.jpg,dapur,dapur,0.7516,moved
2026-02-10_DUkeXsLE33c,daikuinterior_DUkeXsLE33c_0.jpg,furnitur-detail,furnitur-detail,0.8606,moved
2026-02-10_DUkeXsLE33c,daikuinterior_DUkeXsLE33c_1.jpg,dapur,furnitur-detail,0.5413,moved
2026-02-10_DUkeXsLE33c,daikuinterior_DUkeXsLE33c_2.jpg,furnitur-detail,furnitur-detail,0.5977,moved
2026-02-11_DUnDI2TExU6,daikuinterior_DUnDI2TExU6_0.jpg,ruang-usaha,ruang-usaha,0.3645,moved
2026-02-11_DUnDI2TExU6,daikuinterior_DUnDI2TExU6_1.jpg,furnitur-detail,ruang-usaha,0.3529,moved
2026-02-11_DUnDI2TExU6,daikuinterior_DUnDI2TExU6_2.jpg,perlu-ditinjau,perlu-ditinjau,0.3241,moved
2026-02-12_DUpn498E-qc,daikuinterior_DUpn498E-qc_0.jpg,furnitur-detail,furnitur-detail,0.4861,moved
2026-02-12_DUpn498E-qc,daikuinterior_DUpn498E-qc_1.jpg,furnitur-detail,furnitur-detail,0.471,moved
2026-02-12_DUpn498E-qc,daikuinterior_DUpn498E-qc_2.jpg,furnitur-detail,furnitur-detail,0.5318,moved
2026-02-12_DUpn498E-qc,daikuinterior_DUpn498E-qc_3.jpg,furnitur-detail,furnitur-detail,0.6619,moved
2026-02-13_DUsMwGvk-t6,daikuinterior_DUsMwGvk-t6_0.jpg,ruang-keluarga,ruang-keluarga,0.3842,moved
2026-02-13_DUsMwGvk-t6,daikuinterior_DUsMwGvk-t6_1.jpg,perlu-ditinjau,perlu-ditinjau,0.2803,moved
2026-02-13_DUsMwGvk-t6,daikuinterior_DUsMwGvk-t6_2.jpg,ruang-usaha,ruang-keluarga,0.6377,moved
2026-02-13_DUsMwGvk-t6,daikuinterior_DUsMwGvk-t6_3.jpg,furnitur-detail,ruang-keluarga,0.451,moved
2026-02-14_DUuw5RTE5GM,daikuinterior_DUuw5RTE5GM_0.jpg,ruang-usaha,ruang-usaha,0.9392,moved
2026-02-14_DUuw5RTE5GM,daikuinterior_DUuw5RTE5GM_1.jpg,furnitur-detail,ruang-usaha,0.7047,moved
2026-02-14_DUuw5RTE5GM,daikuinterior_DUuw5RTE5GM_2.jpg,ruang-usaha,ruang-usaha,0.9324,moved
2026-02-14_DUuw5RTE5GM,daikuinterior_DUuw5RTE5GM_3.jpg,dapur,ruang-usaha,0.7118,moved
2026-02-16_DUz-gvhk7R8,daikuinterior_DUz-gvhk7R8_0.jpg,kamar-mandi,kamar-mandi,0.4531,moved
2026-02-16_DUz-gvhk7R8,daikuinterior_DUz-gvhk7R8_1.jpg,promosi,promosi,0.4108,moved
2026-02-16_DUz-gvhk7R8,daikuinterior_DUz-gvhk7R8_2.jpg,ruang-usaha,kamar-mandi,0.5068,moved
2026-02-16_DUz-gvhk7R8,daikuinterior_DUz-gvhk7R8_3.jpg,dapur,kamar-mandi,0.4734,moved
2026-02-17_DU2f5ink-K8,daikuinterior_DU2f5ink-K8_0.jpg,dapur,dapur,0.9707,moved
2026-02-17_DU2f5ink-K8,daikuinterior_DU2f5ink-K8_1.jpg,dapur,dapur,0.837,moved
2026-02-17_DU2f5ink-K8,daikuinterior_DU2f5ink-K8_2.jpg,dapur,dapur,0.8665,moved
2026-02-17_DU2f5ink-K8,daikuinterior_DU2f5ink-K8_3.jpg,dapur,dapur,0.6335,moved
2026-02-18_DU5EwVjE9Lh,daikuinterior_DU5EwVjE9Lh_0.jpg,kamar-mandi,kamar-mandi,0.9882,moved
2026-02-18_DU5EwVjE9Lh,daikuinterior_DU5EwVjE9Lh_1.jpg,kamar-mandi,kamar-mandi,0.837,moved
2026-02-18_DU5EwVjE9Lh,daikuinterior_DU5EwVjE9Lh_2.jpg,kamar-mandi,kamar-mandi,0.919,moved
2026-02-18_DU5EwVjE9Lh,daikuinterior_DU5EwVjE9Lh_3.jpg,perlu-ditinjau,perlu-ditinjau,0.3035,moved
2026-02-19_DU7pjtUEyvq,daikuinterior_DU7pjtUEyvq_0.jpg,kamar-mandi,kamar-tidur,0.8309,moved
2026-02-19_DU7pjtUEyvq,daikuinterior_DU7pjtUEyvq_1.jpg,kamar-tidur,kamar-tidur,0.5197,moved
2026-02-19_DU7pjtUEyvq,daikuinterior_DU7pjtUEyvq_2.jpg,perlu-ditinjau,perlu-ditinjau,0.2357,moved
2026-02-19_DU7pjtUEyvq,daikuinterior_DU7pjtUEyvq_3.jpg,kamar-tidur,kamar-tidur,0.4149,moved
2026-02-20_DU-OXIVEyBb,daikuinterior_DU-OXIVEyBb_0.jpg,ruang-usaha,ruang-usaha,0.9103,moved
2026-02-20_DU-OXIVEyBb,daikuinterior_DU-OXIVEyBb_1.jpg,ruang-usaha,ruang-usaha,0.9584,moved
2026-02-20_DU-OXIVEyBb,daikuinterior_DU-OXIVEyBb_2.jpg,ruang-usaha,ruang-usaha,0.8799,moved
2026-02-20_DU-OXIVEyBb,daikuinterior_DU-OXIVEyBb_3.jpg,ruang-usaha,ruang-usaha,0.7565,moved
2026-02-21_DVAzDfhE_Nf,daikuinterior_DVAzDfhE_Nf_0.jpg,dapur,dapur,0.9751,moved
2026-02-21_DVAzDfhE_Nf,daikuinterior_DVAzDfhE_Nf_1.jpg,perlu-ditinjau,perlu-ditinjau,0.3118,moved
2026-02-21_DVAzDfhE_Nf,daikuinterior_DVAzDfhE_Nf_2.jpg,dapur,dapur,0.7562,moved
2026-02-21_DVAzDfhE_Nf,daikuinterior_DVAzDfhE_Nf_3.jpg,dapur,dapur,0.5625,moved
2026-02-22_DVDX7nkE2xJ,daikuinterior_DVDX7nkE2xJ_0.jpg,ruang-kerja,ruang-usaha,0.4913,moved
2026-02-22_DVDX7nkE2xJ,daikuinterior_DVDX7nkE2xJ_1.jpg,ruang-usaha,ruang-usaha,0.8876,moved
2026-02-22_DVDX7nkE2xJ,daikuinterior_DVDX7nkE2xJ_2.jpg,ruang-usaha,ruang-usaha,0.6692,moved
2026-02-22_DVDX7nkE2xJ,daikuinterior_DVDX7nkE2xJ_3.jpg,ruang-usaha,ruang-usaha,0.3817,moved
2026-02-23_DVF8pHbk0Gm,daikuinterior_DVF8pHbk0Gm_0.jpg,furnitur-detail,furnitur-detail,0.497,moved
2026-02-23_DVF8pHbk0Gm,daikuinterior_DVF8pHbk0Gm_1.jpg,furnitur-detail,furnitur-detail,0.5948,moved
2026-02-23_DVF8pHbk0Gm,daikuinterior_DVF8pHbk0Gm_2.jpg,furnitur-detail,furnitur-detail,0.6395,moved
2026-02-23_DVGDkXdk2rI,daikuinterior_DVGDkXdk2rI_0.jpg,kamar-tidur,kamar-tidur,0.916,moved
2026-02-23_DVGDkXdk2rI,daikuinterior_DVGDkXdk2rI_1.jpg,kamar-tidur,kamar-tidur,0.6286,moved
2026-02-23_DVGDkXdk2rI,daikuinterior_DVGDkXdk2rI_2.jpg,kamar-tidur,kamar-tidur,0.564,moved
2026-02-23_DVGKduXE45i,daikuinterior_DVGKduXE45i_0.jpg,kamar-mandi,kamar-mandi,0.6427,moved
2026-02-23_DVGKduXE45i,daikuinterior_DVGKduXE45i_1.jpg,perlu-ditinjau,perlu-ditinjau,0.2551,moved
2026-02-23_DVGKduXE45i,daikuinterior_DVGKduXE45i_2.jpg,perlu-ditinjau,perlu-ditinjau,0.3353,moved
2026-02-24_DVIf1nyAUSo,daikuinterior_DVIf1nyAUSo_0.jpg,kamar-tidur,kamar-tidur,0.9308,moved
2026-02-24_DVIf1nyAUSo,daikuinterior_DVIf1nyAUSo_1.jpg,kamar-tidur,kamar-tidur,0.8247,moved
2026-02-24_DVIf1nyAUSo,daikuinterior_DVIf1nyAUSo_2.jpg,kamar-tidur,kamar-tidur,0.8191,moved
2026-02-25_DVLGPnqE8FV,daikuinterior_DVLGPnqE8FV_0.jpg,dapur,dapur,0.9642,moved
2026-02-25_DVLGPnqE8FV,daikuinterior_DVLGPnqE8FV_1.jpg,dapur,dapur,0.7606,moved
2026-02-25_DVLGPnqE8FV,daikuinterior_DVLGPnqE8FV_2.jpg,dapur,dapur,0.5952,moved
2026-02-25_DVLGPnqE8FV,daikuinterior_DVLGPnqE8FV_3.jpg,dapur,dapur,0.4688,moved
2026-02-26_DVNpLMzk3Nr,daikuinterior_DVNpLMzk3Nr_0.jpg,kamar-tidur,kamar-tidur,0.6838,moved
2026-02-26_DVNpLMzk3Nr,daikuinterior_DVNpLMzk3Nr_1.jpg,kamar-tidur,kamar-tidur,0.357,moved
2026-02-26_DVNpLMzk3Nr,daikuinterior_DVNpLMzk3Nr_2.jpg,furnitur-detail,kamar-tidur,0.537,moved
2026-02-26_DVNpLMzk3Nr,daikuinterior_DVNpLMzk3Nr_3.jpg,perlu-ditinjau,perlu-ditinjau,0.4062,moved
2026-02-27_DVQPhYxE889,daikuinterior_DVQPhYxE889_0.jpg,ruang-usaha,ruang-usaha,0.7746,moved
2026-02-27_DVQPhYxE889,daikuinterior_DVQPhYxE889_1.jpg,ruang-usaha,ruang-usaha,0.6019,moved
2026-02-27_DVQPhYxE889,daikuinterior_DVQPhYxE889_2.jpg,ruang-usaha,ruang-usaha,0.7765,moved
2026-02-27_DVQPhYxE889,daikuinterior_DVQPhYxE889_3.jpg,furnitur-detail,ruang-usaha,0.4257,moved
2026-03-02_DVX-QRnkxvr,daikuinterior_DVX-QRnkxvr_0.jpg,perlu-ditinjau,perlu-ditinjau,0.3305,moved
2026-03-02_DVX-QRnkxvr,daikuinterior_DVX-QRnkxvr_1.jpg,furnitur-detail,furnitur-detail,0.5236,moved
2026-03-03_DVajASpkxc0,daikuinterior_DVajASpkxc0_0.jpg,perlu-ditinjau,perlu-ditinjau,0.3067,moved
2026-03-03_DVajASpkxc0,daikuinterior_DVajASpkxc0_1.jpg,perlu-ditinjau,perlu-ditinjau,0.3199,moved
2026-03-04_DVdH0iOk8u5,daikuinterior_DVdH0iOk8u5_0.jpg,dapur,dapur,0.9567,moved
2026-03-04_DVdH0iOk8u5,daikuinterior_DVdH0iOk8u5_1.jpg,furnitur-detail,dapur,0.4984,moved
2026-03-05_DVfsnPQk255,daikuinterior_DVfsnPQk255_0.jpg,perlu-ditinjau,perlu-ditinjau,0.2721,moved
2026-03-05_DVfsnPQk255,daikuinterior_DVfsnPQk255_1.jpg,furnitur-detail,furnitur-detail,0.3964,moved
2026-03-06_DViRbvkE3wP,daikuinterior_DViRbvkE3wP_0.jpg,kamar-mandi,kamar-mandi,0.4597,moved
2026-03-06_DViRbvkE3wP,daikuinterior_DViRbvkE3wP_1.jpg,dapur,kamar-mandi,0.4089,moved
2026-03-07_DVk2LpEE8cW,daikuinterior_DVk2LpEE8cW_0.jpg,ruang-usaha,ruang-usaha,0.5715,moved
2026-03-07_DVk2LpEE8cW,daikuinterior_DVk2LpEE8cW_1.jpg,furnitur-detail,ruang-usaha,0.5531,moved
2026-03-08_DVna_Ndk3BV,daikuinterior_DVna_Ndk3BV_0.jpg,ruang-makan,ruang-makan,0.6571,moved
2026-03-08_DVna_Ndk3BV,daikuinterior_DVna_Ndk3BV_1.jpg,furnitur-detail,ruang-makan,0.3927,moved
2026-03-09_DVp_2cIE0DT,daikuinterior_DVp_2cIE0DT_0.jpg,dapur,dapur,0.8768,moved
2026-03-09_DVp_2cIE0DT,daikuinterior_DVp_2cIE0DT_1.jpg,dapur,dapur,0.8224,moved
2026-03-09_DVp_2cIE0DT,daikuinterior_DVp_2cIE0DT_2.jpg,dapur,dapur,0.7337,moved
2026-03-09_DVp_2cIE0DT,daikuinterior_DVp_2cIE0DT_3.jpg,dapur,dapur,0.6929,moved
2026-03-10_DVskq6QE1uf,daikuinterior_DVskq6QE1uf_0.jpg,furnitur-detail,furnitur-detail,0.6648,moved
2026-03-10_DVskq6QE1uf,daikuinterior_DVskq6QE1uf_1.jpg,kamar-tidur,furnitur-detail,0.5873,moved
2026-03-10_DVskq6QE1uf,daikuinterior_DVskq6QE1uf_2.jpg,promosi,promosi,0.4544,moved
2026-03-11_DVvJdabkwZp,daikuinterior_DVvJdabkwZp_0.jpg,kamar-tidur,kamar-tidur,0.8704,moved
2026-03-11_DVvJdabkwZp,daikuinterior_DVvJdabkwZp_1.jpg,kamar-tidur,kamar-tidur,0.4203,moved
2026-03-11_DVvJdabkwZp,daikuinterior_DVvJdabkwZp_2.jpg,furnitur-detail,kamar-tidur,0.393,moved
2026-03-11_DVvJdabkwZp,daikuinterior_DVvJdabkwZp_3.jpg,furnitur-detail,kamar-tidur,0.6569,moved
2026-03-12_DVxuKZlEyFD,daikuinterior_DVxuKZlEyFD_0.jpg,furnitur-detail,furnitur-detail,0.4816,moved
2026-03-12_DVxuKZlEyFD,daikuinterior_DVxuKZlEyFD_1.jpg,furnitur-detail,furnitur-detail,0.4628,moved
2026-03-12_DVxuKZlEyFD,daikuinterior_DVxuKZlEyFD_2.jpg,kamar-mandi,furnitur-detail,0.4954,moved
2026-03-12_DVxuKZlEyFD,daikuinterior_DVxuKZlEyFD_3.jpg,furnitur-detail,furnitur-detail,0.4795,moved
2026-03-13_DV0TB4pE27D,daikuinterior_DV0TB4pE27D_0.jpg,ruang-usaha,ruang-usaha,0.9256,moved
2026-03-13_DV0TB4pE27D,daikuinterior_DV0TB4pE27D_1.jpg,ruang-usaha,ruang-usaha,0.6886,moved
2026-03-13_DV0TB4pE27D,daikuinterior_DV0TB4pE27D_2.jpg,ruang-usaha,ruang-usaha,0.5286,moved
2026-03-13_DV0TB4pE27D,daikuinterior_DV0TB4pE27D_3.jpg,furnitur-detail,ruang-usaha,0.6899,moved
2026-03-14_DV232DrExXA,daikuinterior_DV232DrExXA_0.jpg,dapur,dapur,0.978,moved
2026-03-14_DV232DrExXA,daikuinterior_DV232DrExXA_1.jpg,dapur,dapur,0.4887,moved
2026-03-14_DV232DrExXA,daikuinterior_DV232DrExXA_2.jpg,promosi,promosi,0.4106,moved
2026-03-15_DV5cko6E4VG,daikuinterior_DV5cko6E4VG_0.jpg,ruang-usaha,ruang-usaha,0.9461,moved
2026-03-15_DV5cko6E4VG,daikuinterior_DV5cko6E4VG_1.jpg,ruang-usaha,ruang-usaha,0.5212,moved
2026-03-15_DV5cko6E4VG,daikuinterior_DV5cko6E4VG_2.jpg,ruang-usaha,ruang-usaha,0.9129,moved
2026-03-15_DV5cko6E4VG,daikuinterior_DV5cko6E4VG_3.jpg,ruang-makan,ruang-usaha,0.608,moved
2026-03-16_DV8Ah2jE2AQ,daikuinterior_DV8Ah2jE2AQ_0.jpg,dapur,dapur,0.9504,moved
2026-03-16_DV8Ah2jE2AQ,daikuinterior_DV8Ah2jE2AQ_1.jpg,perlu-ditinjau,perlu-ditinjau,0.3374,moved
2026-03-16_DV8Ah2jE2AQ,daikuinterior_DV8Ah2jE2AQ_2.jpg,furnitur-detail,dapur,0.6514,moved
2026-03-21_DWJisTHkzZQ,daikuinterior_DWJisTHkzZQ_0.jpg,eksterior,eksterior,0.6814,moved
2026-03-21_DWJisTHkzZQ,daikuinterior_DWJisTHkzZQ_1.jpg,ruang-usaha,eksterior,0.5867,moved
2026-03-22_DWLqw8wkwkk,daikuinterior_DWLqw8wkwkk_0.jpg,furnitur-detail,furnitur-detail,0.6601,moved
2026-03-22_DWLqw8wkwkk,daikuinterior_DWLqw8wkwkk_1.jpg,furnitur-detail,furnitur-detail,0.7251,moved
2026-03-24_DWQTG_WE3KQ,daikuinterior_DWQTG_WE3KQ_0.jpg,furnitur-detail,furnitur-detail,0.5,moved
2026-03-24_DWQTG_WE3KQ,daikuinterior_DWQTG_WE3KQ_1.jpg,kamar-mandi,furnitur-detail,0.913,moved
2026-03-25_DWS37g8kwPN,daikuinterior_DWS37g8kwPN_0.jpg,dapur,dapur,0.9857,moved
2026-03-25_DWS37g8kwPN,daikuinterior_DWS37g8kwPN_1.jpg,kamar-mandi,dapur,0.4158,moved
2026-03-25_DWS37g8kwPN,daikuinterior_DWS37g8kwPN_2.jpg,dapur,dapur,0.6624,moved
2026-03-26_DWVct5tE-hj,daikuinterior_DWVct5tE-hj_0.jpg,kamar-tidur,kamar-tidur,0.8425,moved
2026-03-26_DWVct5tE-hj,daikuinterior_DWVct5tE-hj_1.jpg,kamar-tidur,kamar-tidur,0.7146,moved
2026-03-26_DWVct5tE-hj,daikuinterior_DWVct5tE-hj_2.jpg,kamar-tidur,kamar-tidur,0.6149,moved
2026-03-27_DWYBizdEyhk,daikuinterior_DWYBizdEyhk_0.jpg,furnitur-detail,furnitur-detail,0.4995,moved
2026-03-27_DWYBizdEyhk,daikuinterior_DWYBizdEyhk_1.jpg,furnitur-detail,furnitur-detail,0.486,moved
2026-03-28_DWamUNLE10r,daikuinterior_DWamUNLE10r_0.jpg,dapur,dapur,0.987,moved
2026-03-28_DWamUNLE10r,daikuinterior_DWamUNLE10r_1.jpg,dapur,dapur,0.9136,moved
2026-03-28_DWamUNLE10r,daikuinterior_DWamUNLE10r_2.jpg,ruang-usaha,dapur,0.4344,moved
2026-03-29_DWdLK46E5AG,daikuinterior_DWdLK46E5AG_0.jpg,perlu-ditinjau,perlu-ditinjau,0.3173,moved
2026-03-29_DWdLK46E5AG,daikuinterior_DWdLK46E5AG_1.jpg,furnitur-detail,furnitur-detail,0.7158,moved
2026-03-31_DWio7QiE15x,daikuinterior_DWio7QiE15x_0.jpg,furnitur-detail,furnitur-detail,0.5033,moved
2026-03-31_DWio7QiE15x,daikuinterior_DWio7QiE15x_1.jpg,ruang-usaha,furnitur-detail,0.4995,moved
2026-03-31_DWio7QiE15x,daikuinterior_DWio7QiE15x_2.jpg,perlu-ditinjau,perlu-ditinjau,0.3097,moved
2026-04-01_DWlHgcykxK9,daikuinterior_DWlHgcykxK9_0.jpg,perlu-ditinjau,perlu-ditinjau,0.3322,moved
2026-04-01_DWlHgcykxK9,daikuinterior_DWlHgcykxK9_1.jpg,furnitur-detail,furnitur-detail,0.8122,moved
2026-04-01_DWlHgcykxK9,daikuinterior_DWlHgcykxK9_2.jpg,kamar-mandi,furnitur-detail,0.5271,moved
2026-04-02_DWn3JlLE5CX,daikuinterior_DWn3JlLE5CX_0.jpg,kamar-tidur,kamar-tidur,0.6743,moved
2026-04-02_DWn3JlLE5CX,daikuinterior_DWn3JlLE5CX_1.jpg,kamar-tidur,kamar-tidur,0.5482,moved
2026-04-02_DWn3JlLE5CX,daikuinterior_DWn3JlLE5CX_2.jpg,furnitur-detail,kamar-tidur,0.6449,moved
2026-04-02_DWn3JlLE5CX,daikuinterior_DWn3JlLE5CX_3.jpg,ruang-usaha,kamar-tidur,0.6885,moved
2026-04-08_DW2jkr3k7us,daikuinterior_DW2jkr3k7us_0.jpg,ruang-usaha,ruang-usaha,0.989,moved
2026-04-08_DW2jkr3k7us,daikuinterior_DW2jkr3k7us_1.jpg,ruang-usaha,ruang-usaha,0.7704,moved
2026-04-08_DW2t5ZYE_kU,daikuinterior_DW2t5ZYE_kU_0.jpg,ruang-usaha,ruang-usaha,0.5709,moved
2026-04-08_DW2t5ZYE_kU,daikuinterior_DW2t5ZYE_kU_1.jpg,ruang-usaha,ruang-usaha,0.989,moved
2026-04-09_DW6A9A2E7tm,daikuinterior_DW6A9A2E7tm_0.jpg,dapur,dapur,0.9896,moved
2026-04-09_DW6A9A2E7tm,daikuinterior_DW6A9A2E7tm_1.jpg,furnitur-detail,dapur,0.638,moved
2026-04-10_DW87L4Nk_rW,daikuinterior_DW87L4Nk_rW_0.jpg,ruang-usaha,ruang-usaha,0.4052,moved
2026-04-10_DW87L4Nk_rW,daikuinterior_DW87L4Nk_rW_1.jpg,ruang-usaha,ruang-usaha,0.8758,moved
2026-04-13_DXEHlxaE-0L,daikuinterior_DXEHlxaE-0L_0.jpg,kamar-tidur,kamar-tidur,0.9556,moved
2026-04-13_DXEHlxaE-0L,daikuinterior_DXEHlxaE-0L_1.jpg,kamar-tidur,kamar-tidur,0.5452,moved
2026-04-14_DXGsZ88E3yb,daikuinterior_DXGsZ88E3yb_0.jpg,kamar-tidur,kamar-tidur,0.9311,moved
2026-04-14_DXGsZ88E3yb,daikuinterior_DXGsZ88E3yb_1.jpg,furnitur-detail,kamar-tidur,0.7764,moved
2026-04-15_DXJKXFMk9N5,daikuinterior_DXJKXFMk9N5_0.jpg,ruang-usaha,ruang-usaha,0.4398,moved
2026-04-15_DXJKXFMk9N5,daikuinterior_DXJKXFMk9N5_1.jpg,perlu-ditinjau,perlu-ditinjau,0.2801,moved
2026-04-16_DXLvKX5E3zx,daikuinterior_DXLvKX5E3zx_0.jpg,perlu-ditinjau,perlu-ditinjau,0.2703,moved
2026-04-16_DXLvKX5E3zx,daikuinterior_DXLvKX5E3zx_1.jpg,furnitur-detail,furnitur-detail,0.6324,moved
2026-04-17_DXOcQArk8R-,daikuinterior_DXOcQArk8R-_0.jpg,kamar-tidur,kamar-tidur,0.8214,moved
2026-04-17_DXOcQArk8R-,daikuinterior_DXOcQArk8R-_1.jpg,furnitur-detail,kamar-tidur,0.5497,moved
2026-04-18_DXRmZ77Ezpy,daikuinterior_DXRmZ77Ezpy_0.jpg,kamar-tidur,kamar-tidur,0.7468,moved
2026-04-18_DXRmZ77Ezpy,daikuinterior_DXRmZ77Ezpy_1.jpg,kamar-tidur,kamar-tidur,0.5623,moved
2026-04-20_DXWJLCBk5Cj,daikuinterior_DXWJLCBk5Cj_0.jpg,kamar-mandi,kamar-mandi,0.9404,moved
2026-04-20_DXWJLCBk5Cj,daikuinterior_DXWJLCBk5Cj_1.jpg,kamar-mandi,kamar-mandi,0.9165,moved
2026-04-21_DXYu1zZE8Oj,daikuinterior_DXYu1zZE8Oj_0.jpg,furnitur-detail,furnitur-detail,0.5225,moved
2026-04-21_DXYu1zZE8Oj,daikuinterior_DXYu1zZE8Oj_1.jpg,furnitur-detail,furnitur-detail,0.3725,moved
2026-04-21_DXYu1zZE8Oj,daikuinterior_DXYu1zZE8Oj_2.jpg,furnitur-detail,furnitur-detail,0.3428,moved
2026-04-22_DXbUWLnE-il,daikuinterior_DXbUWLnE-il_0.jpg,ruang-usaha,ruang-usaha,0.5424,moved
2026-04-22_DXbUWLnE-il,daikuinterior_DXbUWLnE-il_1.jpg,furnitur-detail,ruang-usaha,0.6653,moved
2026-04-23_DXd3pA-E0mq,daikuinterior_DXd3pA-E0mq_0.jpg,kamar-tidur,kamar-tidur,0.9382,moved
2026-04-23_DXd3pA-E0mq,daikuinterior_DXd3pA-E0mq_1.jpg,furnitur-detail,kamar-tidur,0.5193,moved
2026-04-24_DXgcY-gE0EU,daikuinterior_DXgcY-gE0EU_0.jpg,furnitur-detail,furnitur-detail,0.4606,moved
2026-04-24_DXgcY-gE0EU,daikuinterior_DXgcY-gE0EU_1.jpg,furnitur-detail,furnitur-detail,0.7634,moved
2026-04-24_DXgcY-gE0EU,daikuinterior_DXgcY-gE0EU_2.jpg,furnitur-detail,furnitur-detail,0.7529,moved
2026-04-25_DXjTvvMkzh2,daikuinterior_DXjTvvMkzh2_0.jpg,kamar-mandi,kamar-mandi,0.4187,moved
2026-04-25_DXjTvvMkzh2,daikuinterior_DXjTvvMkzh2_1.jpg,furnitur-detail,kamar-mandi,0.8566,moved
2026-04-27_DXoMB0Ok0FL,daikuinterior_DXoMB0Ok0FL_0.jpg,kamar-tidur,kamar-tidur,0.9365,moved
2026-04-27_DXoMB0Ok0FL,daikuinterior_DXoMB0Ok0FL_1.jpg,furnitur-detail,kamar-tidur,0.6947,moved
2026-04-28_DXrBV-Xkyrm,daikuinterior_DXrBV-Xkyrm_0.jpg,furnitur-detail,furnitur-detail,0.4387,moved
2026-04-28_DXrBV-Xkyrm,daikuinterior_DXrBV-Xkyrm_1.jpg,kamar-tidur,furnitur-detail,0.8173,moved
2026-04-29_DXtbJ-5k3jd,daikuinterior_DXtbJ-5k3jd_0.jpg,ruang-usaha,ruang-usaha,0.4973,moved
2026-04-29_DXtbJ-5k3jd,daikuinterior_DXtbJ-5k3jd_1.jpg,ruang-usaha,ruang-usaha,0.7708,moved
2026-04-30_DXv7K_2E2zb,daikuinterior_DXv7K_2E2zb_0.jpg,dapur,dapur,0.4328,moved
2026-04-30_DXv7K_2E2zb,daikuinterior_DXv7K_2E2zb_1.jpg,dapur,dapur,0.654,moved
2026-05-08_DYEpbDrEyH_,daikuinterior_DYEpbDrEyH__0.jpg,furnitur-detail,furnitur-detail,0.4729,moved
2026-05-08_DYEpbDrEyH_,daikuinterior_DYEpbDrEyH__1.jpg,furnitur-detail,furnitur-detail,0.6386,moved
2026-05-19_DYg1Vdyk4Vf,daikuinterior_DYg1Vdyk4Vf_0.jpg,furnitur-detail,furnitur-detail,0.4456,moved
2026-05-19_DYg1Vdyk4Vf,daikuinterior_DYg1Vdyk4Vf_1.jpg,furnitur-detail,furnitur-detail,0.7538,moved
2026-05-26_DYy12zfkxDd,daikuinterior_DYy12zfkxDd_0.jpg,furnitur-detail,furnitur-detail,0.8019,moved
2026-05-26_DYy12zfkxDd,daikuinterior_DYy12zfkxDd_1.jpg,furnitur-detail,furnitur-detail,0.6523,moved
2026-05-27_DY1alnek60L,daikuinterior_DY1alnek60L_0.jpg,ruang-usaha,ruang-usaha,0.9996,moved
2026-05-27_DY1alnek60L,daikuinterior_DY1alnek60L_1.jpg,ruang-usaha,ruang-usaha,0.9876,moved
2026-06-04_DZJsWOqTV9C,daikuinterior_DZJsWOqTV9C_0.jpg,promosi,promosi,0.9586,moved
2026-06-04_DZKBAk7k5k6,daikuinterior_DZKBAk7k5k6_0.jpg,eksterior,eksterior,0.8613,moved
2026-06-04_DZKBAk7k5k6,daikuinterior_DZKBAk7k5k6_1.jpg,eksterior,eksterior,0.8023,moved
